method,lookback,q,fee_bps,period,ann_return,ann_vol,sharpe,max_drawdown,total_return,hit_rate,avg_abs_position,turnover_per_bar,ic,horizon
equal_weight,-1,0.6,2.0,train,0.6602013243717952,0.5996806071104637,1.1009215848298783,-0.48051203930392905,2.471006943170993,0.39186262848080033,0.8000121999573001,0.11288010491963278,0.15143236039763064,1h
equal_weight,-1,0.6,2.0,valid,0.1854356354780447,0.4798033233517236,0.38648259912553723,-0.31797584466457574,0.23135000686524765,0.3670052154817458,0.7623753316863391,0.13743251898618355,0.17076161026522785,1h
equal_weight,-1,0.6,2.0,test,-0.10088163855900587,0.3850800353069703,-0.26197576947500556,-0.44324234294475184,-0.12586020865425496,0.36334522829170096,0.7505718729984445,0.13487052795315216,0.18326793296380905,1h
equal_weight,288,0.6,2.0,train,0.3051562171017556,0.600046474338424,0.5085543039615439,-0.52462681809836,1.1421411975018163,0.38777564278525023,0.8106871625949309,0.16933540732607436,0.15143236039763064,1h
equal_weight,288,0.6,2.0,valid,-0.23901407159414312,0.4874715232888454,-0.49031391614750425,-0.510067470834093,-0.2981946105539307,0.38512215207246775,0.8119681581114466,0.17686888095891665,0.17076161026522785,1h
equal_weight,288,0.6,2.0,test,-0.00964931731413836,0.382977911591367,-0.025195493061318037,-0.4212463472043544,-0.012038514717605864,0.3905206331777839,0.8040991856528502,0.17522188672339647,0.18326793296380905,1h
equal_weight,576,0.6,2.0,train,0.30710728947665666,0.6030783103009381,0.509232854558157,-0.6552571963540657,1.1494436872228047,0.39427212004757983,0.8185866349467776,0.15277396529112147,0.15143236039763064,1h
equal_weight,576,0.6,2.0,valid,0.09949482182794368,0.4955375373498203,0.20078160447753568,-0.38742045476515563,0.12413001230109844,0.3844816543142099,0.8068441760453838,0.16113093604172385,0.17076161026522785,1h
equal_weight,576,0.6,2.0,test,-0.21940858094546253,0.3835978726740978,-0.5719754893736614,-0.585171681955492,-0.2737347467069363,0.3867691463079879,0.8021776923780767,0.17028090401683593,0.18326793296380905,1h
equal_weight,1152,0.6,2.0,train,0.3249856386032307,0.5970052820331382,0.5443597374825097,-0.6449071939543767,1.216358919279077,0.3975356086253698,0.8193186323847866,0.1350840272059048,0.15143236039763064,1h
equal_weight,1152,0.6,2.0,valid,0.11348831151067706,0.49612614382578596,0.2287489037274527,-0.49511444435645413,0.1415883283676047,0.39655961204135787,0.8233141184005855,0.14228200201299296,0.17076161026522785,1h
equal_weight,1152,0.6,2.0,test,-0.09526978192209733,0.3895016369357352,-0.24459404759270914,-0.5882016077957976,-0.11885884093910282,0.3899716350992771,0.8113276603531888,0.16332692835575074,0.18326793296380905,1h
equal_weight,-1,0.65,2.0,train,0.6395244318103865,0.573138777349355,1.1158282375658668,-0.46760136849445333,2.3936172997451015,0.34269680056119806,0.7000335498825754,0.10894561869033459,0.15143236039763064,1h
equal_weight,-1,0.65,2.0,valid,0.09611307729273601,0.45075156781445164,0.21322849249034714,-0.2985151661075085,0.1199109385539161,0.31146490987281544,0.6455302406441578,0.12590355933754233,0.17076161026522785,1h
equal_weight,-1,0.65,2.0,test,-0.3098070687058948,0.36289511526809987,-0.8537096689136071,-0.690895904609889,-0.3865161477039396,0.30359593741421903,0.6323542867599964,0.13121054076310734,0.18326793296380905,1h
equal_weight,288,0.65,2.0,train,0.30763999669641984,0.5768964167676066,0.5332673037217834,-0.5652199788119676,1.1514375081833492,0.3425138012016958,0.7186384847653033,0.16354042760850337,0.15143236039763064,1h
equal_weight,288,0.65,2.0,valid,-0.3117831645494586,0.46372529351009606,-0.6723445300761248,-0.5041193602371901,-0.3889815302923558,0.3396468112361607,0.7177234879677921,0.17430688992588525,0.17076161026522785,1h
equal_weight,288,0.65,2.0,test,0.08962364497951222,0.361063849574864,0.24822104202633394,-0.3658189821404645,0.1118147050206677,0.3423003019489432,0.7058285296001464,0.16552292066977767,0.18326793296380905,1h
equal_weight,576,0.65,2.0,train,0.36487235516138405,0.5790951343848896,0.6300732530742962,-0.533569383003976,1.3656472498489527,0.35160276939030716,0.7313569402507091,0.1459419892030378,0.15143236039763064,1h
equal_weight,576,0.65,2.0,valid,0.008142340372799243,0.46940274121974385,0.01734617133176802,-0.3507953806466194,0.010158406156882904,0.34092780675267637,0.716899990850032,0.15143196998810504,0.17076161026522785,1h
equal_weight,576,0.65,2.0,test,-0.11175536666857072,0.36487422750965837,-0.30628462698317743,-0.48943172007601665,-0.13942630163479386,0.3379083173208894,0.7031750388873639,0.1669869155457956,0.18326793296380905,1h
equal_weight,1152,0.65,2.0,train,0.28150067231900033,0.5724358591549723,0.49175932607462886,-0.5470380390292828,1.0536030300597763,0.3526702656540702,0.7291304480434319,0.13343703297038462,0.15143236039763064,1h
equal_weight,1152,0.65,2.0,valid,0.04615662005927576,0.4733066048045733,0.09751949284192574,-0.37093635140996095,0.05758512564244578,0.35053527312654403,0.7313569402507091,0.13752401866593467,0.17076161026522785,1h
equal_weight,1152,0.65,2.0,test,-0.04471026352237332,0.3693621012071373,-0.12104724165325213,-0.5445246375834855,-0.055780647264381145,0.3432152987464544,0.7136060023789916,0.15728794949217678,0.18326793296380905,1h
equal_weight,-1,0.7,2.0,train,0.5458986054132732,0.5462487823444317,0.9993589424041265,-0.4224510053285757,2.0431937871786903,0.2927074755238357,0.5999939000213499,0.1007106475127337,0.15143236039763064,1h
equal_weight,-1,0.7,2.0,valid,-0.11449513978423323,0.42265191471236935,-0.27089700956909546,-0.314143301183045,-0.14284445008012892,0.2556501052246317,0.5316131393540122,0.11730258944093695,0.17076161026522785,1h
equal_weight,-1,0.7,2.0,test,-0.256130028712892,0.33558144488752467,-0.7632425231339531,-0.5894513646426245,-0.31954852554829105,0.24576813981151066,0.5145026992405527,0.11840058559795041,0.18326793296380905,1h
equal_weight,288,0.7,2.0,train,0.3022398866054295,0.5448579018839215,0.5547132299272771,-0.806160714839939,1.131225931750322,0.29536096623661817,0.6236313172903895,0.15365846219538232,0.15143236039763064,1h
equal_weight,288,0.7,2.0,valid,-0.3035930392430031,0.43660978664070577,-0.695341809854655,-0.569435551681355,-0.37876350752132226,0.2945374691188581,0.6220148229481197,0.16113093604172385,0.17076161026522785,1h
equal_weight,288,0.7,2.0,test,0.06921278827593068,0.3424589111844871,0.20210537969807665,-0.26601205694711405,0.0863500642771231,0.2969164607923872,0.6148778479275323,0.15820294628968798,0.18326793296380905,1h
equal_weight,576,0.7,2.0,train,0.3372901212014529,0.5491299960294467,0.6142263646864521,-0.5568202237532378,1.2624122378804294,0.3072559246042639,0.6420227529203648,0.13962851130021045,0.15143236039763064,1h
equal_weight,576,0.7,2.0,valid,-0.1443003541258785,0.4488177893896397,-0.3215121092283725,-0.46113437212694997,-0.18002951715088655,0.2968249611126361,0.6288772989294538,0.14703998536005125,0.17076161026522785,1h
equal_weight,576,0.7,2.0,test,0.10407479168246321,0.3427446304595895,0.30365112224488633,-0.30928079171345924,0.12984399523945145,0.29179247872632447,0.6025253911611309,0.15015097447158934,0.18326793296380905,1h
equal_weight,1152,0.7,2.0,train,0.16716811411356966,0.5439364076754777,0.3073302536007209,-0.5290538504365376,0.6256781914888319,0.30649342727300455,0.6372952694665569,0.1254765608320371,0.15143236039763064,1h
equal_weight,1152,0.7,2.0,valid,0.06796378945438337,0.4535320414189791,0.1498544386009488,-0.40546002635515865,0.08479180992544966,0.3069814255650105,0.6444322444871443,0.13075304236435173,0.17076161026522785,1h
equal_weight,1152,0.7,2.0,test,0.07271694243794982,0.3518716588258677,0.20665757134460092,-0.34253298335667204,0.09072185661008447,0.29993595022417424,0.6216488242291152,0.14411199560801538,0.18326793296380905,1h
equal_weight,-1,0.75,2.0,train,0.35375060101723443,0.5167623221731334,0.6845518448976928,-0.5045046700292777,1.324020657026535,0.24372464696373564,0.5000152499466252,0.09698966053618813,0.15143236039763064,1h
equal_weight,-1,0.75,2.0,valid,-0.11078818837619775,0.3858829158907024,-0.28710311810636735,-0.365146149861558,-0.1382196473474292,0.2034952877664928,0.424650013724952,0.10449263427578004,0.17076161026522785,1h
equal_weight,-1,0.75,2.0,test,-0.06592898965419777,0.3133561958113323,-0.2103963174670807,-0.33934487294538185,-0.0822531881199493,0.19361332235337175,0.40452008417970536,0.09772165797419709,0.18326793296380905,1h
equal_weight,288,0.75,2.0,train,0.14978643094922503,0.511095157512508,0.29306955612382085,-0.7108058312485737,0.5606218848781594,0.2489401287095495,0.5290816482142312,0.14493549272577547,0.15143236039763064,1h
equal_weight,288,0.75,2.0,valid,-0.2398445073614359,0.4089667938620008,-0.5864645026470475,-0.5485262572855449,-0.2992306644923688,0.2494281270015555,0.5286851496019764,0.1525299661451185,0.17076161026522785,1h
equal_weight,288,0.75,2.0,test,-0.11548639242939575,0.31642750794595875,-0.36496950969610126,-0.3305720310879199,-0.14408113959599478,0.2468661359685241,0.5204501784243755,0.14941897703358037,0.18326793296380905,1h
equal_weight,576,0.75,2.0,train,0.3695776907840326,0.5179251284736425,0.7135735851882703,-0.5960519137814813,1.3832584186913905,0.2628480800317199,0.5487235794674719,0.12968554610058866,0.15143236039763064,1h
equal_weight,576,0.75,2.0,valid,-0.16073671802937511,0.42033086818944254,-0.3824052197777949,-0.5196902521699086,-0.20053556978802278,0.24970262604080887,0.5315216396742611,0.13551102571141002,0.17076161026522785,1h
equal_weight,576,0.75,2.0,test,0.20779204788770553,0.32212234318945193,0.6450718252893604,-0.23410093084314054,0.25924192823798053,0.24695763564827522,0.5102937139720011,0.13276603531887637,0.18326793296380905,1h
equal_weight,1152,0.75,2.0,train,0.2655486424438421,0.5121028058336291,0.5185455721367653,-0.6158530869279537,0.9938976415304612,0.26324457864397477,0.5469545856589502,0.11583859456491902,0.15143236039763064,1h
equal_weight,1152,0.75,2.0,valid,0.1630480213372862,0.42660847088960924,0.3821959301400677,-0.36473628747195885,0.20341915812731481,0.26031658889193887,0.5482660810687162,0.12352456766401318,0.17076161026522785,1h
equal_weight,1152,0.75,2.0,test,-0.008148283384390468,0.33086416161527843,-0.02462727708135737,-0.3575776403643238,-0.010165820674431725,0.25317961387135146,0.5264891572879495,0.1349620276329033,0.18326793296380905,1h
equal_weight,-1,0.8,2.0,train,0.3211088660625321,0.4797970214152816,0.6692598155681354,-0.49656764010813825,1.2018489031498447,0.19428432000488,0.40003659987190043,0.08607069875255437,0.15143236039763064,1h
equal_weight,-1,0.8,2.0,valid,0.09038721614773963,0.3486488255215435,0.2592500233222626,-0.3281596095292414,0.11276733850213172,0.1577454478909324,0.3250068624759813,0.08234971177600878,0.17076161026522785,1h
equal_weight,-1,0.8,2.0,test,0.19685279798902336,0.2874547678789791,0.6848131253536907,-0.2368260154865327,0.24559409009383693,0.14667398664104675,0.30405343581297467,0.08015371946198188,0.18326793296380905,1h
equal_weight,288,0.8,2.0,train,0.27782368388189094,0.4773687663824385,0.5819896554759422,-0.5472576121222374,1.0398407675155399,0.20465428371000702,0.43508097721657973,0.1295025467410864,0.15143236039763064,1h
equal_weight,288,0.8,2.0,valid,-0.004444462198582351,0.3827010722599665,-0.01161340409196255,-0.3769645281002074,-0.005544923215564768,0.20276329032848386,0.43105499130753044,0.13560252539116113,0.17076161026522785,1h
equal_weight,288,0.8,2.0,test,-0.015201628209974583,0.289846759999038,-0.052447121403133984,-0.2348554226295868,-0.01896559300306222,0.20111629609296366,0.42510751212370756,0.12855705005032483,0.18326793296380905,1h
equal_weight,576,0.8,2.0,train,0.25184034988816323,0.48580488025509566,0.5183981473301011,-0.4663837825861692,0.9425901314821665,0.21420075029737395,0.4499954250160124,0.1217555738554915,0.15143236039763064,1h
equal_weight,576,0.8,2.0,valid,-0.07423398751730655,0.39265219560759446,-0.18905786940128028,-0.5635531936516966,-0.0926145262073842,0.20669777655778204,0.4369109708116022,0.1214200750297374,0.17076161026522785,1h
equal_weight,576,0.8,2.0,test,0.012268707739567654,0.2982195297409009,0.041139853416799876,-0.28867632443960156,0.015306473388778441,0.20029279897520358,0.4198920303778937,0.12416506542227103,0.18326793296380905,1h
equal_weight,1152,0.8,2.0,train,0.3055009648576966,0.47743997896644785,0.6398730276401209,-0.610921352617317,1.1434315222362725,0.21783023759416842,0.4530454143410498,0.10595662915179797,0.15143236039763064,1h
equal_weight,1152,0.8,2.0,valid,0.04652650715665074,0.3984476185126638,0.11676944470223254,-0.3093316083267712,0.05804659779851562,0.2126452557416049,0.451184920852777,0.1118126086558697,0.17076161026522785,1h
equal_weight,1152,0.8,2.0,test,0.12213128145757678,0.3056162625538576,0.39962297960519705,-0.2958768835714304,0.15237132135272002,0.20550828072101748,0.4285844999542502,0.11647909232317687,0.18326793296380905,1h
equal_weight,-1,0.6,5.0,train,0.36355240864299965,0.601209234781094,0.6047019699811705,-0.5705552337185544,1.3607069431711496,0.39055113307103423,0.8000121999573001,0.11288010491963278,0.15143236039763064,1h
equal_weight,-1,0.6,5.0,valid,-0.17549656325926055,0.48166752728008577,-0.36435207548714554,-0.41174226243841416,-0.2189499931347556,0.36499222252722113,0.7623753316863391,0.13743251898618355,0.17076161026522785,1h
equal_weight,-1,0.6,5.0,test,-0.4553213860198903,0.38694828110869467,-1.176698303750804,-0.7732423429447487,-0.5680602086542352,0.36114923597767407,0.7505718729984445,0.13487052795315216,0.18326793296380905,1h
equal_weight,288,0.6,5.0,train,-0.13985723335116876,0.6024909005616942,-0.2321316939737708,-1.2551242425431541,-0.5234588024982395,0.38512215207246775,0.8106871625949309,0.16933540732607436,0.15143236039763064,1h
equal_weight,288,0.6,5.0,valid,-0.7038254907541771,0.4901646661494875,-1.4358960148700899,-0.8934603986605757,-0.8780946105539084,0.382285662000183,0.8119681581114466,0.17686888095891665,0.17076161026522785,1h
equal_weight,288,0.6,5.0,test,-0.4698919744648391,0.3858607600260989,-1.2177760040514523,-0.8171077412926464,-0.5862385147175719,0.3880501418245036,0.8040991856528502,0.17522188672339647,0.18326793296380905,1h
equal_weight,576,0.6,5.0,train,-0.09438269130841147,0.6052614727442546,-0.15593705457656257,-1.1056372932771221,-0.3532563127772683,0.3921066276268033,0.8185866349467776,0.15277396529112147,0.15143236039763064,1h
equal_weight,576,0.6,5.0,valid,-0.3241977392480935,0.49789051393358713,-0.6511426311113405,-0.5351599268774032,-0.40446998769890563,0.38201116296092963,0.8068441760453838,0.16113093604172385,0.17076161026522785,1h
equal_weight,576,0.6,5.0,test,-0.6666663355433222,0.386285209724106,-1.725839661372153,-0.9865716819554786,-0.8317347467069096,0.3836581571964498,0.8021776923780767,0.17028090401683593,0.18326793296380905,1h
equal_weight,1152,0.6,5.0,train,-0.030015184893887808,0.5989313531290583,-0.05011456611358949,-0.8294790607530211,-0.11234108072099325,0.39579711471009854,0.8193186323847866,0.1350840272059048,0.15143236039763064,1h
equal_weight,1152,0.6,5.0,valid,-0.2601883286210833,0.49826917633772383,-0.5221842750407849,-0.6265144443564596,-0.32461167163239946,0.3949126178058377,0.8233141184005855,0.14228200201299296,0.17076161026522785,1h
equal_weight,1152,0.6,5.0,test,-0.5247334107993971,0.39203927258239535,-1.3384715448096165,-0.9818016077957802,-0.6546588409390663,0.3872266447067435,0.8113276603531888,0.16332692835575074,0.18326793296380905,1h
equal_weight,-1,0.65,5.0,train,0.3532153458921868,0.5745869855144545,0.6147291094244618,-0.597459907775634,1.3220172997452346,0.3412633055784305,0.7000335498825754,0.10894561869033459,0.15143236039763064,1h
equal_weight,-1,0.65,5.0,valid,-0.23476147664632588,0.4525921578979181,-0.518704251829472,-0.3855151661075098,-0.29288906144608395,0.30981791563729527,0.6455302406441578,0.12590355933754233,0.17076161026522785,1h
equal_weight,-1,0.65,5.0,test,-0.6546283698313416,0.36472062044209186,-1.7948762234442392,-1.0112273799223777,-0.8167161477039206,0.3012169457406899,0.6323542867599964,0.13121054076310734,0.18326793296380905,1h
equal_weight,288,0.65,5.0,train,-0.12214424705872787,0.5791401283189475,-0.21090620574552876,-0.9369975262058383,-0.4571624918167094,0.3396773111294111,0.7186384847653033,0.16354042760850337,0.15143236039763064,1h
equal_weight,288,0.65,5.0,valid,-0.7698616712746861,0.4662272861405162,-1.6512582900235007,-0.9739702411902559,-0.9604815302923293,0.33717631988288044,0.7177234879677921,0.17430688992588525,0.17076161026522785,1h
equal_weight,288,0.65,5.0,test,-0.34561105169905015,0.36347755176587754,-0.9508456575102731,-0.7368887447169506,-0.4311852949793167,0.3394638118766584,0.7058285296001464,0.16552292066977767,0.18326793296380905,1h
equal_weight,576,0.65,5.0,train,-0.01866319246420009,0.5810904935281803,-0.03211753190261924,-0.9918841874423727,-0.0698527501511057,0.3495592765425321,0.7313569402507091,0.1459419892030378,0.15143236039763064,1h
equal_weight,576,0.65,5.0,valid,-0.3900613379143275,0.47154443384153827,-0.8271995381996323,-0.5101387847256463,-0.4866415938431148,0.3388233141184006,0.716899990850032,0.15143196998810504,0.17076161026522785,1h
equal_weight,576,0.65,5.0,test,-0.5503565195645364,0.367379909411127,-1.4980582918829242,-0.8878317200760035,-0.6866263016347602,0.3348888278891024,0.7031750388873639,0.1669869155457956,0.18326793296380905,1h
equal_weight,1152,0.65,5.0,train,-0.06917185032717112,0.5742256772977632,-0.1204610888399932,-0.8612705429369316,-0.2588969699402923,0.3511452709915515,0.7291304480434319,0.13343703297038462,0.15143236039763064,1h
equal_weight,1152,0.65,5.0,valid,-0.3154969621531873,0.4752540796429938,-0.6638490350049925,-0.4761246260566925,-0.39361487435755527,0.34870527953152164,0.7313569402507091,0.13752401866593467,0.17076161026522785,1h
equal_weight,1152,0.65,5.0,test,-0.45830345594620053,0.3717195189408188,-1.2329281423049692,-0.9213246375834725,-0.5717806472643474,0.3408363070729252,0.7136060023789916,0.15728794949217678,0.18326793296380905,1h
equal_weight,-1,0.7,5.0,train,0.2812310237498084,0.5476666857636906,0.5135076334936229,-0.6163519531620483,1.0525937871787647,0.29142648000731997,0.5999939000213499,0.1007106475127337,0.15143236039763064,1h
equal_weight,-1,0.7,5.0,valid,-0.4227663448350162,0.42448999443332514,-0.9959394812105997,-0.5412255548506493,-0.5274444500801225,0.25400311098911155,0.5316131393540122,0.11730258944093695,0.17076161026522785,1h
equal_weight,-1,0.7,5.0,test,-0.5672867676643061,0.3373675649163679,-1.6815095067154255,-0.8630590229703509,-0.7077485255482779,0.2443041449354927,0.5145026992405527,0.11840058559795041,0.18326793296380905,1h
equal_weight,288,0.7,5.0,train,-0.10157455204403598,0.5470092166556307,-0.18569075063315096,-1.1465858948693777,-0.380174068249747,0.2933174733888431,0.6236313172903895,0.15365846219538232,0.15143236039763064,1h
equal_weight,288,0.7,5.0,valid,-0.7270451391606543,0.43895981347951213,-1.6562908877638935,-0.9379491651842932,-0.9070635075213043,0.29307347424284014,0.6220148229481197,0.16113093604172385,0.17076161026522785,1h
equal_weight,288,0.7,5.0,test,-0.3467850157317559,0.3447491937347081,-1.0059052262747696,-0.6108254895163798,-0.4326499357228666,0.2947204684783603,0.6148778479275323,0.15820294628968798,0.18326793296380905,1h
equal_weight,576,0.7,5.0,train,-0.02965360649550093,0.5509671892645215,-0.053821002544788776,-0.8793374037424151,-0.11098776211963346,0.3051514319699881,0.6420227529203648,0.13962851130021045,0.15143236039763064,1h
equal_weight,576,0.7,5.0,valid,-0.5307214356520938,0.450956986068554,-1.1768781769607937,-0.6932307272851386,-0.6621295171508728,0.29517796687711595,0.6288772989294538,0.14703998536005125,0.17076161026522785,1h
equal_weight,576,0.7,5.0,test,-0.2907624303872602,0.344918490591545,-0.8429888171219652,-0.6484152043142221,-0.3627560047605398,0.28904748833379085,0.6025253911611309,0.15015097447158934,0.18326793296380905,1h
equal_weight,1152,0.7,5.0,train,-0.1625842877530245,0.5456819133792253,-0.29794699763126553,-1.0056295567948599,-0.6085218085111948,0.3046024338914814,0.6372952694665569,0.1254765608320371,0.15143236039763064,1h
equal_weight,1152,0.7,5.0,valid,-0.2756552058791336,0.45541090778365134,-0.6052889844484952,-0.6034600263551593,-0.3439081900745493,0.30533443132949034,0.6444322444871443,0.13075304236435173,0.17076161026522785,1h
equal_weight,1152,0.7,5.0,test,-0.30624984317830123,0.3540589396281564,-0.8649685374416313,-0.6479029127493391,-0.38207814338990875,0.29737395919114284,0.6216488242291152,0.14411199560801538,0.18326793296380905,1h
equal_weight,-1,0.75,5.0,train,0.09886177312813157,0.5182565521026704,0.19075836615481195,-0.8609046700292851,0.3700206570265052,0.24238265166071918,0.5000152499466252,0.09698966053618813,0.15143236039763064,1h
equal_weight,-1,0.75,5.0,valid,-0.3853948312529482,0.3875496581431633,-0.9944398689434037,-0.5609291823832965,-0.4808196473474282,0.20248879128923047,0.424650013724952,0.10449263427578004,0.17076161026522785,1h
equal_weight,-1,0.75,5.0,test,-0.3227415068103881,0.31509122078960405,-1.0242795911660527,-0.551098047118189,-0.40265318811994644,0.1924238265166072,0.40452008417970536,0.09772165797419709,0.18326793296380905,1h
equal_weight,288,0.75,5.0,train,-0.23110404393411366,0.5131655696112933,-0.450349862928582,-1.2773481121915662,-0.8649781151217855,0.24671363650227224,0.5290816482142312,0.14493549272577547,0.15143236039763064,1h
equal_weight,288,0.75,5.0,valid,-0.6406932583908082,0.41124169645975267,-1.5579481942281876,-0.8231449484167788,-0.7993306644923547,0.24787263244578644,0.5286851496019764,0.1525299661451185,0.17076161026522785,1h
equal_weight,288,0.75,5.0,test,-0.5083999252320315,0.31871634771435575,-1.595148566673701,-0.7302399798663689,-0.6342811395959644,0.2450361423735017,0.5204501784243755,0.14941897703358037,0.18326793296380905,1h
equal_weight,576,0.75,5.0,train,0.02876407563168498,0.5197317764057593,0.055344077344288846,-0.7441480285320677,0.10765841869133164,0.2610485863299478,0.5487235794674719,0.12968554610058866,0.15143236039763064,1h
equal_weight,576,0.75,5.0,valid,-0.5168596935989614,0.4224588615815551,-1.2234556795991895,-0.7476902521699003,-0.6448355697880116,0.24833013084454206,0.5315216396742611,0.13551102571141002,0.17076161026522785,1h
equal_weight,576,0.75,5.0,test,-0.14135755408868808,0.3242895429610939,-0.4358992053766199,-0.4141669693992034,-0.17635807176201734,0.24576813981151066,0.5102937139720011,0.13276603531887637,0.18326793296380905,1h
equal_weight,1152,0.75,5.0,train,-0.03887518407276581,0.5137564868027412,-0.07566850262990857,-0.8578280964238167,-0.14550235846960868,0.2616280843017049,0.5469545856589502,0.11583859456491902,0.15143236039763064,1h
equal_weight,1152,0.75,5.0,valid,-0.16157454248374117,0.4284049687963228,-0.37715375463014017,-0.4954086404246114,-0.20158084187269487,0.2582120962576631,0.5482660810687162,0.12352456766401318,0.17076161026522785,1h
equal_weight,1152,0.75,5.0,test,-0.36282849200366085,0.33300668286304114,-1.0895531851920366,-0.5932232005687693,-0.45266582067442596,0.251349620276329,0.5264891572879495,0.1349620276329033,0.18326793296380905,1h
equal_weight,-1,0.8,5.0,train,0.09491506974081869,0.4811453323000023,0.19726902324314252,-0.8001676401081457,0.35524890314981783,0.19315582395461617,0.40003659987190043,0.08607069875255437,0.15143236039763064,1h
equal_weight,-1,0.8,5.0,valid,-0.1260278263996119,0.35028364998565237,-0.3597879216023186,-0.46705960952924375,-0.15723266149787196,0.15683045109342117,0.3250068624759813,0.08234971177600878,0.17076161026522785,1h
equal_weight,-1,0.8,5.0,test,-0.01379117675706546,0.288914308533572,-0.04773448856536269,-0.3275773039096106,-0.017205909906160777,0.1454844908042822,0.30405343581297467,0.08015371946198188,0.18326793296380905,1h
equal_weight,288,0.8,5.0,train,-0.06250900895368484,0.479326953774101,-0.13040996017750406,-0.8126936631488568,-0.2339592324845281,0.20319028883398907,0.43508097721657973,0.1295025467410864,0.15143236039763064,1h
equal_weight,288,0.8,5.0,valid,-0.3608078989265544,0.38486186113117565,-0.9374997508614584,-0.5797645281002048,-0.4501449232155609,0.2007502973739592,0.43105499130753044,0.13560252539116113,0.17076161026522785,1h
equal_weight,288,0.8,5.0,test,-0.3530495557422288,0.2921141868474323,-1.2086011965130004,-0.4976242972387437,-0.44046559300306143,0.199835300576448,0.42510751212370756,0.12855705005032483,0.18326793296380905,1h
equal_weight,576,0.8,5.0,train,-0.06813329820406906,0.4876005876496607,-0.13973178033374847,-0.7626047469223236,-0.2550098685179011,0.21261475584835454,0.4499954250160124,0.1217555738554915,0.15143236039763064,1h
equal_weight,576,0.8,5.0,valid,-0.393325944695457,0.3945704302757773,-0.996845973532658,-0.753186289950631,-0.4907145262073783,0.20532528136151523,0.4369109708116022,0.1214200750297374,0.17076161026522785,1h
equal_weight,576,0.8,5.0,test,-0.314277545348547,0.3003674823024135,-1.0463101496190879,-0.558676324439598,-0.3920935266112179,0.19837130570043005,0.4198920303778937,0.12416506542227103,0.18326793296380905,1h
equal_weight,1152,0.8,5.0,train,0.027046943446770985,0.4790230543705718,0.056462717608258356,-0.7500707501899242,0.10123152223622056,0.21651874218440234,0.4530454143410498,0.10595662915179797,0.15143236039763064,1h
equal_weight,1152,0.8,5.0,valid,-0.2473170283909754,0.4001943054706038,-0.6179923727304062,-0.4887901422171097,-0.30855340220148064,0.2117302589440937,0.451184920852777,0.1118126086558697,0.17076161026522785,1h
equal_weight,1152,0.8,5.0,test,-0.18397577316773253,0.30759198120212566,-0.5981162852448936,-0.43265429360896435,-0.22952867864727722,0.20376978680574617,0.4285844999542502,0.11647909232317687,0.18326793296380905,1h
equal_weight,-1,0.6,10.0,train,-0.1308624509049922,0.6040480744824185,-0.2166424435954412,-1.6682696869697526,-0.48979305682899377,0.3890261384085156,0.8000121999573001,0.11288010491963278,0.15143236039763064,1h
equal_weight,-1,0.6,10.0,valid,-0.777050227821435,0.48519590644235594,-1.6015185155189535,-0.9803037248740236,-0.9694499931347562,0.36270473053344315,0.7623753316863391,0.13743251898618355,0.17076161026522785,1h
equal_weight,-1,0.6,10.0,test,-1.0460542984546968,0.3905807201950396,-2.6782025951827353,-1.4481861585173403,-1.3050602086542231,0.35858724494464267,0.7505718729984445,0.13487052795315216,0.18326793296380905,1h
equal_weight,288,0.6,10.0,train,-0.8815463174393746,0.6069934243440075,-1.452316091219741,-3.421411299691881,-3.299458802498046,0.3824076615731845,0.8106871625949309,0.16933540732607436,0.15143236039763064,1h
equal_weight,288,0.6,10.0,valid,-1.4785111893542322,0.49518727023927156,-2.9857617071614633,-1.855047975551981,-1.844594610553862,0.3787171744898893,0.8119681581114466,0.17686888095891665,0.17076161026522785,1h
equal_weight,288,0.6,10.0,test,-1.236963069716006,0.3913402511973661,-3.1608378282870873,-1.7014475146368828,-1.5432385147175374,0.38393265623570316,0.8040991856528502,0.17522188672339647,0.18326793296380905,1h
equal_weight,576,0.6,10.0,train,-0.7635326592835239,0.6092886928642711,-1.2531541586536763,-2.958874208575956,-2.8577563127770826,0.3896056363802727,0.8185866349467776,0.15277396529112147,0.15143236039763064,1h
equal_weight,576,0.6,10.0,valid,-1.0303520077081543,0.5022947123743687,-2.0512897753544648,-1.2909126861979336,-1.285469987698888,0.37862567481013815,0.8068441760453838,0.16113093604172385,0.17076161026522785,1h
equal_weight,576,0.6,10.0,test,-1.4120959265397537,0.391422189903076,-3.6076031532331294,-1.8322045571282444,-1.7617347467068616,0.3800896696861561,0.8021776923780767,0.17028090401683593,0.18326793296380905,1h
equal_weight,1152,0.6,10.0,train,-0.621683224055751,0.6024900028535009,-1.0318564973880855,-2.488966745417758,-2.326841080720804,0.39341812303656937,0.8193186323847866,0.1350840272059048,0.15143236039763064,1h
equal_weight,1152,0.6,10.0,valid,-0.8829827288406829,0.5022762640390638,-1.7579622850185295,-1.1111880594573968,-1.101611671632396,0.39125263061579285,0.8233141184005855,0.14228200201299296,0.17076161026522785,1h
equal_weight,1152,0.6,10.0,test,-1.2405061255948955,0.39688592686070084,-3.125598671152401,-1.6378016077957687,-1.5476588409390322,0.3844816543142099,0.8113276603531888,0.16332692835575074,0.18326793296380905,1h
equal_weight,-1,0.65,10.0,train,-0.12396646397147894,0.5772891396729626,-0.21473895047065428,-1.4804471595370852,-0.46398270025489574,0.3394943117699088,0.7000335498825754,0.10894561869033459,0.15143236039763064,1h
equal_weight,-1,0.65,10.0,valid,-0.7862190665447614,0.45607050837325175,-1.7238980642469286,-0.9927472168393433,-0.9808890614460846,0.3077134230030195,0.6455302406441578,0.12590355933754233,0.17076161026522785,1h
equal_weight,-1,0.65,10.0,test,-1.2293305383737516,0.36829095638806375,-3.337933003922097,-1.6291229396644047,-1.5337161477038903,0.29838045566840515,0.6323542867599964,0.13121054076310734,0.18326793296380905,1h
equal_weight,288,0.65,10.0,train,-0.838451319983973,0.583287816623875,-1.4374572828162409,-3.2097383142265907,-3.1381624918165,0.3369628206301278,0.7186384847653033,0.16354042760850337,0.15143236039763064,1h
equal_weight,288,0.65,10.0,valid,-1.5333258491500636,0.47091850394726187,-3.25603227797942,-1.9212896638543446,-1.912981530292286,0.3335163326928356,0.7177234879677921,0.17430688992588525,0.17076161026522785,1h
equal_weight,288,0.65,10.0,test,-1.0710022128299863,0.36815134505020325,-2.9091356781106916,-1.5010209334649374,-1.3361852949792639,0.335346326287858,0.7058285296001464,0.16552292066977767,0.18326793296380905,1h
equal_weight,576,0.65,10.0,train,-0.6578891051735059,0.58478584794147,-1.1250085950085313,-2.725076395748713,-2.4623527501508953,0.34733278433525483,0.7313569402507091,0.1459419892030378,0.15143236039763064,1h
equal_weight,576,0.65,10.0,valid,-1.0537341350595377,0.47557784243796003,-2.2156922401131403,-1.322039147830424,-1.3146415938430938,0.3363528227651203,0.716899990850032,0.15143196998810504,0.17076161026522785,1h
equal_weight,576,0.65,10.0,test,-1.2813584410578112,0.37220123283420903,-3.442649642239555,-1.676438462538566,-1.5986263016347275,0.3318693384573154,0.7031750388873639,0.1669869155457956,0.18326793296380905,1h
equal_weight,1152,0.65,10.0,train,-0.653626054737456,0.577555774317261,-1.13171070882309,-2.6101678402714716,-2.446396969940108,0.34925427761002836,0.7291304480434319,0.13343703297038462,0.15143236039763064,1h
equal_weight,1152,0.65,10.0,valid,-0.9182529325072915,0.4789293672101355,-1.917303459289432,-1.1594223330756874,-1.145614874357544,0.34614328849849024,0.7313569402507091,0.13752401866593467,0.17076161026522785,1h
equal_weight,1152,0.65,10.0,test,-1.1476254433192448,0.37624910307085707,-3.0501745624178094,-1.5516591012139374,-1.4317806472643213,0.33772531796138716,0.7136060023789916,0.15728794949217678,0.18326793296380905,1h
equal_weight,-1,0.7,10.0,train,-0.15988161235596535,0.5503111285859631,-0.29052949150198865,-1.328030131465603,-0.5984062128213521,0.28962698630554795,0.5999939000213499,0.1007106475127337,0.15143236039763064,1h
equal_weight,-1,0.7,10.0,valid,-0.9365516865863202,0.4279622841313102,-2.188397719409688,-1.1812255548506418,-1.1684444500801152,0.2517156189953335,0.5316131393540122,0.11730258944093695,0.17076161026522785,1h
equal_weight,-1,0.7,10.0,test,-1.0858813325833288,0.3408615294445514,-3.185696356971757,-1.4775686919539215,-1.3547485255482672,0.2415591545429591,0.5145026992405527,0.11840058559795041,0.18326793296380905,1h
equal_weight,288,0.7,10.0,train,-0.7745986164598108,0.5509978924710182,-1.4058104886500156,-2.954281798622924,-2.8991740682495295,0.2907554823558118,0.6236313172903895,0.15365846219538232,0.15143236039763064,1h
equal_weight,288,0.7,10.0,valid,-1.432798639023405,0.4433861833653094,-3.2314914013522857,-1.7989491651842713,-1.7875635075212823,0.29005398481105316,0.6220148229481197,0.16113093604172385,0.17076161026522785,1h
equal_weight,288,0.7,10.0,test,-1.0401146890778994,0.34921124498133577,-2.9784684887037076,-1.3961465824442927,-1.2976499357228086,0.2911519809680666,0.6148778479275323,0.15820294628968798,0.18326793296380905,1h
equal_weight,576,0.7,10.0,train,-0.641226485990423,0.554399471774021,-1.156614532727754,-2.4868342965730177,-2.3999877621194057,0.3024064415774545,0.6420227529203648,0.13962851130021045,0.15143236039763064,1h
equal_weight,576,0.7,10.0,valid,-1.1747565715291182,0.45498882931413154,-2.58194596403607,-1.4752894354118822,-1.4656295171508522,0.2927989752035868,0.6288772989294538,0.14703998536005125,0.17076161026522785,1h
equal_weight,576,0.7,10.0,test,-0.9488244671701316,0.3491582460128828,-2.7174625775131287,-1.2962681339937456,-1.1837560047604956,0.2866684966602617,0.6025253911611309,0.15015097447158934,0.18326793296380905,1h
equal_weight,1152,0.7,10.0,train,-0.7121716241973473,0.5489326034004214,-1.2973753422291268,-2.7270733323763774,-2.6655218085110572,0.3026199408302071,0.6372952694665569,0.1254765608320371,0.15143236039763064,1h
equal_weight,1152,0.7,10.0,valid,-0.8483535314349944,0.45896144952468354,-1.8484200194015834,-1.0794603164779617,-1.058408190074543,0.3032299386952146,0.6444322444871443,0.13075304236435173,0.17076161026522785,1h
equal_weight,1152,0.7,10.0,test,-0.9378611525387184,0.35828588392330285,-2.6176335563906377,-1.2479812268835482,-1.1700781433898795,0.2942629700796047,0.6216488242291152,0.14411199560801538,0.18326793296380905,1h
equal_weight,-1,0.75,10.0,train,-0.32595294002037256,0.5210326167355971,-0.6255902789014463,-1.8047247202356955,-1.2199793429734602,0.2408576569982005,0.5000152499466252,0.09698966053618813,0.15143236039763064,1h
equal_weight,-1,0.75,10.0,valid,-0.8430725693808647,0.39073158537578007,-2.1576770369614544,-1.070450834022797,-1.0518196473474275,0.20102479641321255,0.424650013724952,0.10449263427578004,0.17076161026522785,1h
equal_weight,-1,0.75,10.0,test,-0.7507623687373712,0.3184474014062263,-2.357571031894413,-1.0430980471181883,-0.9366531881199456,0.1903193338823314,0.40452008417970536,0.09772165797419709,0.18326793296380905,1h
equal_weight,288,0.75,10.0,train,-0.8659215020730104,0.5170216760251345,-1.6748263027001493,-3.266896844662864,-3.240978115121671,0.24451764418824534,0.5290816482142312,0.14493549272577547,0.15143236039763064,1h
equal_weight,288,0.75,10.0,valid,-1.3087745101064274,0.41555243236795836,-3.1494810477912196,-1.647793300648993,-1.6328306644923367,0.24476164333424832,0.5286851496019764,0.1525299661451185,0.17076161026522785,1h
equal_weight,288,0.75,10.0,test,-1.1632558132364237,0.32318709178975663,-3.5993263431237477,-1.5181965427795496,-1.4512811395959304,0.24229115198096807,0.5204501784243755,0.14941897703358037,0.18326793296380905,1h
equal_weight,576,0.75,10.0,train,-0.5392586162888935,0.5231102104126881,-1.0308699879198797,-2.2197567262283053,-2.018341581308463,0.2586390947631683,0.5487235794674719,0.12968554610058866,0.15143236039763064,1h
equal_weight,576,0.75,10.0,valid,-1.1103979862149373,0.42646498176996933,-2.603726058834707,-1.4060194727675484,-1.3853355697879992,0.24604263885076402,0.5315216396742611,0.13551102571141002,0.17076161026522785,1h
equal_weight,576,0.75,10.0,test,-0.7232735573826765,0.32848870987704837,-2.201821662770066,-0.982117113292945,-0.902358071762018,0.24320614877847926,0.5102937139720011,0.13276603531887637,0.18326793296380905,1h
equal_weight,1152,0.75,10.0,train,-0.5462482282671114,0.5168494051040565,-1.0568808300304342,-2.2939908293950744,-2.0445023584694604,0.2592795925214262,0.5469545856589502,0.11583859456491902,0.15143236039763064,1h
equal_weight,1152,0.75,10.0,valid,-0.7026121488521191,0.431822031279051,-1.6270873136578776,-0.8848784412179598,-0.8765808418726955,0.2561076036233873,0.5482660810687162,0.12352456766401318,0.17076161026522785,1h
equal_weight,1152,0.75,10.0,test,-0.9539621730357772,0.3371592692226202,-2.8294110828846684,-1.303223200568752,-1.190165820674405,0.24915362796230214,0.5264891572879495,0.1349620276329033,0.18326793296380905,1h
equal_weight,-1,0.8,10.0,train,-0.2820745907953696,0.483669634437394,-0.5831968159908977,-1.7098081738684143,-1.0557510968501753,0.19175282886509898,0.40003659987190043,0.08607069875255437,0.15143236039763064,1h
equal_weight,-1,0.8,10.0,valid,-0.48671956397853033,0.353366434873981,-1.3773791620930445,-0.8006060557888064,-0.6072326614978723,0.1552749565376521,0.3250068624759813,0.08234971177600878,0.17076161026522785,1h
equal_weight,-1,0.8,10.0,test,-0.36486446800054606,0.2917737221151855,-1.2505048959018525,-0.5658590608443121,-0.45520590990616117,0.14383749656876202,0.30405343581297467,0.08015371946198188,0.18326793296380905,1h
equal_weight,288,0.8,10.0,train,-0.6297301636796435,0.48298493443810264,-1.3038298273470208,-2.4586383682797726,-2.356959232484331,0.20065879769420808,0.43508097721657973,0.1295025467410864,0.15143236039763064,1h
equal_weight,288,0.8,10.0,valid,-0.9547469601398402,0.3889656621172433,-2.4545790364704665,-1.204431532430222,-1.1911449232155484,0.1986458047396834,0.43105499130753044,0.13560252539116113,0.17076161026522785,1h
equal_weight,288,0.8,10.0,test,-0.9161294349626514,0.29651844026960045,-3.0896204436044123,-1.1924775350362162,-1.1429655930030476,0.19782230762192332,0.42510751212370756,0.12855705005032483,0.18326793296380905,1h
equal_weight,576,0.8,10.0,train,-0.601422711691122,0.49096144308415807,-1.2249897016618254,-2.2848596259436103,-2.251009868517718,0.21078476225333212,0.4499954250160124,0.1217555738554915,0.15143236039763064,1h
equal_weight,576,0.8,10.0,valid,-0.925145873325707,0.3982173944131433,-2.3232181373922733,-1.1670019759592187,-1.1542145262073713,0.20276329032848386,0.4369109708116022,0.1214200750297374,0.17076161026522785,1h
equal_weight,576,0.8,10.0,test,-0.858521300495404,0.30454038781248494,-2.8190720668025895,-1.1337502382616096,-1.0710935266112072,0.1959008143471498,0.4198920303778937,0.12416506542227103,0.18326793296380905,1h
equal_weight,1152,0.8,10.0,train,-0.4370430922381044,0.4819946392787743,-0.9067384917227866,-2.014401030552216,-1.6357684777637025,0.21465824869612957,0.4530454143410498,0.10595662915179797,0.15143236039763064,1h
equal_weight,1152,0.8,10.0,valid,-0.7370562543036849,0.4035200868936559,-1.8265664541699245,-0.9287944006135767,-0.9195534022014812,0.21008326470857352,0.451184920852777,0.1118126086558697,0.17076161026522785,1h
equal_weight,1152,0.8,10.0,test,-0.6941541975432473,0.31143646887553217,-2.228878975058862,-1.0116702391879162,-0.8660286786472778,0.2020312928904749,0.4285844999542502,0.11647909232317687,0.18326793296380905,1h
ic_weight,-1,0.6,2.0,train,0.48412421129001426,0.5935694383426782,0.815615124393451,-0.5250914822998087,1.8119840771194298,0.3877146429987495,0.8000121999573001,0.15301796443712448,0.1662956423546303,1h
ic_weight,-1,0.6,2.0,valid,-0.19155592828090467,0.4892722197906894,-0.39151196518545905,-0.4210823300195632,-0.2389857009340235,0.3748741879403422,0.7832372586695947,0.1709214017750938,0.17830285250683908,1h
ic_weight,-1,0.6,2.0,test,-0.17016365766690086,0.3840009586931594,-0.4431334188487591,-0.5113886868165806,-0.2122966455070162,0.37304419434531977,0.7770152804465185,0.16854241010156465,0.1852837646561086,1h
ic_weight,288,0.6,2.0,train,0.34241451815758944,0.595567528299634,0.5749381923745823,-0.5468139585429395,1.2815918729261773,0.3819196632811785,0.8038246866135969,0.1896483362308232,0.1662956423546303,1h
ic_weight,288,0.6,2.0,valid,-0.1254470014611579,0.4835749642486096,-0.2594158315372684,-0.3886165111188953,-0.15650802271335906,0.3862201482294812,0.8094061670784152,0.1876658431695489,0.17830285250683908,1h
ic_weight,288,0.6,2.0,test,-0.04014308882586639,0.38141941369060967,-0.10524657997201124,-0.46423717067172077,-0.050082627600215646,0.3897886357397749,0.8018116936590722,0.18693384573153993,0.1852837646561086,1h
ic_weight,576,0.6,2.0,train,0.28721486099497273,0.5980204842400713,0.4802759580383743,-0.6218328231786929,1.0749901424021586,0.3834446579436972,0.8026046908835819,0.18162686430597494,0.1662956423546303,1h
ic_weight,576,0.6,2.0,valid,-0.10866794061351745,0.4889685642560463,-0.22223911424419085,-0.44026967909144343,-0.13557442042981094,0.3835666575166987,0.80162869429957,0.18492085277701528,0.17830285250683908,1h
ic_weight,576,0.6,2.0,test,0.10088025505212436,0.38380735338767163,0.2628408605559686,-0.4423771895406873,0.1258584825872897,0.3892396376612682,0.803184188855339,0.18217586238448166,0.1852837646561086,1h
ic_weight,1152,0.6,2.0,train,0.326940864693011,0.5934481598822825,0.5509173113922261,-0.5189312332966256,1.223676955558267,0.38548815079147225,0.803184188855339,0.17156189953335163,0.1662956423546303,1h
ic_weight,1152,0.6,2.0,valid,-0.046760651606047185,0.4934364083847732,-0.09476530473119048,-0.3673245923711812,-0.058338717055082756,0.38686064598773906,0.8079421722023973,0.17778387775642784,0.17830285250683908,1h
ic_weight,1152,0.6,2.0,test,0.07364695437585488,0.3848412349758761,0.1913697069922132,-0.44550781624488,0.0918821420517939,0.39079513221703727,0.8055631805288681,0.17558788544240095,0.1852837646561086,1h
ic_weight,-1,0.65,2.0,train,0.49096182805349603,0.5641716975176932,0.8702347711054732,-0.47597204879762733,1.837575965341368,0.33918931283740505,0.7000335498825754,0.14572848995028517,0.1662956423546303,1h
ic_weight,-1,0.65,2.0,valid,-0.17663549186499616,0.45592632207946643,-0.38742113212364426,-0.3709809620493436,-0.2203709235836292,0.32454936407722573,0.6774636288772989,0.1636014273950041,0.17830285250683908,1h
ic_weight,-1,0.65,2.0,test,-0.14114987275738286,0.3637471029198413,-0.3880439778746168,-0.4147896199187109,-0.17609896796409363,0.3221703724036966,0.6732546436087473,0.1560984536554122,0.1852837646561086,1h
ic_weight,288,0.65,2.0,train,0.3526010202245211,0.5646953720437723,0.6244092614897316,-0.46609456032854224,1.3197179965869918,0.3353158263946076,0.7079025223411718,0.18287735992924026,0.1662956423546303,1h
ic_weight,288,0.65,2.0,valid,-0.241995396324101,0.4578999226774661,-0.5284897077708328,-0.5715330039988784,-0.3019141194550363,0.33781681764113825,0.7113185103852137,0.18620184829353098,0.17830285250683908,1h
ic_weight,288,0.65,2.0,test,-0.032621687473495316,0.35837468961882857,-0.09102676170628042,-0.38269638544407236,-0.04069890666641984,0.34056180803367186,0.7052795315216397,0.17686888095891665,0.1852837646561086,1h
ic_weight,576,0.65,2.0,train,0.27173635105110777,0.5690967356404218,0.47748710198682587,-0.6916475725010685,1.0170570481636374,0.3372678195626315,0.7102510141214505,0.17330039344862294,0.1662956423546303,1h
ic_weight,576,0.65,2.0,valid,-0.24113083345802863,0.4625575024253075,-0.5212991513351699,-0.5056799738387828,-0.30083548845465957,0.3355293256473602,0.7056455302406441,0.17650288223991217,0.17830285250683908,1h
ic_weight,576,0.65,2.0,test,-0.09358761148993837,0.36170560450914646,-0.25873973287458923,-0.4317087599663296,-0.11676016049926474,0.3341568304510934,0.6951230670692653,0.1770518803184189,0.1852837646561086,1h
ic_weight,1152,0.65,2.0,train,0.20107923644636547,0.5668020162055182,0.3547609759621173,-0.7540316149950526,0.7526010188775958,0.3397078110226614,0.7100680147619484,0.1657059200292799,0.1662956423546303,1h
ic_weight,1152,0.65,2.0,valid,-0.020578131608550487,0.46756847579716837,-0.04401094743067602,-0.46523871852872467,-0.02567333337327482,0.33662732180437366,0.7057370299203953,0.16735291426480006,0.17830285250683908,1h
ic_weight,1152,0.65,2.0,test,0.11210062427807929,0.3667412241626156,0.305666821432578,-0.38433396999605374,0.1398570459743278,0.34156830451093423,0.7071095251166621,0.17119590081434716,0.1852837646561086,1h
ic_weight,-1,0.7,2.0,train,0.49531380989319757,0.5322176843569951,0.93066018745998,-0.46822095828215327,1.853864598740714,0.28892548876078933,0.5999939000213499,0.1350535273126544,0.1662956423546303,1h
ic_weight,-1,0.7,2.0,valid,-0.004150232419304031,0.4266308089463856,-0.009727924782444832,-0.28849380303309957,-0.0051778413368269716,0.274041540854607,0.5701345045292342,0.1463994876017934,0.17830285250683908,1h
ic_weight,-1,0.7,2.0,test,-0.03091580520384128,0.3406377772610033,-0.09075859246272908,-0.35973446450925883,-0.03857064327314996,0.27065605270381554,0.5627230304693933,0.14493549272577547,0.1852837646561086,1h
ic_weight,288,0.7,2.0,train,0.36930201274271934,0.5330316403544769,0.6928331918479097,-0.5279780741350171,1.382226608652532,0.2885289901485345,0.6113703602037392,0.17177539878610426,0.1662956423546303,1h
ic_weight,288,0.7,2.0,valid,-0.2423990568176417,0.4287660366921676,-0.5653410859864164,-0.630717804801015,-0.30241772739269734,0.2917009790465733,0.6148778479275323,0.17412389056638303,0.17830285250683908,1h
ic_weight,288,0.7,2.0,test,-0.04152929527399845,0.3349680474176186,-0.12397987089861782,-0.3257409161872342,-0.051812062562738626,0.2919754780858267,0.6087473693842071,0.16552292066977767,0.1852837646561086,1h
ic_weight,576,0.7,2.0,train,0.2173526022078205,0.5360398707352974,0.4054784244121119,-0.6989371320895015,0.813509106003252,0.291182480861317,0.615914844298045,0.1656754201360295,0.1662956423546303,1h
ic_weight,576,0.7,2.0,valid,-0.30735410739279223,0.4341019657930254,-0.7080228416641978,-0.5570627037182341,-0.38345582644929355,0.2824595113917101,0.6011528959648641,0.16625491810778661,0.17830285250683908,1h
ic_weight,576,0.7,2.0,test,0.06250606440118309,0.3402669703411636,0.18369712563788462,-0.38059155113069476,0.07798273719640259,0.29142648000731997,0.6030743892396376,0.16058193796321713,0.1852837646561086,1h
ic_weight,1152,0.7,2.0,train,0.23847964616083436,0.5327996956339918,0.44759718917831104,-0.6963765858721325,0.8925835797575397,0.2915179796870711,0.6132613535852625,0.1558544545094092,0.1662956423546303,1h
ic_weight,1152,0.7,2.0,valid,-0.086315302532674,0.44713324844763275,-0.1930415660932069,-0.4647412247313635,-0.10768720792005015,0.2897794857717998,0.611675359136243,0.15765394821118126,0.17830285250683908,1h
ic_weight,1152,0.7,2.0,test,0.09486064739611724,0.34229538494660744,0.27713095638410074,-0.32329775170340835,0.11834840358357535,0.29261597584408455,0.6081068716259493,0.16424192515326197,0.1852837646561086,1h
ic_weight,-1,0.75,2.0,train,0.45196277189998346,0.5009276595717502,0.902251579172874,-0.45551401780973566,1.6916099774298088,0.24055265806569678,0.5000152499466252,0.12309756915850795,0.1662956423546303,1h
ic_weight,-1,0.75,2.0,valid,-0.04016009088389832,0.4012337491579455,-0.10009150767646247,-0.37769979291764944,-0.0501038394144,0.2261872083447708,0.4709488516790191,0.1306615426846006,0.17830285250683908,1h
ic_weight,-1,0.75,2.0,test,-0.07283017143923634,0.3203215176992156,-0.22736584155306247,-0.41635826405702914,-0.09086312142230202,0.2235337176319883,0.46884435904474336,0.13267453563912526,0.1852837646561086,1h
ic_weight,288,0.75,2.0,train,0.3530692244537378,0.501036858818639,0.7046771474781633,-0.44874648758977753,1.3214703952243525,0.2428401500594748,0.5162106932625736,0.15750144874492938,0.1662956423546303,1h
ic_weight,288,0.75,2.0,valid,-0.18691992817981276,0.399183995933547,-0.46825506554358387,-0.5312514552185107,-0.23320181450653144,0.24531064141275505,0.5172476896330863,0.1564644523744167,0.17830285250683908,1h
ic_weight,288,0.75,2.0,test,-0.12224179806205156,0.31274445764048253,-0.39086799166422137,-0.2955368696083791,-0.15250920217125674,0.24659163692927075,0.5195351816268643,0.15893494372769695,0.1852837646561086,1h
ic_weight,576,0.75,2.0,train,0.3024015304156748,0.49926760868333336,0.6056902654133061,-0.6722984107139156,1.1318309335318943,0.24485314301399946,0.5202671790648733,0.15335346326287858,0.1662956423546303,1h
ic_weight,576,0.75,2.0,valid,-0.11537549723521423,0.40716715819814364,-0.2833615013199762,-0.4942620255153044,-0.14394278644791147,0.2394546619086833,0.5081892213377254,0.15454295909964316,0.17830285250683908,1h
ic_weight,576,0.75,2.0,test,0.07762662418073883,0.315464797655561,0.24607063849163657,-0.23393089831588765,0.09684718900356803,0.24219965230121696,0.5065422271022051,0.15143196998810504,0.1852837646561086,1h
ic_weight,1152,0.75,2.0,train,0.3269565350343083,0.49907169105501065,0.6551293950236685,-0.5473906210474904,1.2237356066404717,0.2461951383170159,0.5194436819471132,0.14194650318723884,0.1662956423546303,1h
ic_weight,1152,0.75,2.0,valid,-0.022044657961841622,0.42127480737165807,-0.05232845063624546,-0.4940422805799848,-0.0275029756695222,0.24476164333424832,0.5180711867508464,0.14603348888278891,0.17830285250683908,1h
ic_weight,1152,0.75,2.0,test,0.07407551246194007,0.3241306717117632,0.2285359545603649,-0.2973936997346336,0.09241681229412113,0.2429316497392259,0.510934211730259,0.14795498215756245,0.1852837646561086,1h
ic_weight,-1,0.8,2.0,train,0.28054644374708626,0.460420107176199,0.6093270892700684,-0.5431889432610404,1.0500315355178396,0.1903193338823314,0.40003659987190043,0.1118126086558697,0.1662956423546303,1h
ic_weight,-1,0.8,2.0,valid,0.010619099740803635,0.356364970832362,0.029798382585136226,-0.2854228954965311,0.013248417930047829,0.1740323908866319,0.3636197273309543,0.11583859456491902,0.17830285250683908,1h
ic_weight,-1,0.8,2.0,test,0.11845309099853418,0.29319489955268363,0.40400802053259993,-0.27421883473713116,0.14778240085878358,0.17174489889285388,0.3595022417421539,0.11053161313935402,0.1852837646561086,1h
ic_weight,288,0.8,2.0,train,0.2970693557332909,0.462799761107069,0.6418960870305284,-0.3196291407198111,1.1118736263045639,0.19626681306615426,0.41983103059139293,0.14097050660322688,0.1662956423546303,1h
ic_weight,288,0.8,2.0,valid,-0.15932026788479078,0.37099324067806183,-0.42944250842307047,-0.46473247374097537,-0.19876840270695195,0.1963583127459054,0.4183365358221246,0.14255650105224632,0.17830285250683908,1h
ic_weight,288,0.8,2.0,test,-0.021044402962968275,0.2898386460441172,-0.07260730496155107,-0.2169982321383377,-0.026255054792498456,0.20056729801445694,0.42410101564644526,0.1407265074572239,0.1852837646561086,1h
ic_weight,576,0.8,2.0,train,0.4610503277079586,0.4627153305986592,0.9964016690595784,-0.41732448479345097,1.7256229560001501,0.1984323054869308,0.4226370207704273,0.13566352517766186,0.1662956423546303,1h
ic_weight,576,0.8,2.0,valid,0.016796361589505898,0.37880406115329573,0.04434050030606374,-0.43671592668650605,0.020955186736492104,0.19498581754963856,0.4133955531155641,0.13413853051514318,0.17830285250683908,1h
ic_weight,576,0.8,2.0,test,-0.06995964841092013,0.2885047368661566,-0.24249046712663122,-0.29664683838496764,-0.08728184902773961,0.19498581754963856,0.41302955439655964,0.13276603531887637,0.1852837646561086,1h
ic_weight,1152,0.8,2.0,train,0.22592171721359672,0.46287981895885316,0.4880785637225623,-0.6588980914486682,0.8455816600779382,0.20032329886845396,0.42416201543294596,0.12816055143806998,0.1662956423546303,1h
ic_weight,1152,0.8,2.0,valid,0.1225440552214575,0.3794013662513549,0.32299318379436615,-0.2948715452940174,0.15288629903142414,0.19837130570043005,0.4192515326196358,0.12718455485405802,0.17830285250683908,1h
ic_weight,1152,0.8,2.0,test,0.12834852165424837,0.2981966073597639,0.4304157676059685,-0.2565904362500506,0.16012796725562106,0.1937048220331229,0.4100100649647726,0.12691005581480466,0.1852837646561086,1h
ic_weight,-1,0.6,5.0,train,0.08199300074925041,0.5954789076495732,0.13769253569851303,-1.0064157742805646,0.30688407711945365,0.38536615121847073,0.8000121999573001,0.15301796443712448,0.1662956423546303,1h
ic_weight,-1,0.6,5.0,valid,-0.6404969109874663,0.4915793709965025,-1.302936918791133,-0.835340604114994,-0.7990857009339967,0.3721291975478086,0.7832372586695947,0.1709214017750938,0.17830285250683908,1h
ic_weight,-1,0.6,5.0,test,-0.6130931114138134,0.3861441487816402,-1.5877311966224044,-0.9126696161057051,-0.7648966455069843,0.3701162045932839,0.7770152804465185,0.16854241010156465,0.1852837646561086,1h
ic_weight,288,0.6,5.0,train,-0.15598130945701483,0.59803341508149,-0.2608237358037265,-1.5674675023496916,-0.5838081270738203,0.37838167566413516,0.8038246866135969,0.1896483362308232,0.1662956423546303,1h
ic_weight,288,0.6,5.0,valid,-0.6186328373107335,0.48613989235977506,-1.2725407789676002,-0.7998184526916188,-0.7718080227133359,0.38292615975844085,0.8094061670784152,0.1876658431695489,0.17830285250683908,1h
ic_weight,288,0.6,5.0,test,-0.5316456965667401,0.38409546053723337,-1.3841499085230755,-0.8885837459545084,-0.6632826276001778,0.38548815079147225,0.8018116936590722,0.18693384573153993,0.1852837646561086,1h
ic_weight,576,0.6,5.0,train,-0.19010053840113023,0.6003784947351136,-0.31663448985627374,-1.5448605847988894,-0.7115098575978671,0.3806996675511636,0.8026046908835819,0.18162686430597494,0.1662956423546303,1h
ic_weight,576,0.6,5.0,valid,-0.5948804028699007,0.4913841390455607,-1.2106219057565957,-0.7702313290097698,-0.7421744204297946,0.38018116936590723,0.80162869429957,0.18492085277701528,0.17830285250683908,1h
ic_weight,576,0.6,5.0,test,-0.37763745013590827,0.38627558127729356,-0.9776373875024105,-0.8245313838562975,-0.47114151741267674,0.3858541495104767,0.803184188855339,0.18217586238448166,0.1852837646561086,1h
ic_weight,1152,0.6,5.0,train,-0.12392380728063802,0.5956490230215022,-0.20804836823540718,-1.036093735385318,-0.46382304444178135,0.38295665965169123,0.803184188855339,0.17156189953335163,0.1662956423546303,1h
ic_weight,1152,0.6,5.0,valid,-0.5142171435083265,0.4958346911756278,-1.0370737519174258,-0.6789557730998541,-0.6415387170550733,0.384573153993961,0.8079421722023973,0.17778387775642784,0.17830285250683908,1h
ic_weight,1152,0.6,5.0,test,-0.3880384697251616,0.3873214931952774,-1.0018511147521645,-0.8625078162448656,-0.4841178579481713,0.38695214566749014,0.8055631805288681,0.17558788544240095,0.1852837646561086,1h
ic_weight,-1,0.65,5.0,train,0.10798735646414578,0.5659286469142712,0.1908144375672576,-0.8655645239767673,0.40417596534135725,0.33677982127062556,0.7000335498825754,0.14572848995028517,0.1662956423546303,1h
ic_weight,-1,0.65,5.0,valid,-0.6065800430590679,0.4581205719094021,-1.3240620051854497,-0.7786131846826718,-0.7567709235835977,0.3214383749656876,0.6774636288772989,0.1636014273950041,0.17830285250683908,1h
ic_weight,-1,0.65,5.0,test,-0.5513766089638068,0.3658033093352947,-1.5073035013426188,-0.7818284017673737,-0.6878989679640632,0.3196998810504163,0.6732546436087473,0.1560984536554122,0.1852837646561086,1h
ic_weight,288,0.65,5.0,train,-0.12800068166952328,0.5669109550144135,-0.22578622010624033,-1.0115461144938054,-0.4790820034130756,0.33241833653582215,0.7079025223411718,0.18287735992924026,0.1662956423546303,1h
ic_weight,288,0.65,5.0,valid,-0.7313338536395015,0.46026963070002097,-1.588924849391477,-0.9215388545822408,-0.9124141194550162,0.335346326287858,0.7113185103852137,0.18620184829353098,0.17830285250683908,1h
ic_weight,288,0.65,5.0,test,-0.4976735677919148,0.36071364374432424,-1.379691554291937,-0.7833505463299553,-0.6208989066663787,0.33772531796138716,0.7052795315216397,0.17686888095891665,0.1852837646561086,1h
ic_weight,576,0.65,5.0,train,-0.18369708293187423,0.5712400036292453,-0.32157601317274,-1.4004393135900681,-0.6875429518364087,0.3345228291700979,0.7102510141214505,0.17330039344862294,0.1662956423546303,1h
ic_weight,576,0.65,5.0,valid,-0.7049804079845188,0.46485000796506176,-1.5165760910076294,-0.9412392812736488,-0.8795354884546196,0.33250983621557323,0.7056455302406441,0.17650288223991217,0.17830285250683908,1h
ic_weight,576,0.65,5.0,test,-0.5591204141251299,0.3640873604500116,-1.5356765294847303,-0.8427087599663176,-0.6975601604992274,0.33223533717631987,0.6951230670692653,0.1770518803184189,0.1852837646561086,1h
ic_weight,1152,0.65,5.0,train,-0.234395921390583,0.5688551387362288,-0.41204852594162733,-1.5358316149950526,-0.8772989811223668,0.33699332052337816,0.7100680147619484,0.1657059200292799,0.1662956423546303,1h
ic_weight,1152,0.65,5.0,valid,-0.46062205145483187,0.4697105968052038,-0.9806507551411682,-0.6816094812361084,-0.5746733333732614,0.33443132949034676,0.7057370299203953,0.16735291426480006,0.17830285250683908,1h
ic_weight,1152,0.65,5.0,test,-0.3380426642204117,0.36901119266543503,-0.9160769942468898,-0.7800031556564294,-0.42174295402565154,0.33864031475889833,0.7071095251166621,0.17119590081434716,0.1852837646561086,1h
ic_weight,-1,0.7,5.0,train,0.14039314011554097,0.5339540754935511,0.2629311144142331,-0.7411315795515949,0.5254645987407751,0.2872174947387684,0.5999939000213499,0.1350535273126544,0.1662956423546303,1h
ic_weight,-1,0.7,5.0,valid,-0.3888880858368179,0.42864424271962537,-0.9072513918988716,-0.5369942310665061,-0.4851778413368235,0.2721200475798335,0.5701345045292342,0.1463994876017934,0.17830285250683908,1h
ic_weight,-1,0.7,5.0,test,-0.41180628008717973,0.3426205894637438,-1.2019309193639607,-0.6871430121057602,-0.5137706432731335,0.2681855613505353,0.5627230304693933,0.14493549272577547,0.1852837646561086,1h
ic_weight,288,0.7,5.0,train,-0.08212373526716357,0.5351828264606715,-0.15344987022523326,-1.0631150963074982,-0.3073733913475427,0.2859974990087535,0.6113703602037392,0.17177539878610426,0.1662956423546303,1h
ic_weight,288,0.7,5.0,valid,-0.6999966412260972,0.4310537773992107,-1.6239195152158732,-0.9157178048009964,-0.8733177273926762,0.2887729892945375,0.6148778479275323,0.17412389056638303,0.17830285250683908,1h
ic_weight,288,0.7,5.0,test,-0.47676399195256075,0.3372344799009879,-1.4137462814968942,-0.7208099364502549,-0.5948120625627037,0.28886448897428857,0.6087473693842071,0.16552292066977767,0.1852837646561086,1h
ic_weight,576,0.7,5.0,train,-0.21804240190966598,0.5380798885578124,-0.4052231026401557,-1.311592851798785,-0.8160908939966968,0.28880348918778787,0.615914844298045,0.1656754201360295,0.1662956423546303,1h
ic_weight,576,0.7,5.0,valid,-0.7442720321800563,0.43636217838968105,-1.7056291059107442,-0.9816091459175932,-0.928555826449261,0.28035501875743435,0.6011528959648641,0.16625491810778661,0.17830285250683908,1h
ic_weight,576,0.7,5.0,test,-0.3597437297245381,0.3424170349060674,-1.0506011472917047,-0.7357915511306852,-0.4488172628035847,0.2879494921767774,0.6030743892396376,0.16058193796321713,0.1852837646561086,1h
ic_weight,1152,0.7,5.0,train,-0.17110586028989389,0.5347478838539136,-0.31997482450372416,-1.4670571542228596,-0.6404164202424567,0.2891694879067923,0.6132613535852625,0.1558544545094092,0.1662956423546303,1h
ic_weight,1152,0.7,5.0,valid,-0.5006298784316591,0.4492225762858486,-1.114436150050257,-0.7073531751070463,-0.6245872079200362,0.2874004940982707,0.611675359136243,0.15765394821118126,0.17830285250683908,1h
ic_weight,1152,0.7,5.0,test,-0.33700759306504185,0.3444111815818478,-0.978503634862254,-0.6105028000430164,-0.4204515964164156,0.2893219873730442,0.6081068716259493,0.16424192515326197,0.1852837646561086,1h
ic_weight,-1,0.75,5.0,train,0.12846236015142393,0.5026521152686385,0.25556912275753224,-0.6903938363274924,0.48080997742981046,0.23890566383017658,0.5000152499466252,0.12309756915850795,0.1662956423546303,1h
ic_weight,-1,0.75,5.0,valid,-0.3835386250590294,0.4032139143673173,-0.9512038434011872,-0.586089365872435,-0.4785038394143968,0.2249062128282551,0.4709488516790191,0.1306615426846006,0.17830285250683908,1h
ic_weight,-1,0.75,5.0,test,-0.42149885109885804,0.32234222216881425,-1.3076129098536597,-0.6913482239779603,-0.5258631214222902,0.22170372403696587,0.46884435904474336,0.13267453563912526,0.1852837646561086,1h
ic_weight,288,0.75,5.0,train,-0.060844582847937485,0.5030969098678304,-0.1209400846129667,-0.6540347420306012,-0.22772960477572224,0.24070515753194863,0.5162106932625736,0.15750144874492938,0.1662956423546303,1h
ic_weight,288,0.75,5.0,valid,-0.5981085090197806,0.4013930558323022,-1.490081854504389,-0.8310599292286687,-0.7462018145065171,0.24320614877847926,0.5172476896330863,0.1564644523744167,0.17830285250683908,1h
ic_weight,288,0.75,5.0,test,-0.5399228301784398,0.31507581286670433,-1.7136283019187482,-0.7594930277750804,-0.6736092021712247,0.24393814621648824,0.5195351816268643,0.15893494372769695,0.1852837646561086,1h
ic_weight,576,0.75,5.0,train,-0.10061137103917092,0.5012301329677384,-0.20072889561419635,-1.0502971878407688,-0.37656906646817734,0.24244365144721994,0.5202671790648733,0.15335346326287858,0.1662956423546303,1h
ic_weight,576,0.75,5.0,valid,-0.5215143937490773,0.4093191974420536,-1.2741019649412044,-0.7466057952137486,-0.650642786447898,0.23771616799341203,0.5081892213377254,0.15454295909964316,0.17830285250683908,1h
ic_weight,576,0.75,5.0,test,-0.3205770541063877,0.3176278924553974,-1.0092849580312109,-0.5228453349166761,-0.3999528109964283,0.23972916094793667,0.5065422271022051,0.15143196998810504,0.1852837646561086,1h
ic_weight,1152,0.75,5.0,train,-0.0460788753417561,0.500906784605067,-0.09199091878559072,-1.0040040621598476,-0.17246439335959574,0.243999146002989,0.5194436819471132,0.14194650318723884,0.1662956423546303,1h
ic_weight,1152,0.75,5.0,valid,-0.40582066674581163,0.4232315772298966,-0.958861976703058,-0.7037544699813357,-0.5063029756695091,0.2429316497392259,0.5180711867508464,0.14603348888278891,0.17830285250683908,1h
ic_weight,1152,0.75,5.0,test,-0.31475018064813465,0.3262437521145541,-0.9647699874957798,-0.6014542715753103,-0.39268318770587063,0.24046115838594564,0.510934211730259,0.14795498215756245,0.1852837646561086,1h
ic_weight,-1,0.8,5.0,train,-0.01329709180053989,0.46204676425232416,-0.028778670968634543,-0.9839894275486607,-0.04976846448221761,0.18879433921981273,0.40003659987190043,0.1118126086558697,0.1662956423546303,1h
ic_weight,-1,0.8,5.0,valid,-0.29380472677580416,0.3581913668975093,-0.8202451368959757,-0.4969024368969992,-0.3665515820699502,0.1722938969713606,0.3636197273309543,0.11583859456491902,0.17830285250683908,1h
ic_weight,-1,0.8,5.0,test,-0.17202398833168864,0.29495562402969405,-0.5832198958659981,-0.5131859698330221,-0.21461759914121292,0.16945740689907585,0.3595022417421539,0.11053161313935402,0.1852837646561086,1h
ic_weight,288,0.8,5.0,train,-0.07340113561999011,0.4648006763060494,-0.15791959728487767,-0.6030473035463659,-0.2747263736955041,0.19434531979138073,0.41983103059139293,0.14097050660322688,0.1662956423546303,1h
ic_weight,288,0.8,5.0,valid,-0.5339587526500948,0.3732713841238205,-1.4304840267985064,-0.8014382616978949,-0.6661684027069414,0.1946198188306341,0.4183365358221246,0.14255650105224632,0.17830285250683908,1h
ic_weight,288,0.8,5.0,test,-0.39087366456055317,0.2921280788933672,-1.338021548771524,-0.5677410399960994,-0.4876550547924958,0.19782230762192332,0.42410101564644526,0.1407265074572239,0.1852837646561086,1h
ic_weight,576,0.8,5.0,train,0.10452658354106266,0.46456225711217586,0.22500016292934247,-0.682124533569864,0.39122295600010704,0.19687681093116174,0.4226370207704273,0.13566352517766186,0.1662956423546303,1h
ic_weight,576,0.8,5.0,valid,-0.33571969660429113,0.3808144153339443,-0.8815834776367154,-0.6602604816034449,-0.41884481326350365,0.19343032299386953,0.4133955531155641,0.13413853051514318,0.17830285250683908,1h
ic_weight,576,0.8,5.0,test,-0.4188687892289278,0.29072748718598407,-1.4407608763906428,-0.5969691582417921,-0.5225818490277273,0.19269832555586056,0.41302955439655964,0.13276603531887637,0.1852837646561086,1h
ic_weight,1152,0.8,5.0,train,-0.11088421196565176,0.46470157558015907,-0.2386138067795828,-1.0416980914486893,-0.41501833992212034,0.19870680452618417,0.42416201543294596,0.12816055143806998,0.1662956423546303,1h
ic_weight,1152,0.8,5.0,valid,-0.21169695493500754,0.3812628366239291,-0.5552520062264071,-0.40030464159295365,-0.2641137009685728,0.19718180986366549,0.4192515326196358,0.12718455485405802,0.17830285250683908,1h
ic_weight,1152,0.8,5.0,test,-0.2051711050270587,0.3002386786790971,-0.683360005212223,-0.4282508429162606,-0.2559720327443751,0.19187482843810047,0.4100100649647726,0.12691005581480466,0.1852837646561086,1h
ic_weight,-1,0.6,10.0,train,-0.5882256834853551,0.5990427108063787,-0.9819428112121377,-2.8639135671548948,-2.2016159228804657,0.382529661146186,0.8000121999573001,0.15301796443712448,0.1662956423546303,1h
ic_weight,-1,0.6,10.0,valid,-1.3887318821650674,0.4959273411973622,-2.800272876288947,-1.752508070899354,-1.7325857009339611,0.36883520907676826,0.7832372586695947,0.1709214017750938,0.17830285250683908,1h
ic_weight,-1,0.6,10.0,test,-1.3513088676586666,0.3903408814713756,-3.4618686686492013,-1.7850268430860492,-1.685896645506945,0.36627321804373686,0.7770152804465185,0.16854241010156465,0.1852837646561086,1h
ic_weight,288,0.6,10.0,train,-0.9866410221480209,0.6026117885958443,-1.6372746780261458,-3.8537162523685393,-3.6928081270736217,0.37481318815384146,0.8038246866135969,0.1896483362308232,0.1662956423546303,1h
ic_weight,288,0.6,10.0,valid,-1.440609230393358,0.4909874834673117,-2.9341058151215966,-1.8135267526562924,-1.7973080227132878,0.3788086741696404,0.8094061670784152,0.1876658431695489,0.17830285250683908,1h
ic_weight,288,0.6,10.0,test,-1.350816709468195,0.38926641808287715,-3.47015988720763,-1.7816832266229043,-1.6852826276001356,0.3814621648824229,0.8018116936590722,0.18693384573153993,0.1852837646561086,1h
ic_weight,576,0.6,10.0,train,-0.9856262040613009,0.6047535086277465,-1.6297982401090938,-3.778808883734305,-3.6890098575976893,0.37716167993412025,0.8026046908835819,0.18162686430597494,0.1662956423546303,1h
ic_weight,576,0.6,10.0,valid,-1.4052345066305378,0.4959589759855653,-2.8333684330202273,-1.7642313290097345,-1.753174420429759,0.37578918473785344,0.80162869429957,0.18492085277701528,0.17830285250683908,1h
ic_weight,576,0.6,10.0,test,-1.175166958782628,0.3910897695869535,-3.0048522108460456,-1.586455655005316,-1.4661415174126426,0.3809131668039162,0.803184188855339,0.18217586238448166,0.1852837646561086,1h
ic_weight,1152,0.6,10.0,train,-0.8753649272367187,0.5997503556328053,-1.4595488256328057,-3.4634843781013256,-3.276323044441585,0.3801201695794065,0.803184188855339,0.17156189953335163,0.1662956423546303,1h
ic_weight,1152,0.6,10.0,valid,-1.2933112966787907,0.5003609456962473,-2.5847566797587707,-1.6317696398043338,-1.6135387170550286,0.38018116936590723,0.8079421722023973,0.17778387775642784,0.17830285250683908,1h
ic_weight,1152,0.6,10.0,test,-1.157514176560188,0.39212529849715544,-2.9518987451114045,-1.5575078162448557,-1.4441178579481326,0.3831091591179431,0.8055631805288681,0.17558788544240095,0.1852837646561086,1h
ic_weight,-1,0.65,10.0,train,-0.5303034295181035,0.5692311488345527,-0.9316135116706982,-2.5479151679936285,-1.9848240346585113,0.33403483087809194,0.7000335498825754,0.14572848995028517,0.1662956423546303,1h
ic_weight,-1,0.65,10.0,valid,-1.3231542950491864,0.462279669276303,-2.8622376950311903,-1.6646131846826355,-1.6507709235835615,0.31796138713514505,0.6774636288772989,0.1636014273950041,0.17830285250683908,1h
ic_weight,-1,0.65,10.0,test,-1.2350878359745123,0.36983558159207,-3.3395592459159835,-1.6015580781830547,-1.5408989679640348,0.315673895141367,0.6732546436087473,0.1560984536554122,0.1852837646561086,1h
ic_weight,288,0.65,10.0,train,-0.9290035181595958,0.5710569947537791,-1.6268140075232795,-3.5288667807491345,-3.4770820034128262,0.3287278494525269,0.7079025223411718,0.18287735992924026,0.1662956423546303,1h
ic_weight,288,0.65,10.0,valid,-1.5468979491651673,0.4647776822003402,-3.3282535035715943,-1.936728957896918,-1.9299141194549805,0.3311373410193064,0.7113185103852137,0.18620184829353098,0.17830285250683908,1h
ic_weight,288,0.65,10.0,test,-1.2727600349892796,0.3652971672019987,-3.48417712827617,-1.7163505463299247,-1.587898906666345,0.33260133589532437,0.7052795315216397,0.17686888095891665,0.1852837646561086,1h
ic_weight,576,0.65,10.0,train,-0.9427528062368431,0.5752403664557941,-1.6388849969715946,-3.590763148909599,-3.528542951836191,0.3312898404855583,0.7102510141214505,0.17330039344862294,0.1662956423546303,1h
ic_weight,576,0.65,10.0,valid,-1.478063032195334,0.4691986122005554,-3.1501862830820717,-1.8598147079655267,-1.8440354884545855,0.32903284838503066,0.7056455302406441,0.17650288223991217,0.17830285250683908,1h
ic_weight,576,0.65,10.0,test,-1.3350084185171145,0.36873168358265385,-3.620541651170214,-1.7249802608297067,-1.6655601604991899,0.3274773538292616,0.6951230670692653,0.1770518803184189,0.1852837646561086,1h
ic_weight,1152,0.65,10.0,train,-0.9601878511188292,0.5726927054820201,-1.6766196634382915,-3.754258162609921,-3.5937989811222417,0.3337298319455882,0.7100680147619484,0.1657059200292799,0.1662956423546303,1h
ic_weight,1152,0.65,10.0,valid,-1.1940285845319663,0.47378457570250854,-2.5201930281531624,-1.510490463399594,-1.4896733333732437,0.33067984262055083,0.7057370299203953,0.16735291426480006,0.17830285250683908,1h
ic_weight,1152,0.65,10.0,test,-1.0882814783845622,0.3734466952777673,-2.9141547967779053,-1.5019211593929247,-1.3577429540256045,0.33516332692835576,0.7071095251166621,0.17119590081434716,0.1852837646561086,1h
ic_weight,-1,0.7,10.0,train,-0.4511413095138856,0.5372176819513185,-0.839773754049233,-2.28927095123719,-1.6885354012592066,0.2846250038124867,0.5999939000213499,0.1350535273126544,0.1662956423546303,1h
ic_weight,-1,0.7,10.0,valid,-1.030117841532673,0.43248717764330075,-2.3818459708932127,-1.2923953215684332,-1.2851778413368067,0.2697410559063043,0.5701345045292342,0.1463994876017934,0.17830285250683908,1h
ic_weight,-1,0.7,10.0,test,-1.0466237382260763,0.34652721539380194,-3.0203219018069554,-1.4107489337764827,-1.3057706432730989,0.2638850764022326,0.5627230304693933,0.14493549272577547,0.1852837646561086,1h
ic_weight,288,0.7,10.0,train,-0.8344999819503003,0.5392178616743268,-1.5476119046930161,-3.2113358695186207,-3.1233733913473216,0.28255101107146124,0.6113703602037392,0.17177539878610426,0.1662956423546303,1h
ic_weight,288,0.7,10.0,valid,-1.462659281906855,0.435424154136273,-3.3591597250920815,-1.8332952618478537,-1.824817727392648,0.2848385030652393,0.6148778479275323,0.17412389056638303,0.17830285250683908,1h
ic_weight,288,0.7,10.0,test,-1.2021551530834966,0.3416943106152764,-3.5182182311400503,-1.583759512645677,-1.4998120625626667,0.28465550370573706,0.6087473693842071,0.16552292066977767,0.1852837646561086,1h
ic_weight,576,0.7,10.0,train,-0.9437007421054756,0.5419140676785293,-1.741421377282443,-3.657503180288104,-3.532090893996579,0.2860584987952542,0.615914844298045,0.1656754201360295,0.1662956423546303,1h
ic_weight,576,0.7,10.0,valid,-1.4724685734921619,0.44065782786939894,-3.341523695633902,-1.840382294555949,-1.8370558264492207,0.27678653124714064,0.6011528959648641,0.16625491810778661,0.17830285250683908,1h
ic_weight,576,0.7,10.0,test,-1.063493386600739,0.34665679371331526,-3.067856755982826,-1.3969382157454937,-1.3268172628035295,0.2841980053069814,0.6030743892396376,0.16058193796321713,0.1852837646561086,1h
ic_weight,1152,0.7,10.0,train,-0.8537483710411066,0.5384104617597147,-1.5856831017932984,-3.305127727798806,-3.195416420242319,0.28624149815475647,0.6132613535852625,0.1558544545094092,0.1662956423546303,1h
ic_weight,1152,0.7,10.0,valid,-1.1911541715966332,0.4531992054093854,-2.6283236099689007,-1.5016374413243578,-1.4860872079200178,0.2841980053069814,0.611675359136243,0.15765394821118126,0.17830285250683908,1h
ic_weight,1152,0.7,10.0,test,-1.056787993833639,0.3486026096287688,-3.031497655622904,-1.4149844302801655,-1.3184515964163597,0.2849300027449904,0.6081068716259493,0.16424192515326197,0.1852837646561086,1h
ic_weight,-1,0.75,10.0,train,-0.41070499276284106,0.505887544008947,-0.8118503758921912,-2.134359282662535,-1.5371900225701438,0.23677067130265045,0.5000152499466252,0.12309756915850795,0.1662956423546303,1h
ic_weight,-1,0.75,10.0,valid,-0.9558361820175801,0.4069820784442382,-2.3485952641242456,-1.224702260492188,-1.1925038394143819,0.22197822307621923,0.4709488516790191,0.1306615426846006,0.17830285250683908,1h
ic_weight,-1,0.75,10.0,test,-1.0026133171982268,0.32630069957309915,-3.0726667718149265,-1.3182332365157485,-1.2508631214222716,0.21886723396468113,0.46884435904474336,0.13267453563912526,0.1852837646561086,1h
ic_weight,288,0.75,10.0,train,-0.7507009283507284,0.5069728196836186,-1.480751825747208,-2.8722727301828304,-2.8097296047755056,0.23777716777991276,0.5162106932625736,0.15750144874492938,0.1662956423546303,1h
ic_weight,288,0.75,10.0,valid,-1.2834228104197258,0.4056201640879954,-3.164100121366993,-1.6195548798295225,-1.6012018145064937,0.23954616158843445,0.5172476896330863,0.1564644523744167,0.17830285250683908,1h
ic_weight,288,0.75,10.0,test,-1.2360578837057525,0.31965910378841095,-3.8668001913811443,-1.6086817425534696,-1.5421092021711857,0.24000365998719003,0.5195351816268643,0.15893494372769695,0.1852837646561086,1h
ic_weight,576,0.75,10.0,train,-0.7722995401305794,0.5049358143834854,-1.529500419916814,-2.9985802485320603,-2.8905690664679486,0.2399426602006893,0.5202671790648733,0.15335346326287858,0.1662956423546303,1h
ic_weight,576,0.75,10.0,valid,-1.1984125546055142,0.41343666784479965,-2.8986605393583216,-1.513333616952348,-1.4951427864478768,0.23442217952237168,0.5081892213377254,0.15454295909964316,0.17830285250683908,1h
ic_weight,576,0.75,10.0,test,-0.9842498512515976,0.32190123811361093,-3.05761436961053,-1.2891243593697466,-1.2279528109963949,0.23652667215664744,0.5065422271022051,0.15143196998810504,0.1852837646561086,1h
ic_weight,1152,0.75,10.0,train,-0.6678045593018623,0.5043747527040123,-1.324024558568175,-2.6887892568991965,-2.49946439335939,0.24140665507670722,0.5194436819471132,0.14194650318723884,0.1662956423546303,1h
ic_weight,1152,0.75,10.0,valid,-1.0454473480524271,0.42698496245317336,-2.44844067117956,-1.4256690544534896,-1.3043029756695022,0.24082715710495015,0.5180711867508464,0.14603348888278891,0.17830285250683908,1h
ic_weight,1152,0.75,10.0,test,-0.9627930024982582,0.3304046679818213,-2.913981235129616,-1.2574793955162333,-1.2011831877058323,0.2370756702351542,0.510934211730259,0.14795498215756245,0.1852837646561086,1h
ic_weight,-1,0.8,10.0,train,-0.5030363177132494,0.4651196795705953,-1.0815201760064403,-2.3323302661072387,-1.8827684644820968,0.18714734498429256,0.40003659987190043,0.1118126086558697,0.1662956423546303,1h
ic_weight,-1,0.8,10.0,valid,-0.8011777709701495,0.3617113112653319,-2.2149646583278915,-1.0367128646811827,-0.9995515820699507,0.1697319059383292,0.3636197273309543,0.11583859456491902,0.17830285250683908,1h
ic_weight,-1,0.8,10.0,test,-0.6561524538820591,0.29844479715346794,-2.198572265760253,-0.952282817884912,-0.8186175991412135,0.16671241650654223,0.3595022417421539,0.11053161313935402,0.1852837646561086,1h
ic_weight,288,0.8,10.0,train,-0.6908519545421241,0.46857092020651464,-1.4743807708716599,-2.6950805581057287,-2.585726373695295,0.19153932961234635,0.41983103059139293,0.14097050660322688,0.1662956423546303,1h
ic_weight,288,0.8,10.0,valid,-1.1583562272589336,0.37760701668363134,-3.0676236830350896,-1.4848803042076548,-1.4451684027069231,0.191508829719096,0.4183365358221246,0.14255650105224632,0.17830285250683908,1h
ic_weight,288,0.8,10.0,test,-1.0072557672231939,0.2966196028385997,-3.395782873363478,-1.3207410399960788,-1.2566550547924733,0.1950773172293897,0.42410101564644526,0.1407265074572239,0.1852837646561086,1h
ic_weight,576,0.8,10.0,train,-0.4896796567370965,0.4680638439393249,-1.04618133418691,-2.0464560252724118,-1.832777043999704,0.19443681947113184,0.4226370207704273,0.13566352517766186,0.1662956423546303,1h
ic_weight,576,0.8,10.0,valid,-0.9232464602606184,0.3846726952536917,-2.4000831659022155,-1.2213943411340407,-1.1518448132634924,0.19095983164058924,0.4133955531155641,0.13413853051514318,0.17830285250683908,1h
ic_weight,576,0.8,10.0,test,-1.0003840239256065,0.29507926204041723,-3.3902213832586554,-1.3022995214989694,-1.2480818490277008,0.1898618354835758,0.41302955439655964,0.13276603531887637,0.1852837646561086,1h
ic_weight,1152,0.8,10.0,train,-0.6722274272643984,0.4681406628472803,-1.4359517995634927,-2.6149765659983393,-2.516018339921931,0.19651081221215727,0.42416201543294596,0.12816055143806998,0.1662956423546303,1h
ic_weight,1152,0.8,10.0,valid,-0.7687653051957817,0.38485098882741925,-1.997566142516846,-1.0019973946149507,-0.9591137009685733,0.1946198188306341,0.4192515326196358,0.12718455485405802,0.17830285250683908,1h
ic_weight,1152,0.8,10.0,test,-0.761037149495903,0.30425039430829187,-2.501351399153017,-1.0273525952117137,-0.9494720327443756,0.18949583676457132,0.4100100649647726,0.12691005581480466,0.1852837646561086,1h
linear,-1,0.6,2.0,train,0.6034653810901207,0.5874857735303206,1.0271999906717322,-0.6822311071086573,2.2586551883335466,0.3875621435324976,0.8000121999573001,0.19782230762192332,0.10455607376736066,1h
linear,-1,0.6,2.0,valid,-0.2636215578250284,0.48172717086238065,-0.5472424512677935,-0.45234103420508553,-0.32889497779334365,0.39079513221703727,0.8021776923780767,0.2095342666300668,0.10959302525573543,1h
linear,-1,0.6,2.0,test,-0.13821400311732554,0.38464120010980674,-0.3593322896191787,-0.5724383720506724,-0.1724361689576741,0.38850764022325923,0.8010796962210632,0.20660627687803093,0.11370194659342937,1h
linear,288,0.6,2.0,train,0.5242517086458327,0.5952506245400154,0.8807243319584122,-0.9634570331968819,1.9621736040378508,0.38213316253393115,0.800896696861561,0.22969469606856377,0.10455607376736066,1h
linear,288,0.6,2.0,valid,-0.2025787889617658,0.48156622928697224,-0.4206665182102007,-0.49905841441314713,-0.2527378521190734,0.3905206331777839,0.8080336718821484,0.22554671058651296,0.10959302525573543,1h
linear,288,0.6,2.0,test,0.005411662704865144,0.3820550917685076,0.014164613484968665,-0.33289556442493795,0.006751605217056422,0.391344130295544,0.8037331869338458,0.22380821667124165,0.11370194659342937,1h
linear,576,0.6,2.0,train,0.4057556373311206,0.5892387929607393,0.6886098508421795,-0.9387486700427949,1.5186655343808617,0.3826516607191875,0.8002866989965535,0.22670570653002714,0.10455607376736066,1h
linear,576,0.6,2.0,valid,-0.013892811989412298,0.48124360843382336,-0.028868564165715507,-0.398521367867971,-0.017332710300493992,0.39042913349803277,0.8040991856528502,0.2253637112270107,0.10959302525573543,1h
linear,576,0.6,2.0,test,-0.04965181516023521,0.37809075521225294,-0.13132247873228645,-0.49757923397610393,-0.06194574062627978,0.38905663830176596,0.8003476987830542,0.2170372403696587,0.11370194659342937,1h
linear,1152,0.6,2.0,train,0.4477602744151184,0.584014315435818,0.7666940048909234,-0.8086971232568523,1.6758808353024213,0.3829871595449416,0.7966267118065087,0.2205447280934517,0.10455607376736066,1h
linear,1152,0.6,2.0,valid,0.07340104631182427,0.48279026896968025,0.15203505751776852,-0.36361312283475855,0.0915753464773823,0.3897886357397749,0.8001646994235521,0.21987373044194344,0.10959302525573543,1h
linear,1152,0.6,2.0,test,0.013839512518987847,0.3830696372034702,0.03612792864509094,-0.4127472995808301,0.01726621373516024,0.39042913349803277,0.8014456949400677,0.21886723396468113,0.11370194659342937,1h
linear,-1,0.65,2.0,train,0.4937282621269623,0.5489372284750746,0.8994257203114451,-0.6534884915895813,1.8479301975293696,0.3391283130509043,0.7000335498825754,0.19135633025284413,0.10455607376736066,1h
linear,-1,0.65,2.0,valid,-0.21768841732600425,0.4550107468679415,-0.4784247818858316,-0.3615133365969747,-0.27158866586254593,0.3418428035501876,0.7041815353646262,0.20715527495653765,0.10959302525573543,1h
linear,-1,0.65,2.0,test,-0.17162929014583347,0.36479944452971813,-0.4704757441916878,-0.4668578175747937,-0.21412517260317532,0.33937231219690733,0.703998536005124,0.20020129929545247,0.11370194659342937,1h
linear,288,0.65,2.0,train,0.6683968570435309,0.5626480731139623,1.1879483623649585,-0.7515373977442521,2.5016812502153405,0.3372983194558819,0.7066520267179065,0.22030072894744868,0.10455607376736066,1h
linear,288,0.65,2.0,valid,-0.3605773752582956,0.4474540233663024,-0.8058422908918926,-0.7212353283623055,-0.4498573212554393,0.34394729618446335,0.7088480190319334,0.22088022691920578,0.10959302525573543,1h
linear,288,0.65,2.0,test,-0.05564725763992049,0.3497763322558965,-0.15909383371087824,-0.4711062305165451,-0.06942567108981146,0.34092780675267637,0.7021685424101015,0.21246225638210267,0.11370194659342937,1h
linear,576,0.65,2.0,train,0.4787043186422725,0.5546861879794406,0.8630182777509787,-0.8637157462969633,1.7916984583704068,0.33598682404611585,0.7022295421966023,0.2186537347119285,0.10455607376736066,1h
linear,576,0.65,2.0,valid,-0.3087132777890453,0.45331717689259776,-0.6810094422303067,-0.5999380184200616,-0.38515153115941514,0.3412023057919297,0.703266538567115,0.21804373684692105,0.10959302525573543,1h
linear,576,0.65,2.0,test,0.042841070561037635,0.3547273926991408,0.12077181363146924,-0.3626140367597963,0.05344863700474334,0.34037880867416964,0.7012535456125903,0.20880226919205783,0.11370194659342937,1h
linear,1152,0.65,2.0,train,0.49370545580525854,0.5489140063029316,0.8994222230372367,-0.6729804984010177,1.84784483784106,0.3382133162533931,0.702778540275109,0.2077957727147955,0.10455607376736066,1h
linear,1152,0.65,2.0,valid,-0.3500438388210554,0.45605094190461126,-0.7675542503194115,-0.5539151068982883,-0.4367156523373441,0.3408363070729252,0.70775002287492,0.21008326470857352,0.10959302525573543,1h
linear,1152,0.65,2.0,test,-0.007739852342959801,0.3575065915345718,-0.021649537452546067,-0.3973177541519005,-0.009656260988155307,0.34294079970720104,0.7050050324823863,0.2025802909689816,0.11370194659342937,1h
linear,-1,0.7,2.0,train,0.4749955980684444,0.5153269914108293,0.9217363072095871,-0.8375494763886266,1.7778174285240511,0.2890779882270412,0.5999939000213499,0.1751913868301461,0.10455607376736066,1h
linear,-1,0.7,2.0,valid,-0.2928617175520882,0.42441572146977785,-0.6900350357849374,-0.49341564109119096,-0.3653750811788421,0.2903284838503065,0.5992314026900906,0.1947113185103852,0.10959302525573543,1h
linear,-1,0.7,2.0,test,-0.058159723042664035,0.3431290061337615,-0.16949812462077807,-0.44640251574177814,-0.07256022980973864,0.2915179796870711,0.606368377710678,0.18684234605178882,0.11370194659342937,1h
linear,288,0.7,2.0,train,0.6885770649287046,0.5250269263586271,1.3115080967454271,-0.6080423888833062,2.57721189815268,0.29249397627108303,0.6106688626589807,0.21002226492207277,0.10455607376736066,1h
linear,288,0.7,2.0,valid,-0.6675299962037876,0.42169920982611125,-1.5829529215362896,-1.0740450511530366,-0.832812252113117,0.2959099643151249,0.6129563546527587,0.21319425382011162,0.10959302525573543,1h
linear,288,0.7,2.0,test,0.05108956969334569,0.32520632742314964,0.15709894114965767,-0.38516944616632165,0.06373948712083899,0.2917009790465733,0.6001463994876018,0.20111629609296366,0.11370194659342937,1h
linear,576,0.7,2.0,train,0.4865442049771062,0.5152381016561088,0.9443094433684679,-0.7343370216238849,1.821041649381839,0.2883764906822826,0.6037148869978956,0.2041052856315003,0.10455607376736066,1h
linear,576,0.7,2.0,valid,-0.4710596099151498,0.42310106344022297,-1.1133500967475174,-0.7426191294141959,-0.5876952599043814,0.2941714703998536,0.6087473693842071,0.2020312928904749,0.10959302525573543,1h
linear,576,0.7,2.0,test,0.03926655865466264,0.3268879772715989,0.1201223703068086,-0.3331100979640865,0.04898906615716592,0.29005398481105316,0.6001463994876018,0.19965230121694574,0.11370194659342937,1h
linear,1152,0.7,2.0,train,0.431247948775552,0.5118347166754684,0.8425531421093249,-0.6248816719896282,1.6140783671809102,0.2897794857717998,0.605392381126666,0.19742580900966847,0.10455607376736066,1h
linear,1152,0.7,2.0,valid,-0.31380478766652536,0.42714522085116474,-0.7346559726015712,-0.5329837523029544,-0.39150371283187413,0.29362247232134686,0.6084728703449538,0.19709031018391435,0.10959302525573543,1h
linear,1152,0.7,2.0,test,-0.05345792813965172,0.32925753867233215,-0.1623590103819963,-0.43909243724975844,-0.0666942576071109,0.28950498673254643,0.6037148869978956,0.1959923140269009,0.11370194659342937,1h
linear,-1,0.75,2.0,train,0.315500104546614,0.471313483028893,0.6694060660413419,-0.844924945800666,1.1808563844487017,0.2400646597736908,0.5000152499466252,0.1626864305974929,0.10455607376736066,1h
linear,-1,0.75,2.0,valid,-0.3822925820116166,0.38708132533621353,-0.9876285860072492,-0.6988776870923842,-0.4769492726946062,0.2398206606276878,0.49638576264983075,0.18116936590721933,0.10959302525573543,1h
linear,-1,0.75,2.0,test,0.021655200078125464,0.3155199846462482,0.06863337072738718,-0.29899025909549426,0.027017086946780067,0.24576813981151066,0.5107512123707567,0.1731173940891207,0.11370194659342937,1h
linear,288,0.75,2.0,train,0.37879817942619726,0.48562976272418457,0.780014341174837,-0.5633360983318711,1.4177689393661401,0.2427181504864733,0.5126117058590295,0.19422332021837924,0.10455607376736066,1h
linear,288,0.75,2.0,valid,-0.5012035436971726,0.38480109307831883,-1.3025003117523948,-0.8311807897738542,-0.625302914276964,0.24567664013175955,0.512489706286028,0.19526031658889195,0.10959302525573543,1h
linear,288,0.75,2.0,test,-0.010747575850817058,0.29882028941518857,-0.03596668710766189,-0.3282154609584409,-0.013408705076896732,0.24302314941897704,0.5038887363894227,0.18702534541129107,0.11370194659342937,1h
linear,576,0.75,2.0,train,0.43002451151190635,0.47656297564281147,0.9023456153551758,-0.6822600308431488,1.609499276134878,0.24049165827919602,0.5063897276359532,0.18531735138927014,0.10455607376736066,1h
linear,576,0.75,2.0,valid,-0.33205292025365646,0.38852881670054357,-0.8546416790227027,-0.648567232138154,-0.41427013304246474,0.2441211455759905,0.5080977216579742,0.18830634092780676,0.10959302525573543,1h
linear,576,0.75,2.0,test,-0.05819418371294555,0.2972464342309434,-0.1957775670665641,-0.42754662367389273,-0.0726032230363951,0.24091865678470126,0.5000457498398756,0.18354835758074847,0.11370194659342937,1h
linear,1152,0.75,2.0,train,0.24600592214828582,0.47127719104405724,0.5219983627964037,-0.7550916680290389,0.9207529873831999,0.24320614877847926,0.5091957178149876,0.1804983682557111,0.10455607376736066,1h
linear,1152,0.75,2.0,valid,-0.3366114705894697,0.3927920784160841,-0.8569711282030938,-0.6505140428453697,-0.4199573929306053,0.2419251532619636,0.5047122335071828,0.18007136975020588,0.10959302525573543,1h
linear,1152,0.75,2.0,test,0.05892590997695899,0.30421817688521446,0.19369621690683037,-0.43442786657120114,0.07351612672809904,0.24174215390246134,0.5020587427944002,0.1793393723121969,0.11370194659342937,1h
linear,-1,0.8,2.0,train,0.40047487709990737,0.4215162108778528,0.9500817922657717,-0.5645830504251026,1.49890066158392,0.19175282886509898,0.40003659987190043,0.14090950681672615,0.10455607376736066,1h
linear,-1,0.8,2.0,valid,-0.17573423099635413,0.3474898184227344,-0.5057248347419688,-0.5326935642948887,-0.21924650805470058,0.1853783511757709,0.38466465367371216,0.15664745173391892,0.10959302525573543,1h
linear,-1,0.8,2.0,test,-0.12553386293845106,0.2852223593414819,-0.4401263043622604,-0.4450227835770796,-0.15661639133040173,0.19169182907859822,0.40351358770244306,0.15134047030835393,0.11370194659342937,1h
linear,288,0.8,2.0,train,0.14033493251639012,0.4369927194384129,0.3211379189491693,-0.850099940262738,0.5252467388602304,0.19355232256687102,0.4113215603745387,0.17537438618964835,0.10455607376736066,1h
linear,288,0.8,2.0,valid,-0.3451009707080842,0.35010915244703544,-0.9856953704182044,-0.6403082881852316,-0.4305489165375037,0.19452831915088298,0.4111995608015372,0.1731173940891207,0.10959302525573543,1h
linear,288,0.8,2.0,test,-0.08211394589122535,0.26560491824659194,-0.30915822806786064,-0.3909716627295554,-0.10244558386361224,0.19489431786988745,0.4113825601610394,0.16726141458504895,0.11370194659342937,1h
linear,576,0.8,2.0,train,0.27469858697001615,0.4327363267783892,0.6347943770172395,-0.5363185751459516,1.0281441291080586,0.19477231829688596,0.4107115625095312,0.16762741330405342,0.10455607376736066,1h
linear,576,0.8,2.0,valid,-0.2911674138281194,0.3561954870076941,-0.8174371221660929,-0.6917116598231771,-0.36326126321089436,0.1973648092231677,0.4108335620825327,0.1648824229115198,0.10959302525573543,1h
linear,576,0.8,2.0,test,-0.2822517056898849,0.26601573331502665,-1.06103388011126,-0.5436909581906164,-0.35213800131102846,0.18794034220880226,0.398938603714887,0.15939244212645257,0.11370194659342937,1h
linear,1152,0.8,2.0,train,0.3617193665429764,0.4302720515087937,0.8406759520507311,-0.3844627449795075,1.353846218132996,0.19605331381340166,0.4113215603745387,0.16146643486747797,0.10455607376736066,1h
linear,1152,0.8,2.0,valid,-0.3504185769073196,0.3588259443659872,-0.9765697893625762,-0.7112675135398498,-0.4371831766004516,0.19535181626864306,0.40552658065696773,0.1636014273950041,0.10959302525573543,1h
linear,1152,0.8,2.0,test,-0.1025635944010201,0.2727613668687923,-0.3760195059088289,-0.3927817199127519,-0.127958621370865,0.1898618354835758,0.40278159026443405,0.15975844084545704,0.11370194659342937,1h
linear,-1,0.6,5.0,train,0.08358835665970525,0.5889369926831681,0.1419308987178421,-1.235597157489636,0.31285518833363124,0.38417665538170614,0.8000121999573001,0.19782230762192332,0.10455607376736066,1h
linear,-1,0.6,5.0,valid,-0.814277610528845,0.4835132222104947,-1.6840855081608377,-1.0490373933276602,-1.0158949777932937,0.38649464726873456,0.8021776923780767,0.2095342666300668,0.10959302525573543,1h
linear,-1,0.6,5.0,test,-0.6811752987527916,0.38647445643022715,-1.7625364042028706,-1.048838372050646,-0.8498361689576173,0.3848476530332144,0.8010796962210632,0.20660627687803093,0.11370194659342937,1h
linear,288,0.6,5.0,train,-0.07938595262235404,0.5970080928615722,-0.1329729924461195,-1.422291420792309,-0.2971263959621768,0.37853417513038706,0.800896696861561,0.22969469606856377,0.10455607376736066,1h
linear,288,0.6,5.0,valid,-0.7955560055415088,0.483458836156384,-1.6455506571487526,-1.1377698806271774,-0.9925378521190102,0.38631164790923234,0.8080336718821484,0.22554671058651296,0.10959302525573543,1h
linear,288,0.6,5.0,test,-0.5829967918655447,0.384162759424238,-1.5175775828435536,-0.8346381911067449,-0.7273483947828866,0.38557965047122333,0.8037331869338458,0.22380821667124165,0.11370194659342937,1h
linear,576,0.6,5.0,train,-0.19002695942979198,0.5909620219327602,-0.32155528168849623,-1.720296329832536,-0.7112344656191273,0.37944917192789823,0.8002866989965535,0.22670570653002714,0.10455607376736066,1h
linear,576,0.6,5.0,valid,-0.6063891062523835,0.483117661688149,-1.255158224051444,-0.8510956124912413,-0.7565327103004513,0.38649464726873456,0.8040991856528502,0.2253637112270107,0.10959302525573543,1h
linear,576,0.6,5.0,test,-0.6202661440100851,0.38014716358687944,-1.6316474340030909,-0.9450681319386005,-0.7738457406262301,0.3838411565559521,0.8003476987830542,0.2170372403696587,0.11370194659342937,1h
linear,1152,0.6,5.0,train,-0.1318312710144737,0.585661675366492,-0.2250979986559255,-1.4713881092243386,-0.4934191646976174,0.3792966724616464,0.7966267118065087,0.2205447280934517,0.10455607376736066,1h
linear,1152,0.6,5.0,valid,-0.5046675784479902,0.4845385561090991,-1.041542663808902,-0.6863944509408151,-0.6296246535225913,0.38475615335346325,0.8001646994235521,0.21987373044194344,0.10959302525573543,1h
linear,1152,0.6,5.0,test,-0.561584039498581,0.38504873755727537,-1.4584752129333922,-0.888169046583432,-0.7006337862647873,0.38512215207246775,0.8014456949400677,0.21886723396468113,0.11370194659342937,1h
linear,-1,0.65,5.0,train,-0.009156173777513047,0.5502835391719367,-0.016639010847555428,-1.2114367484358408,-0.034269802470657806,0.33598682404611585,0.7000335498825754,0.19135633025284413,0.10455607376736066,1h
linear,-1,0.65,5.0,valid,-0.7620924799117861,0.4566514290421327,-1.6688713347735349,-0.9922439328201931,-0.9507886658624858,0.3380913166803916,0.7041815353646262,0.20715527495653765,0.10959302525573543,1h
linear,-1,0.65,5.0,test,-0.6977583046942832,0.3666616269222263,-1.9030033509404758,-0.9479159722131281,-0.8705251726031231,0.3358953243663647,0.703998536005124,0.20020129929545247,0.11370194659342937,1h
linear,288,0.65,5.0,train,0.0894465413696347,0.564210932017664,0.15853386790958945,-1.0871160310053885,0.3347812502154426,0.33388233141184004,0.7066520267179065,0.22030072894744868,0.10455607376736066,1h
linear,288,0.65,5.0,valid,-0.9412910727603554,0.44921243392641425,-2.095425241311439,-1.393235328362268,-1.1743573212553993,0.3401043096349163,0.7088480190319334,0.22088022691920578,0.10959302525573543,1h
linear,288,0.65,5.0,test,-0.613998067412087,0.35180999124668716,-1.7452547758416417,-0.8719173628293264,-0.7660256710897623,0.336901820843627,0.7021685424101015,0.21246225638210267,0.11370194659342937,1h
linear,576,0.65,5.0,train,-0.09591769618067669,0.5562587229673894,-0.1724336036817527,-1.3451446846686548,-0.3590015416295972,0.3326623356818251,0.7022295421966023,0.2186537347119285,0.10455607376736066,1h
linear,576,0.65,5.0,valid,-0.8819726793811405,0.4550900201281055,-1.9380180631798292,-1.1931439186490105,-1.1003515311593557,0.3370848202031293,0.703266538567115,0.21804373684692105,0.10959302525573543,1h
linear,576,0.65,5.0,test,-0.506131754034077,0.35661948319903203,-1.419248745171898,-0.8150517506429571,-0.6314513629952087,0.3358038246866136,0.7012535456125903,0.20880226919205783,0.11370194659342937,1h
linear,1152,0.65,5.0,train,-0.052381834889225036,0.5504174648539978,-0.0951674651223498,-1.2052464100653975,-0.1960551621589467,0.33516332692835576,0.702778540275109,0.2077957727147955,0.10455607376736066,1h
linear,1152,0.65,5.0,valid,-0.9023831196335736,0.45770376938658236,-1.9715439985188532,-1.2045546976177903,-1.1258156523373009,0.33681032116387594,0.70775002287492,0.21008326470857352,0.10959302525573543,1h
linear,1152,0.65,5.0,test,-0.5401208570094443,0.3592762547506587,-1.503358070196689,-0.8125177541518882,-0.673856260988109,0.33836581571964497,0.7050050324823863,0.2025802909689816,0.11370194659342937,1h
linear,-1,0.7,5.0,train,0.014592633478819573,0.516660369265466,0.028244150987554673,-1.253910995519595,0.05461742852401996,0.2859669991155031,0.5999939000213499,0.1751913868301461,0.10455607376736066,1h
linear,-1,0.7,5.0,valid,-0.8045630625973814,0.42602126131519774,-1.8885514307749873,-1.0861268884243447,-1.0037750811787935,0.2867599963400128,0.5992314026900906,0.1947113185103852,0.10959302525573543,1h
linear,-1,0.7,5.0,test,-0.5491814084667658,0.3449103368242927,-1.5922439829529804,-0.8433580942850127,-0.6851602298096992,0.28749199377802176,0.606368377710678,0.18684234605178882,0.11370194659342937,1h
linear,288,0.7,5.0,train,0.1366385527134964,0.5264954063822831,0.259524681615711,-0.9282820151895343,0.5114118981529003,0.2888339890810382,0.6106688626589807,0.21002226492207277,0.10455607376736066,1h
linear,288,0.7,5.0,valid,-1.2278044952430418,0.42360318293313887,-2.898477973516165,-1.7195033880645842,-1.5318122521130788,0.2916094793668222,0.6129563546527587,0.21319425382011162,0.10959302525573543,1h
linear,288,0.7,5.0,test,-0.47744405643896354,0.3271419265249208,-1.4594401320265904,-0.7359007282578669,-0.5956605128791226,0.2877664928172751,0.6001463994876018,0.20111629609296366,0.11370194659342937,1h
linear,576,0.7,5.0,train,-0.049844485662477525,0.5167526534819478,-0.09645714507050672,-1.3354150808084073,-0.1865583506181625,0.2848385030652393,0.6037148869978956,0.2041052856315003,0.10455607376736066,1h
linear,576,0.7,5.0,valid,-1.0019978476313187,0.42482024166504134,-2.3586396064935284,-1.3477822991910855,-1.2500952599043442,0.28959648641229757,0.6087473693842071,0.2020312928904749,0.10959302525573543,1h
linear,576,0.7,5.0,test,-0.4854196889434714,0.3287211744823637,-1.476691270977175,-0.7666170735473941,-0.6056109338427882,0.28630249794125723,0.6001463994876018,0.19965230121694574,0.11370194659342937,1h
linear,1152,0.7,5.0,train,-0.08758707730185772,0.5133064520752919,-0.17063311195046196,-1.147176452826516,-0.327821632819133,0.28685149601976395,0.605392381126666,0.19742580900966847,0.10455607376736066,1h
linear,1152,0.7,5.0,valid,-0.8319985839882393,0.4288364599829967,-1.9401302399083045,-1.12735216685422,-1.038003712831842,0.289962485131302,0.6084728703449538,0.19709031018391435,0.10959302525573543,1h
linear,1152,0.7,5.0,test,-0.5685257294023481,0.33110441304848665,-1.71705874943773,-0.8624436079043707,-0.7092942576070663,0.2858449995425016,0.6037148869978956,0.1959923140269009,0.11370194659342937,1h
linear,-1,0.75,5.0,train,-0.11203983506359819,0.4726874011219755,-0.2370273351852817,-1.3317715843065516,-0.4193436155513586,0.23686217098240156,0.5000152499466252,0.1626864305974929,0.10455607376736066,1h
linear,-1,0.75,5.0,valid,-0.8584056756157896,0.3888015895100331,-2.207824501688768,-1.1973100579258689,-1.0709492726945773,0.23625217311739408,0.49638576264983075,0.18116936590721933,0.10959302525573543,1h
linear,-1,0.75,5.0,test,-0.4332973115880842,0.31718123659333736,-1.3660874654562905,-0.6775902590954843,-0.5405829130531974,0.24274865037972368,0.5107512123707567,0.1731173940891207,0.11370194659342937,1h
linear,288,0.75,5.0,train,-0.13162070610770424,0.4870828016722432,-0.27022244607246776,-1.2502755834124168,-0.4926310606338995,0.2394546619086833,0.5126117058590295,0.19422332021837924,0.10455607376736066,1h
linear,288,0.75,5.0,valid,-1.0143476556927817,0.38655414112180914,-2.6240765465584426,-1.424580789773828,-1.2655029142769367,0.24082715710495015,0.512489706286028,0.19526031658889195,0.10959302525573543,1h
linear,288,0.75,5.0,test,-0.5022501835916905,0.3006932262047475,-1.670307608624676,-0.7463311358023655,-0.6266087050768613,0.23918016286942995,0.5038887363894227,0.18702534541129107,0.11370194659342937,1h
linear,576,0.75,5.0,train,-0.056989487939096466,0.4780466372032024,-0.11921323884320527,-1.405814445933364,-0.21330072386513899,0.23747216884740904,0.5063897276359532,0.18531735138927014,0.10455607376736066,1h
linear,576,0.75,5.0,valid,-0.8269219842119334,0.3902888577388504,-2.1187435096218974,-1.2185672321381271,-1.0316701330424383,0.24046115838594564,0.5080977216579742,0.18830634092780676,0.10959302525573543,1h
linear,576,0.75,5.0,test,-0.5405592674351531,0.29904964062925865,-1.8075904264513116,-0.7875085475340606,-0.6744032230363537,0.2372586695946564,0.5000457498398756,0.18354835758074847,0.11370194659342937,1h
linear,1152,0.75,5.0,train,-0.2283437896277239,0.47278862770907654,-0.4829722549253698,-1.5665429247049678,-0.8546470126167907,0.2404001585994449,0.5091957178149876,0.1804983682557111,0.10455607376736066,1h
linear,1152,0.75,5.0,valid,-0.8098390302930117,0.3944236945841661,-2.0532210448127635,-1.1619587163702747,-1.0103573929305771,0.238448165431421,0.5047122335071828,0.18007136975020588,0.10959302525573543,1h
linear,1152,0.75,5.0,test,-0.412377960459495,0.3059926719037414,-1.3476726677599,-0.7843841369675051,-0.5144838732718702,0.238448165431421,0.5020587427944002,0.1793393723121969,0.11370194659342937,1h
linear,-1,0.8,5.0,train,0.03016469318555039,0.4228534353299274,0.07133604853420351,-1.1210517788963874,0.11290066158390544,0.18949583676457132,0.40003659987190043,0.14090950681672615,0.10455607376736066,1h
linear,-1,0.8,5.0,valid,-0.5874037341530938,0.34907673162668323,-1.6827352869262195,-0.9295273537967539,-0.7328465080546683,0.1819013633452283,0.38466465367371216,0.15664745173391892,0.10959302525573543,1h
linear,-1,0.8,5.0,test,-0.5232566189088056,0.2868883014379346,-1.8239036457260593,-0.8138683274010545,-0.6528163913303688,0.18876383932656235,0.40351358770244306,0.15134047030835393,0.11370194659342937,1h
linear,288,0.8,5.0,train,-0.3205489543900064,0.43849238754958647,-0.7310251294927155,-1.6781723761191079,-1.199753261139728,0.19047183334858328,0.4113215603745387,0.17537438618964835,0.10455607376736066,1h
linear,288,0.8,5.0,valid,-0.8000534823742941,0.3517938390659178,-2.2742111814652417,-1.1264392042699363,-0.9981489165374754,0.19141733003934486,0.4111995608015372,0.1731173940891207,0.10959302525573543,1h
linear,288,0.8,5.0,test,-0.5216769434207346,0.26738607680310494,-1.9510250857410267,-0.7577771082977411,-0.6508455838635722,0.1916003293988471,0.4113825601610394,0.16726141458504895,0.11370194659342937,1h
linear,576,0.8,5.0,train,-0.16582625519303698,0.4342174114187724,-0.38189683516193484,-1.2511155769714226,-0.620655870891988,0.19208832769085307,0.4107115625095312,0.16762741330405342,0.10455607376736066,1h
linear,576,0.8,5.0,valid,-0.7244784212395942,0.3578471874812119,-2.024546919982797,-1.0973054186168605,-0.9038612632108659,0.19452831915088298,0.4108335620825327,0.1648824229115198,0.10959302525573543,1h
linear,576,0.8,5.0,test,-0.7011350435982028,0.2678344711089101,-2.6177924025063177,-0.9214494903783224,-0.8747380013110018,0.18519535181626864,0.398938603714887,0.15939244212645257,0.11370194659342937,1h
linear,1152,0.8,5.0,train,-0.06261442428875647,0.4316879557597653,-0.14504556695021958,-0.993009748963507,-0.23435378186703937,0.19306432427486503,0.4113215603745387,0.16146643486747797,0.10455607376736066,1h
linear,1152,0.8,5.0,valid,-0.7803631281013911,0.36043930095128623,-2.165033407960299,-1.1735412670289007,-0.973583176600429,0.19315582395461617,0.40552658065696773,0.1636014273950041,0.10959302525573543,1h
linear,1152,0.8,5.0,test,-0.5224087769428818,0.2744634818311676,-1.903381730266886,-0.7264591540763153,-0.6517586213708273,0.18739134413029554,0.40278159026443405,0.15975844084545704,0.11370194659342937,1h
linear,-1,0.6,10.0,train,-0.7828733507243193,0.5918479125656504,-1.3227610237410097,-3.198852121644456,-2.930144811666253,0.37978467075365235,0.8000121999573001,0.19782230762192332,0.10455607376736066,1h
linear,-1,0.6,10.0,valid,-1.7320376983685377,0.4871328122949856,-3.555575922320942,-2.180311716224864,-2.1608949777932343,0.38082166712416504,0.8021776923780767,0.2095342666300668,0.10959302525573543,1h
linear,-1,0.6,10.0,test,-1.586110791478567,0.3903229693889868,-4.063585583911373,-2.0228940526815644,-1.9788361689575644,0.37780217769237806,0.8010796962210632,0.20660627687803093,0.11370194659342937,1h
linear,288,0.6,10.0,train,-1.0854487214026638,0.6005179160019251,-1.8075209622874668,-4.133560534965569,-4.06262639596192,0.3735016927440754,0.800896696861561,0.22969469606856377,0.10455607376736066,1h
linear,288,0.6,10.0,valid,-1.7838513665077456,0.48730849052388886,-3.6606203281826413,-2.284046933793537,-2.2255378521189533,0.3800896696861561,0.8080336718821484,0.22554671058651296,0.10959302525573543,1h
linear,288,0.6,10.0,test,-1.563677549482893,0.38854117831866114,-4.024483469807276,-1.996638191106684,-1.9508483947828201,0.3783511757708848,0.8037331869338458,0.22380821667124165,0.11370194659342937,1h
linear,576,0.6,10.0,train,-1.1829979540313111,0.5944097457021568,-1.9902061878778154,-4.489151024069205,-4.4277344656190545,0.3740811907158325,0.8002866989965535,0.22670570653002714,0.10455607376736066,1h
linear,576,0.6,10.0,valid,-1.5938829300240003,0.48693358970063405,-3.2733065940345516,-2.019627686080821,-1.9885327103003803,0.38018116936590723,0.8040991856528502,0.2253637112270107,0.10959302525573543,1h
linear,576,0.6,10.0,test,-1.5712900254265003,0.3844208572089801,-4.087421366349824,-2.043222165813731,-1.9603457406261746,0.376978680574618,0.8003476987830542,0.2170372403696587,0.11370194659342937,1h
linear,1152,0.6,10.0,train,-1.0978171800637926,0.5889721939939421,-1.8639541751865527,-4.195521244287788,-4.108919164697386,0.37459968890108886,0.7966267118065087,0.2205447280934517,0.10455607376736066,1h
linear,1152,0.6,10.0,valid,-1.4681152863810123,0.48812050625397924,-3.0076902477379663,-1.859207312254084,-1.8316246535225076,0.37761917833287584,0.8001646994235521,0.21987373044194344,0.10959302525573543,1h
linear,1152,0.6,10.0,test,-1.520623292861194,0.3891904567149011,-3.907144347003135,-1.9730766756266844,-1.8971337862647213,0.37899167352914265,0.8014456949400677,0.21886723396468113,0.11370194659342937,1h
linear,-1,0.65,10.0,train,-0.8472969002849707,0.5530163614802823,-1.5321371288490908,-3.4753378682026312,-3.1712698024704262,0.3317473388843139,0.7000335498825754,0.19135633025284413,0.10455607376736066,1h
linear,-1,0.65,10.0,valid,-1.6694325842214213,0.46000727467933683,-3.6291438768770647,-2.105466749641117,-2.082788665862428,0.33260133589532437,0.7041815353646262,0.20715527495653765,0.10959302525573543,1h
linear,-1,0.65,10.0,test,-1.5746399956083648,0.3705240682595858,-4.249764402633047,-2.0114609297445183,-1.9645251726030695,0.3295818464635374,0.703998536005124,0.20020129929545247,0.11370194659342937,1h
linear,288,0.65,10.0,train,-0.875470651420191,0.5673545324976057,-1.5430750990323419,-3.340443466212463,-3.2767187497843793,0.3289413487052795,0.7066520267179065,0.22030072894744868,0.10455607376736066,1h
linear,288,0.65,10.0,valid,-1.9091472352637866,0.4528172074378724,-4.216154341982965,-2.515645691695826,-2.381857321255333,0.33388233141184004,0.7088480190319334,0.22088022691920578,0.10959302525573543,1h
linear,288,0.65,10.0,test,-1.5445827503656966,0.3560268531471848,-4.338388345463233,-1.9749173628292773,-1.9270256710897071,0.330771342300302,0.7021685424101015,0.21246225638210267,0.11370194659342937,1h
linear,576,0.65,10.0,train,-1.053621054218924,0.5594196409757582,-1.8834180587245082,-3.992549509713054,-3.9435015416293826,0.32769085308201423,0.7022295421966023,0.2186537347119285,0.10455607376736066,1h
linear,576,0.65,10.0,valid,-1.8374050153679649,0.45870245343314053,-4.005657701666906,-2.3270789354376546,-2.2923515311592944,0.32985634550279075,0.703266538567115,0.21804373684692105,0.10959302525573543,1h
linear,576,0.65,10.0,test,-1.4210864616926002,0.3605797374623253,-3.941115692450912,-1.8362264639093218,-1.7729513629951554,0.3299478451825419,0.7012535456125903,0.20880226919205783,0.11370194659342937,1h
linear,1152,0.65,10.0,train,-0.9625273193800297,0.5534496267272002,-1.7391416904044046,-3.7334618192306834,-3.602555162158767,0.3308018421935523,0.702778540275109,0.2077957727147955,0.10455607376736066,1h
linear,1152,0.65,10.0,valid,-1.8229485876544358,0.4610876863686546,-3.953583323838601,-2.305245633204219,-2.274315652337241,0.3301308445420441,0.70775002287492,0.21008326470857352,0.10959302525573543,1h
linear,1152,0.65,10.0,test,-1.4274225314535836,0.3630100564177013,-3.932184539293052,-1.8244624350590284,-1.7808562609880612,0.33287583493457773,0.7050050324823863,0.2025802909689816,0.11370194659342937,1h
linear,-1,0.7,10.0,train,-0.7527456408372205,0.5193641848041001,-1.4493599344382015,-3.3439109955193818,-2.8173825714757688,0.28218501235245674,0.5999939000213499,0.1751913868301461,0.10455607376736066,1h
linear,-1,0.7,10.0,valid,-1.6573986376728689,0.4293256981801241,-3.860469207174049,-2.0982874169366608,-2.067775081178749,0.28163601427395,0.5992314026900906,0.1947113185103852,0.10959302525573543,1h
linear,-1,0.7,10.0,test,-1.3675508841736006,0.3486298298133305,-3.9226444991980136,-1.7791971392059984,-1.706160229809655,0.282368011711959,0.606368377710678,0.18684234605178882,0.11370194659342937,1h
linear,288,0.7,10.0,train,-0.7832589676451827,0.5294873408935963,-1.479277986747153,-3.1110994123335827,-2.931588101847033,0.28352700765547323,0.6106688626589807,0.21002226492207277,0.10455607376736066,1h
linear,288,0.7,10.0,valid,-2.1615953269751307,0.42745099995361646,-5.056942964713358,-2.797503388064545,-2.69681225211303,0.2845640040259859,0.6129563546527587,0.21319425382011162,0.10959302525573543,1h
linear,288,0.7,10.0,test,-1.3583334333261443,0.33120156844509513,-4.101228867070784,-1.7804811872590018,-1.6946605128790766,0.2822765120322079,0.6001463994876018,0.20111629609296366,0.11370194659342937,1h
linear,576,0.7,10.0,train,-0.943825636728449,0.5198188157330339,-1.8156819417886838,-3.6101550294404845,-3.5325583506179634,0.28023301918443283,0.6037148869978956,0.2041052856315003,0.10455607376736066,1h
linear,576,0.7,10.0,valid,-1.8868949104915989,0.4283339099371239,-4.405196195576905,-2.4027463256264676,-2.354095259904286,0.28310000914996797,0.6087473693842071,0.2020312928904749,0.10959302525573543,1h
linear,576,0.7,10.0,test,-1.3598967682736938,0.33260264512104837,-4.08865289624732,-1.7399986621444028,-1.6966109338427404,0.28154451459419894,0.6001463994876018,0.19965230121694574,0.11370194659342937,1h
linear,1152,0.7,10.0,train,-0.952312120764206,0.5162900675869139,-1.8445292298866294,-3.625525940560785,-3.5643216328189222,0.28197151309970414,0.605392381126666,0.19742580900966847,0.10455607376736066,1h
linear,1152,0.7,10.0,valid,-1.6956549111910941,0.43228406495208127,-3.922547807491025,-2.1588032617448505,-2.115503712831785,0.2838320065879769,0.6084728703449538,0.19709031018391435,0.10959302525573543,1h
linear,1152,0.7,10.0,test,-1.426972064840174,0.3349879708881605,-4.2597710629931385,-1.8262614613547856,-1.7802942576070115,0.2809955165156922,0.6037148869978956,0.1959923140269009,0.11370194659342937,1h
linear,-1,0.75,10.0,train,-0.8246064010806174,0.4754708760473478,-1.7342942388725875,-3.2823247535650966,-3.0863436155511503,0.23295818464635373,0.5000152499466252,0.1626864305974929,0.10455607376736066,1h
linear,-1,0.75,10.0,valid,-1.6519274982894103,0.39231501482406533,-4.210716989840987,-2.1223100579258336,-2.060949272694532,0.2309451916918291,0.49638576264983075,0.18116936590721933,0.10959302525573543,1h
linear,-1,0.75,10.0,test,-1.1915514976984327,0.32071383827920524,-3.715310521341142,-1.550422578132123,-1.486582913053147,0.2380821667124165,0.5107512123707567,0.1731173940891207,0.11370194659342937,1h
linear,288,0.75,10.0,train,-0.9823188486642056,0.49005675495212836,-2.0045001701081833,-3.7299125958445405,-3.67663106063368,0.23536767621313326,0.5126117058590295,0.19422332021837924,0.10455607376736066,1h
linear,288,0.75,10.0,valid,-1.8695878423521282,0.3901654737476987,-4.791781867303566,-2.4135807897737913,-2.332502914276895,0.2349711776008784,0.512489706286028,0.19526031658889195,0.10959302525573543,1h
linear,288,0.75,10.0,test,-1.321421196493145,0.3046679821041507,-4.3372499708269885,-1.7254568356420696,-1.648608705076818,0.23423918016286943,0.5038887363894227,0.18702534541129107,0.11370194659342937,1h
linear,576,0.75,10.0,train,-0.8686794870240999,0.4810607353494066,-1.8057584483446898,-3.390228197671694,-3.2513007238649556,0.23326318357885747,0.5063897276359532,0.18531735138927014,0.10455607376736066,1h
linear,576,0.75,10.0,valid,-1.651703757475727,0.3938852659175741,-4.193362637284759,-2.168567232138085,-2.0606701330423878,0.23533717631988288,0.5080977216579742,0.18830634092780676,0.10959302525573543,1h
linear,576,0.75,10.0,test,-1.3445010736388312,0.30290235719221886,-4.438727668222219,-1.7206607336849826,-1.6774032230363132,0.23213468752859365,0.5000457498398756,0.18354835758074847,0.11370194659342937,1h
linear,1152,0.75,10.0,train,-1.0189266425877388,0.47584195794192913,-2.141313151523487,-3.909528777873084,-3.813647012616661,0.23619117333089334,0.5091957178149876,0.1804983682557111,0.10455607376736066,1h
linear,1152,0.75,10.0,valid,-1.5985516297989133,0.3977790491331175,-4.018692370255918,-2.067958716370243,-1.9943573929305423,0.23414768048311832,0.5047122335071828,0.18007136975020588,0.10959302525573543,1h
linear,1152,0.75,10.0,test,-1.1978844111869174,0.30976113917458864,-3.8671229527980318,-1.542963269648572,-1.4944838732718215,0.23350718272486046,0.5020587427944002,0.1793393723121969,0.11370194659342937,1h
linear,-1,0.8,10.0,train,-0.5870189466717103,0.42557145919554606,-1.3793663413926933,-2.761328732860028,-2.1970993384159967,0.1862628480800317,0.40003659987190043,0.14090950681672615,0.10455607376736066,1h
linear,-1,0.8,10.0,valid,-1.2735195727476587,0.3523632141915142,-3.6142239639563614,-1.682186649457844,-1.5888465080546352,0.1779668771159301,0.38466465367371216,0.15664745173391892,0.10959302525573543,1h
linear,-1,0.8,10.0,test,-1.1861278788593959,0.29041949948844137,-4.08418815178973,-1.5658683274010308,-1.4798163913303424,0.18519535181626864,0.40351358770244306,0.15134047030835393,0.11370194659342937,1h
linear,288,0.8,10.0,train,-1.0886887659006663,0.4415556761038401,-2.465575293940148,-4.168377995323038,-4.074753261139652,0.1867508463720377,0.4113215603745387,0.17537438618964835,0.10455607376736066,1h
linear,288,0.8,10.0,valid,-1.5583076684846426,0.35529051749900986,-4.386009734945953,-2.006513602221255,-1.9441489165374366,0.1862933479732821,0.4111995608015372,0.1731173940891207,0.10959302525573543,1h
linear,288,0.8,10.0,test,-1.254281939303249,0.27123106489026994,-4.624403697307626,-1.6323922917146296,-1.5648455838635376,0.18748284381004665,0.4113825601610394,0.16726141458504895,0.11370194659342937,1h
linear,576,0.8,10.0,train,-0.9000343254647912,0.4372346779895533,-2.058469674919736,-3.424088631164809,-3.3686558708917778,0.188489340287309,0.4107115625095312,0.16762741330405342,0.10455607376736066,1h
linear,576,0.8,10.0,valid,-1.4466634335920507,0.3612516882966259,-4.0045859450881975,-1.9283054186168278,-1.8048612632108307,0.18995333516332694,0.4108335620825327,0.1648824229115198,0.10959302525573543,1h
linear,576,0.8,10.0,test,-1.3992739401120649,0.271703989875436,-5.149994082727931,-1.7909494903782908,-1.7457380013109702,0.18080336718821485,0.398938603714887,0.15939244212645257,0.11370194659342937,1h
linear,1152,0.8,10.0,train,-0.7698374090083103,0.43458372939060635,-1.7714363353819351,-2.984316844066655,-2.881353781866835,0.18961783633757281,0.4113215603745387,0.16146643486747797,0.10455607376736066,1h
linear,1152,0.8,10.0,valid,-1.496937380091509,0.3637719877771381,-4.115043022522656,-1.9955412670288675,-1.8675831766003912,0.18958733644432244,0.40552658065696773,0.1636014273950041,0.10959302525573543,1h
linear,1152,0.8,10.0,test,-1.2221507478459834,0.2781240857358793,-4.394264324904961,-1.5698304087679316,-1.524758621370794,0.1828163601427395,0.40278159026443405,0.15975844084545704,0.11370194659342937,1h
ridge,-1,0.6,2.0,train,0.5860894746029247,0.5877824132829143,0.9971197867752898,-0.6919821149040533,2.193620502717613,0.38750114374599687,0.8000121999573001,0.19757830847592034,0.10466722657130705,1h
ridge,-1,0.6,2.0,valid,-0.26331796882450803,0.48173692422809056,-0.546601175001137,-0.44670844302773327,-0.3285162193245432,0.39088663189678835,0.802360691737579,0.2095342666300668,0.10972019940835559,1h
ridge,-1,0.6,2.0,test,-0.13935513011776732,0.38466414817167943,-0.36227740687591126,-0.5761832309038314,-0.1738598421298002,0.3885991399030103,0.8011711959008143,0.20642327751852868,0.11383365976439286,1h
ridge,288,0.6,2.0,train,0.5300611203207017,0.5952196858840895,0.8905302242035112,-0.9772291306732082,1.9839171178031325,0.3821636624271815,0.8008661969683106,0.22981669564156526,0.10466722657130705,1h
ridge,288,0.6,2.0,valid,-0.20197755404269518,0.48155488739361646,-0.4194278976917567,-0.4987156757468476,-0.25198774978682215,0.3903376338182816,0.8076676731631439,0.22554671058651296,0.10972019940835559,1h
ridge,288,0.6,2.0,test,0.006494604483110317,0.38206852091429877,0.016998533319543256,-0.3345071474665757,0.008102686346558752,0.39161862933479735,0.8040076859730991,0.22380821667124165,0.11383365976439286,1h
ridge,576,0.6,2.0,train,0.405398737706166,0.5892039752428909,0.6880448108637526,-0.9399762010474326,1.51732972753116,0.38259066093268673,0.8002561991033031,0.22670570653002714,0.10466722657130705,1h
ridge,576,0.6,2.0,valid,-0.004344683554905584,0.4812487199573132,-0.009027937893093946,-0.3967554374311696,-0.0054204391063474855,0.3905206331777839,0.8039161862933479,0.22518071186750846,0.10972019940835559,1h
ridge,576,0.6,2.0,test,-0.05001905462785571,0.37808367352375516,-0.1322962564388885,-0.4980374029420428,-0.06240390959221864,0.3888736389422637,0.8000731997438009,0.2170372403696587,0.11383365976439286,1h
ridge,1152,0.6,2.0,train,0.4434075940790555,0.5840759331038508,0.7591608709551402,-0.8148938738415894,1.6595895875651507,0.3829871595449416,0.7966877115930094,0.22060572787995242,0.10466722657130705,1h
ridge,1152,0.6,2.0,valid,0.06902799577549797,0.4828022390872005,0.1429736446666118,-0.367786711129908,0.08611951664730078,0.38969713606002376,0.8001646994235521,0.2200567298014457,0.10972019940835559,1h
ridge,1152,0.6,2.0,test,0.03034891839006312,0.3830119326775944,0.0792375270866815,-0.4017710337848317,0.037863393731162986,0.390612132857535,0.801720193979321,0.21905023332418336,0.11383365976439286,1h
ridge,-1,0.65,2.0,train,0.49969440046516633,0.5489443465905389,0.9102824422343337,-0.6534884915895813,1.8702603091383523,0.3391588129441547,0.7000335498825754,0.19141733003934486,0.10466722657130705,1h
ridge,-1,0.65,2.0,valid,-0.21405902239329078,0.45498832398291983,-0.47047146291456593,-0.35965145013418465,-0.267060622800945,0.3418428035501876,0.7043645347241284,0.20715527495653765,0.10972019940835559,1h
ridge,-1,0.65,2.0,test,-0.17566317941093818,0.36475284829571386,-0.48159508618428615,-0.4738264982121939,-0.21915786390207082,0.3392808125171562,0.703998536005124,0.20020129929545247,0.11383365976439286,1h
ridge,288,0.65,2.0,train,0.6768242332357343,0.56274559592422,1.2027179566357302,-0.7515373977442521,2.5332233030936218,0.33735931924238266,0.7066825266111568,0.22030072894744868,0.10466722657130705,1h
ridge,288,0.65,2.0,valid,-0.32350541091974955,0.4492276739865136,-0.7201368696832814,-0.6749842440865103,-0.40360623697964404,0.34413029554396557,0.7091225180711868,0.22124622563821025,0.10972019940835559,1h
ridge,288,0.65,2.0,test,-0.053724502492901574,0.34977461003266663,-0.15359749093247238,-0.4765100293727672,-0.06702683650056818,0.3410193064324275,0.7021685424101015,0.2126452557416049,0.11383365976439286,1h
ridge,576,0.65,2.0,train,0.47393381245835214,0.5546151836069402,0.8545272947201397,-0.8642124917350635,1.7738433686155894,0.33586482447311433,0.7021075426236009,0.218531735138927,0.10466722657130705,1h
ridge,576,0.65,2.0,valid,-0.30644708398009846,0.45331656253373903,-0.6760112232989292,-0.6021262779213853,-0.3823242215546232,0.34138530515143195,0.7035410376063683,0.21804373684692105,0.10972019940835559,1h
ridge,576,0.65,2.0,test,0.047058485644019786,0.35472306270674875,0.13266260525869236,-0.3593358342084587,0.05871029561683394,0.3404703083539208,0.7011620459328393,0.20861926983255558,0.11383365976439286,1h
ridge,1152,0.65,2.0,train,0.4936768907690642,0.5489918427138875,0.8992426705807153,-0.6729804984010177,1.8477379243888112,0.3382438161466435,0.7028395400616098,0.20761277335529327,0.10466722657130705,1h
ridge,1152,0.65,2.0,valid,-0.33915404483777956,0.4559001134835192,-0.7439218258717103,-0.5403289700897033,-0.4231295155287591,0.3408363070729252,0.7075670235154177,0.20990026534907127,0.10972019940835559,1h
ridge,1152,0.65,2.0,test,-0.03609102180302701,0.35716958988009323,-0.10104729749008941,-0.42562435117178454,-0.045027257680973376,0.34257480098819654,0.704730533443133,0.20276329032848386,0.11383365976439286,1h
ridge,-1,0.7,2.0,train,0.47521264886373393,0.5153251478119504,0.9221607966959647,-0.8375494763886271,1.7786298080246392,0.2890779882270412,0.5999939000213499,0.17513038704364534,0.10466722657130705,1h
ridge,-1,0.7,2.0,valid,-0.28506789920571557,0.42445451805774836,-0.6716100007844213,-0.49025821771209266,-0.355651492056982,0.29051148320980874,0.5994144020495928,0.19434531979138073,0.10972019940835559,1h
ridge,-1,0.7,2.0,test,-0.05088365623349213,0.34284774662517736,-0.14841473142047898,-0.4373248748562246,-0.0634825889241849,0.2913349803275688,0.6061853783511758,0.18702534541129107,0.11383365976439286,1h
ridge,288,0.7,2.0,train,0.6878449293771526,0.5250757051528614,1.3099919166454395,-0.6089085397577954,2.5744716551927813,0.29246347637783265,0.6106383627657304,0.21008326470857352,0.10466722657130705,1h
ridge,288,0.7,2.0,valid,-0.6582393325728313,0.4218059414517311,-1.5605264598866637,-1.0624539937531832,-0.8212211947132634,0.2959099643151249,0.6131393540122609,0.21337725317961387,0.10972019940835559,1h
ridge,288,0.7,2.0,test,0.036358394914430284,0.3248751790917611,0.11191496689921282,-0.38674556932246495,0.04536083310728145,0.29142648000731997,0.5998719004483485,0.20111629609296366,0.11383365976439286,1h
ridge,576,0.7,2.0,train,0.49001164433545796,0.5154408539503452,0.9506651259402559,-0.7438023373382756,1.8340196099117794,0.2884984902552841,0.6038673864641474,0.20434928477750328,0.10466722657130705,1h
ridge,576,0.7,2.0,valid,-0.4701132100893948,0.42312901255010815,-1.111039886525679,-0.7414383983987076,-0.5865145288888931,0.2942629700796047,0.6088388690639582,0.20276329032848386,0.10972019940835559,1h
ridge,576,0.7,2.0,test,0.0445567733352162,0.32687990470787415,0.13630930715987474,-0.33253445463109244,0.0555891524863632,0.2901454844908043,0.6001463994876018,0.199835300576448,0.11383365976439286,1h
ridge,1152,0.7,2.0,train,0.4275592220656122,0.5118246561364179,0.835362690990904,-0.6248816719896273,1.6002721705326475,0.28965748619879833,0.605300881446915,0.19742580900966847,0.10466722657130705,1h
ridge,1152,0.7,2.0,valid,-0.33135079193088174,0.4275016349702076,-0.7750866074558368,-0.554874195294408,-0.41339415582332784,0.2935309726415958,0.6084728703449538,0.1972733095434166,0.10972019940835559,1h
ridge,1152,0.7,2.0,test,-0.05882156112970993,0.32930530139151687,-0.17862318304974975,-0.44677467265794035,-0.07338594082039229,0.28959648641229757,0.6039893860371489,0.19617531338640315,0.11383365976439286,1h
ridge,-1,0.75,2.0,train,0.3103674917102923,0.4713124604719804,0.6585174756455303,-0.8452382357461701,1.1616459989390577,0.24000365998719003,0.5000152499466252,0.16274743038399367,0.10466722657130705,1h
ridge,-1,0.75,2.0,valid,-0.3822925820116166,0.38708132533621353,-0.9876285860072492,-0.6988776870923842,-0.4769492726946062,0.2398206606276878,0.49638576264983075,0.18116936590721933,0.10972019940835559,1h
ridge,-1,0.75,2.0,test,0.017452814464943706,0.31549420148294777,0.0553189706273794,-0.30385769647250804,0.021774179142389105,0.2455851404520084,0.5105682130112544,0.17330039344862294,0.11383365976439286,1h
ridge,288,0.75,2.0,train,0.374647857599867,0.4856737992972761,0.7713981238888055,-0.5633360983318703,1.4022350807223196,0.24277915027297403,0.5127032055387806,0.19434531979138073,0.10466722657130705,1h
ridge,288,0.75,2.0,valid,-0.5001441166221476,0.3848606815254967,-1.2995458892804916,-0.8298590456525134,-0.6239811701556233,0.24576813981151066,0.5126727056455302,0.1950773172293897,0.10972019940835559,1h
ridge,288,0.75,2.0,test,-0.003241649897282346,0.2988257301475223,-0.01084796110322237,-0.3282154609584409,-0.004044291293085811,0.24320614877847926,0.5039802360691737,0.18647634733278434,0.11383365976439286,1h
ridge,576,0.75,2.0,train,0.42559181737935203,0.4765435662231437,0.8930806069891766,-0.685865065745423,1.5929085521024517,0.24046115838594564,0.5063897276359532,0.18550035074877239,0.10466722657130705,1h
ridge,576,0.75,2.0,valid,-0.34076695893682646,0.38851498130889056,-0.8771012067251486,-0.6594388906733556,-0.4251417915776663,0.24384664653673713,0.5078232226187208,0.18830634092780676,0.10972019940835559,1h
ridge,576,0.75,2.0,test,-0.06421306938202317,0.29696776866121743,-0.2162290866497294,-0.43945010893459935,-0.08011240128723418,0.240735657425199,0.4997712508006222,0.18318235886174397,0.11383365976439286,1h
ridge,1152,0.75,2.0,train,0.24224071706198783,0.4713064322413744,0.5139771080780134,-0.7550916680290389,0.906660546839313,0.24308414920547777,0.5091042181352365,0.18055936804221184,0.10466722657130705,1h
ridge,1152,0.75,2.0,valid,-0.3214719866109675,0.39285394129833906,-0.8182989982193839,-0.6316259811557534,-0.401069331240989,0.24229115198096807,0.5050782322261872,0.18007136975020588,0.10972019940835559,1h
ridge,1152,0.75,2.0,test,0.06141750546224307,0.3042355724376666,0.20187483327521347,-0.4351235914003506,0.07662464808182845,0.24183365358221245,0.5023332418336536,0.1793393723121969,0.11383365976439286,1h
ridge,-1,0.8,2.0,train,0.39660127719424265,0.4214197711226054,0.9411074286755705,-0.5645830504251017,1.4844025200191906,0.19169182907859822,0.40003659987190043,0.14066550767072314,0.10466722657130705,1h
ridge,-1,0.8,2.0,valid,-0.18980361581501218,0.3479219302842541,-0.545535073514744,-0.5480183310921538,-0.23679951110071495,0.18528685149601976,0.384573153993961,0.15591545429590997,0.10972019940835559,1h
ridge,-1,0.8,2.0,test,-0.12879636087478163,0.28525056047386277,-0.451520097491914,-0.4490930849407956,-0.16068669269411695,0.19169182907859822,0.40360508738219414,0.15134047030835393,0.11383365976439286,1h
ridge,288,0.8,2.0,train,0.14558266342494483,0.43698325833434915,0.3331538695094701,-0.8321442922219775,0.5448879892368044,0.19352182267362064,0.4111995608015372,0.17500838747064384,0.10466722657130705,1h
ridge,288,0.8,2.0,valid,-0.3515890987952428,0.351457993290576,-1.0003730332135552,-0.6396329387607044,-0.43864352291473396,0.19443681947113184,0.41110806112178605,0.17238539665111172,0.10972019940835559,1h
ridge,288,0.8,2.0,test,-0.08008082920248134,0.2656398538016861,-0.3014639108417287,-0.3936848183667204,-0.09990906191255233,0.19480281819013634,0.41129106048128833,0.1670784152255467,0.11383365976439286,1h
ridge,576,0.8,2.0,train,0.260633812357525,0.432418777460079,0.6027347237056253,-0.5725470980174014,0.97550237508755,0.1947113185103852,0.41068106261628085,0.16762741330405342,0.10466722657130705,1h
ridge,576,0.8,2.0,valid,-0.2879959359051473,0.35623769243160397,-0.8084375741919596,-0.6877549152774972,-0.3593045186652145,0.19745630890291885,0.41110806112178605,0.16506542227102206,0.10972019940835559,1h
ridge,576,0.8,2.0,test,-0.2808370716831637,0.2660859443743794,-1.0554374540281228,-0.5498583557616502,-0.3503731000485333,0.1880318418885534,0.39912160307438926,0.1595754414859548,0.11383365976439286,1h
ridge,1152,0.8,2.0,train,0.35937269484443496,0.43029442487903385,0.8351785988058369,-0.3844627449795073,1.345063076011983,0.19608381370665204,0.41144355994754017,0.16171043401348095,0.10466722657130705,1h
ridge,1152,0.8,2.0,valid,-0.3544138106495162,0.3588187023843682,-0.9877239070717851,-0.7147031210138026,-0.44216764116306184,0.19526031658889195,0.40552658065696773,0.1636014273950041,0.10972019940835559,1h
ridge,1152,0.8,2.0,test,-0.103832711255905,0.2733116312410896,-0.3799059366204347,-0.3943650735779388,-0.1295419750360518,0.18995333516332694,0.40314758898343855,0.1601244395644615,0.11383365976439286,1h
ridge,-1,0.6,5.0,train,0.06685367992820497,0.589233383562088,0.11345874451996413,-1.2508011023703636,0.25022050271767426,0.38411565559520544,0.8000121999573001,0.19757830847592034,0.10466722657130705,1h
ridge,-1,0.6,5.0,valid,-0.8139740215283243,0.4835253617890802,-1.6834153611230636,-1.0486586348588596,-1.015516219324493,0.3865861469484857,0.802360691737579,0.2095342666300668,0.10972019940835559,1h
ridge,-1,0.6,5.0,test,-0.6818355034364615,0.3865037476744982,-1.7641109757380227,-1.0525832309038043,-0.8506598421297433,0.3849391527129655,0.8011711959008143,0.20642327751852868,0.11383365976439286,1h
ridge,288,0.6,5.0,train,-0.07389715582533285,0.5969775162237958,-0.1237854924466371,-1.4373082893986573,-0.27658288219688476,0.37859517491688777,0.8008661969683106,0.22981669564156526,0.10466722657130705,1h
ridge,288,0.6,5.0,valid,-0.7949547706224382,0.48344405920844474,-1.644357305629193,-1.1370197782949258,-0.9917877497867587,0.38612864854973006,0.8076676731631439,0.22554671058651296,0.10972019940835559,1h
ridge,288,0.6,5.0,test,-0.5819138500872995,0.38417705096343,-1.514702267165594,-0.8332871099772423,-0.725997313653384,0.3858541495104767,0.8040076859730991,0.22380821667124165,0.11383365976439286,1h
ridge,576,0.6,5.0,train,-0.19038385905474653,0.5909283733268181,-0.3221775559412055,-1.7217036703335182,-0.7125702724688273,0.37938817214139753,0.8002561991033031,0.22670570653002714,0.10466722657130705,1h
ridge,576,0.6,5.0,valid,-0.5963600555011048,0.48312300469757596,-1.2343855492338078,-0.8385833412970992,-0.7440204391063092,0.3865861469484857,0.8039161862933479,0.22518071186750846,0.10972019940835559,1h
ridge,576,0.6,5.0,test,-0.6206333834777056,0.38014249637553427,-1.6326335239946332,-0.9455263009045394,-0.774303909592169,0.3836581571964498,0.8000731997438009,0.2170372403696587,0.11383365976439286,1h
ridge,1152,0.6,5.0,train,-0.13634425878946058,0.5857293694177353,-0.23277688623501724,-1.474432883059684,-0.5103104124348866,0.3792966724616464,0.7966877115930094,0.22060572787995242,0.10466722657130705,1h
ridge,1152,0.6,5.0,valid,-0.5095215513010883,0.4845496415216472,-1.051536329076668,-0.6924502807708945,-0.6356804833526708,0.38466465367371216,0.8001646994235521,0.2200567298014457,0.10972019940835559,1h
ridge,1152,0.6,5.0,test,-0.5455555559442776,0.3849851108274598,-1.4170822211064191,-0.872449865444638,-0.6806366062687845,0.38530515143196997,0.801720193979321,0.21905023332418336,0.11383365976439286,1h
ridge,-1,0.65,5.0,train,-0.0033503428782330354,0.5502893832937545,-0.006088329122723709,-1.1792686728173647,-0.01253969086167439,0.33601732393936623,0.7000335498825754,0.19141733003934486,0.10466722657130705,1h
ridge,-1,0.65,5.0,valid,-0.7584630849790727,0.4566249954731312,-1.6610196386494185,-0.9877158897585929,-0.9462606228008856,0.3380913166803916,0.7043645347241284,0.20715527495653765,0.10972019940835559,1h
ridge,-1,0.65,5.0,test,-0.701792193959388,0.3666128847244545,-1.9142594905982464,-0.9529486635120239,-0.875557863902019,0.3358038246866136,0.703998536005124,0.20020129929545247,0.11383365976439286,1h
ridge,288,0.65,5.0,train,0.09787391756183797,0.5643146037699068,0.17343856938663418,-1.0871160310053871,0.3663233030937354,0.3339433311983408,0.7066825266111568,0.22030072894744868,0.10466722657130705,1h
ridge,288,0.65,5.0,valid,-0.9051809530553532,0.4509844771256242,-2.007122193705151,-1.3481842440864702,-1.1293062369796014,0.3402873089944185,0.7091225180711868,0.22124622563821025,0.10972019940835559,1h
ridge,288,0.65,5.0,test,-0.6125562345818399,0.3518008207987263,-1.7412018345809888,-0.8701185282400834,-0.7642268365005193,0.33699332052337816,0.7021685424101015,0.2126452557416049,0.11383365976439286,1h
ridge,576,0.65,5.0,train,-0.10036758748674915,0.5561878071137069,-0.18045628869068328,-1.3461316956446623,-0.3756566313844155,0.332570836002074,0.7021075426236009,0.218531735138927,0.10466722657130705,1h
ridge,576,0.65,5.0,valid,-0.8797064855721938,0.45509249657692297,-1.9330278837579111,-1.1903166090442203,-1.0975242215545655,0.3372678195626315,0.7035410376063683,0.21804373684692105,0.10972019940835559,1h
ridge,576,0.65,5.0,test,-0.5014334166343231,0.356609671005581,-1.4061127821361736,-0.8091900920308668,-0.6255897043831183,0.3358953243663647,0.7011620459328393,0.20861926983255558,0.11383365976439286,1h
ridge,1152,0.65,5.0,train,-0.051929477608647516,0.5504985620260064,-0.09433172253444376,-1.1905808438607857,-0.194362075611197,0.33519382682160614,0.7028395400616098,0.20761277335529327,0.10466722657130705,1h
ridge,1152,0.65,5.0,valid,-0.8910124033335258,0.4575488071921147,-1.9473603456677995,-1.1903685608092036,-1.1116295155287141,0.33681032116387594,0.7075670235154177,0.20990026534907127,0.10972019940835559,1h
ridge,1152,0.65,5.0,test,-0.5689529487862833,0.3589668952845598,-1.584973311634388,-0.8414243511717723,-0.7098272576809256,0.3379083173208894,0.704730533443133,0.20276329032848386,0.11383365976439286,1h
ridge,-1,0.7,5.0,train,0.014969991713033147,0.5166571545006067,0.02897471095218438,-1.2559371731331788,0.05602980802460933,0.2859974990087535,0.5999939000213499,0.17513038704364534,0.10466722657130705,1h
ridge,-1,0.7,5.0,valid,-0.7958073996174652,0.4260517570458915,-1.8678655502686872,-1.0811694650452455,-0.9928514920569314,0.28694299569951504,0.5994144020495928,0.19434531979138073,0.10972019940835559,1h
ridge,-1,0.7,5.0,test,-0.5423862639743657,0.34462459586769695,-1.5738466449521509,-0.834880453399462,-0.6766825889241485,0.28730899441851954,0.6061853783511758,0.18702534541129107,0.11383365976439286,1h
ridge,288,0.7,5.0,train,0.1357461097230204,0.5265431526879832,0.25780623872904157,-0.9317849111379026,0.5080716551929991,0.2888339890810382,0.6106383627657304,0.21008326470857352,0.10466722657130705,1h
ridge,288,0.7,5.0,valid,-1.2189947539288575,0.4236973118961144,-2.8770415098308213,-1.7085123306647316,-1.5208211947132262,0.2917009790465733,0.6131393540122609,0.21337725317961387,0.10972019940835559,1h
ridge,288,0.7,5.0,test,-0.49217523121787893,0.32681477846454127,-1.5059760563161892,-0.7542793822714247,-0.6140391668926803,0.28749199377802176,0.5998719004483485,0.20111629609296366,0.11383365976439286,1h
ridge,576,0.7,5.0,train,-0.04701827605982168,0.5169552313984039,-0.09095231695911772,-1.3221702079452555,-0.17598039008822286,0.28496050263824074,0.6038673864641474,0.20434928477750328,0.10466722657130705,1h
ridge,576,0.7,5.0,valid,-1.0029751370726512,0.42484611419813956,-2.360796306129998,-1.3490015681755974,-1.251314528888856,0.28968798609204865,0.6088388690639582,0.20276329032848386,0.10972019940835559,1h
ridge,576,0.7,5.0,test,-0.4806103965796898,0.32871051566146764,-1.4621083709857972,-0.7606169872181969,-0.599610847513592,0.2863939976210083,0.6001463994876018,0.199835300576448,0.11383365976439286,1h
ridge,1152,0.7,5.0,train,-0.09127580401179751,0.5132968415964229,-0.1778226488359394,-1.1526541035758633,-0.3416278294673998,0.2867599963400128,0.605300881446915,0.19742580900966847,0.10466722657130705,1h
ridge,1152,0.7,5.0,valid,-0.8500255105693676,0.4292002276209776,-1.980487091726374,-1.1498426098456727,-1.0604941558232948,0.28987098545155093,0.6084728703449538,0.1972733095434166,0.10972019940835559,1h
ridge,1152,0.7,5.0,test,-0.5743702847091783,0.33115654362811325,-1.7344373703640068,-0.8707258433125524,-0.7165859408203478,0.2859364992222527,0.6039893860371489,0.19617531338640315,0.11383365976439286,1h
ridge,-1,0.75,5.0,train,-0.11733275533884387,0.47268805509631484,-0.24822449832149063,-1.3377064864357995,-0.4391540010610022,0.23680117119590083,0.5000152499466252,0.16274743038399367,0.10466722657130705,1h
ridge,-1,0.75,5.0,valid,-0.8584056756157896,0.3888015895100331,-2.207824501688768,-1.1973100579258689,-1.0709492726945773,0.23625217311739408,0.49638576264983075,0.18116936590721933,0.10972019940835559,1h
ridge,-1,0.75,5.0,test,-0.4379806195180379,0.3171625210214346,-1.3809343490759998,-0.6830576964724981,-0.5464258208575874,0.24265715069997254,0.5105682130112544,0.17330039344862294,0.11383365976439286,1h
ridge,288,0.75,5.0,train,-0.13609164281188235,0.48712378935736916,-0.27937794413904365,-1.2550824144310093,-0.509364919277723,0.23954616158843445,0.5127032055387806,0.19434531979138073,0.10466722657130705,1h
ridge,288,0.75,5.0,valid,-1.0128073063009848,0.38660458856266805,-2.619749832940253,-1.4226590456524872,-1.263581170155596,0.24091865678470126,0.5126727056455302,0.1950773172293897,0.10972019940835559,1h
ridge,288,0.75,5.0,test,-0.4933014906878401,0.3007090812097311,-1.6404609022890946,-0.7351667220185557,-0.6154442912930514,0.2393631622289322,0.5039802360691737,0.18647634733278434,0.11383365976439286,1h
ridge,576,0.75,5.0,train,-0.061903104388422656,0.4780303901872327,-0.1294961694049969,-1.4248962909000842,-0.23169144789756624,0.23744166895415866,0.5063897276359532,0.18550035074877239,0.10466722657130705,1h
ridge,576,0.75,5.0,valid,-0.8356360228951033,0.3902742245621668,-2.1411509402973516,-1.2294388906733285,-1.0425417915776392,0.24018665934669228,0.5078232226187208,0.18830634092780676,0.10972019940835559,1h
ridge,576,0.75,5.0,test,-0.545616308470687,0.29878084633351015,-1.8261421880492634,-0.7982120327947677,-0.6807124012871928,0.2370756702351542,0.4997712508006222,0.18318235886174397,0.11383365976439286,1h
ridge,1152,0.75,5.0,train,-0.2322693021529458,0.4728191940782475,-0.491243386609443,-1.5689290385291788,-0.8693394531606788,0.2402781590264434,0.5091042181352365,0.18055936804221184,0.10466722657130705,1h
ridge,1152,0.75,5.0,valid,-0.7946995463145092,0.3944824121688095,-2.0145373324639784,-1.1430706546806573,-0.9914693312409592,0.23881416415042547,0.5050782322261872,0.18007136975020588,0.10972019940835559,1h
ridge,1152,0.75,5.0,test,-0.40988636497421094,0.3060067140085298,-1.3394685351994777,-0.7850798617966546,-0.5113753519181405,0.2385396651111721,0.5023332418336536,0.1793393723121969,0.11383365976439286,1h
ridge,-1,0.8,5.0,train,0.026932323035581532,0.42275818887054906,0.06370621254560337,-1.1181673411433861,0.100802520019174,0.18943483697807056,0.40003659987190043,0.14066550767072314,0.10466722657130705,1h
ridge,-1,0.8,5.0,valid,-0.5995494297046642,0.34950318892304755,-1.7154333599991014,-0.9438678300748311,-0.7479995111006835,0.18180986366547716,0.384573153993961,0.15591545429590997,0.10972019940835559,1h
ridge,-1,0.8,5.0,test,-0.5265191168451362,0.28692340864457816,-1.8350511006836443,-0.8179386287647705,-0.6568866926940848,0.18876383932656235,0.40360508738219414,0.15134047030835393,0.11383365976439286,1h
ridge,288,0.8,5.0,train,-0.31433937884790797,0.4384806316371226,-0.7168831555325086,-1.6570090042541739,-1.1765120107631541,0.1904413334553329,0.4111995608015372,0.17500838747064384,0.10466722657130705,1h
ridge,288,0.8,5.0,valid,-0.8046179211943653,0.35317274443773566,-2.278255991909419,-1.1506564886742698,-1.003843522914706,0.19132583035959375,0.41110806112178605,0.17238539665111172,0.10972019940835559,1h
ridge,288,0.8,5.0,test,-0.5191629044152186,0.26742189173519754,-1.9413627696916311,-0.7546405863466814,-0.6477090619125124,0.191508829719096,0.41129106048128833,0.1670784152255467,0.11383365976439286,1h
ridge,576,0.8,5.0,train,-0.17989102980552815,0.4339041786514332,-0.4145869956003337,-1.295276685051069,-0.6732976249124925,0.19205782779760272,0.41068106261628085,0.16762741330405342,0.10466722657130705,1h
ridge,576,0.8,5.0,valid,-0.721787865633394,0.3578902723768609,-2.0167853706661982,-1.0939486740711797,-0.9005045186651847,0.1946198188306341,0.41110806112178605,0.16506542227102206,0.10972019940835559,1h
ridge,576,0.8,5.0,test,-0.7002013319082534,0.2679067295417091,-2.613601133148253,-0.9202845891158271,-0.8735731000485065,0.1853783511757709,0.39912160307438926,0.1595754414859548,0.11383365976439286,1h
ridge,1152,0.8,5.0,train,-0.06560232574299377,0.431710804873769,-0.15195896188462482,-1.0096101138690883,-0.2455369239880516,0.1930948241681154,0.41144355994754017,0.16171043401348095,0.10466722657130705,1h
ridge,1152,0.8,5.0,valid,-0.7843583618435878,0.36043708856626394,-2.1761311106012573,-1.1785257315915112,-0.9785676411630395,0.19306432427486503,0.40552658065696773,0.1636014273950041,0.10972019940835559,1h
ridge,1152,0.8,5.0,test,-0.5246397384313104,0.2750458709147797,-1.90746269590015,-0.7292425077415022,-0.6545419750360142,0.18748284381004665,0.40314758898343855,0.1601244395644615,0.11383365976439286,1h
ridge,-1,0.6,10.0,train,-0.7985393111963265,0.5921432088425391,-1.3485577462878098,-3.2568588005210617,-2.9887794972821973,0.379754170860402,0.8000121999573001,0.19757830847592034,0.10466722657130705,1h
ridge,-1,0.6,10.0,valid,-1.7317341093680172,0.4871488687187971,-3.5548355350233756,-2.1799329577560638,-2.160516219324434,0.3809131668039162,0.802360691737579,0.2095342666300668,0.10972019940835559,1h
ridge,-1,0.6,10.0,test,-1.5859694589676172,0.3903621368504377,-4.06281580422658,-2.0227177258536897,-1.9786598421296897,0.3778936773721292,0.8011711959008143,0.20642327751852868,0.11383365976439286,1h
ridge,288,0.6,10.0,train,-1.0804942827353892,0.6004878034364903,-1.7993609138302273,-4.115017021200278,-4.044082882196629,0.37356269253057617,0.8008661969683106,0.22981669564156526,0.10466722657130705,1h
ridge,288,0.6,10.0,valid,-1.7832501315886748,0.4872867609441782,-3.6595497241365798,-2.283296831461286,-2.224787749786702,0.3799066703266539,0.8076676731631439,0.22554671058651296,0.10972019940835559,1h
ridge,288,0.6,10.0,test,-1.562594607704648,0.3885568513439093,-4.021534049136107,-1.9952871099771825,-1.9494973136533187,0.37853417513038706,0.8040076859730991,0.22380821667124165,0.11383365976439286,1h
ridge,576,0.6,10.0,train,-1.1833548536562657,0.5943780612490993,-1.9909127385513152,-4.490486830918909,-4.429070272468759,0.37402019092933175,0.8002561991033031,0.22670570653002714,0.10466722657130705,1h
ridge,576,0.6,10.0,valid,-1.5830523420781022,0.4869396032118259,-3.2510240112662414,-2.006115414886675,-1.9750204391062345,0.3802726690456583,0.8039161862933479,0.22518071186750846,0.10972019940835559,1h
ridge,576,0.6,10.0,test,-1.5716572648941207,0.38442015810413305,-4.088384107236085,-2.043680334779669,-1.9608039095921128,0.3768871808948669,0.8000731997438009,0.2170372403696587,0.11383365976439286,1h
ridge,1152,0.6,10.0,train,-1.1025973469036525,0.5890497850108951,-1.871823698031328,-4.213412492025057,-4.126810412434655,0.37459968890108886,0.7966877115930094,0.22060572787995242,0.10466722657130705,1h
ridge,1152,0.6,10.0,valid,-1.4737707964287305,0.4881304858621139,-3.0192148188118666,-1.8662631420841653,-1.838680483352589,0.3774361789733736,0.8001646994235521,0.2200567298014457,0.10972019940835559,1h
ridge,1152,0.6,10.0,test,-1.5053963465015108,0.3891168915769293,-3.868750956559002,-1.9540794956306813,-1.8781366062687181,0.37917467288864487,0.801720193979321,0.21905023332418336,0.11383365976439286,1h
ridge,-1,0.65,10.0,train,-0.8417582484505638,0.5530202120505707,-1.5221111816679669,-3.441078956888799,-3.1505396908614434,0.3317778387775643,0.7000335498825754,0.19141733003934486,0.10466722657130705,1h
ridge,-1,0.65,10.0,valid,-1.665803189288708,0.4599742648791454,-3.621513889970311,-2.100938706579516,-2.078260622800827,0.33260133589532437,0.7043645347241284,0.20715527495653765,0.10972019940835559,1h
ridge,-1,0.65,10.0,test,-1.5786738848734696,0.3704710390256504,-4.2612612554693285,-2.016493621043411,-1.9695578639019622,0.32949034678378625,0.703998536005124,0.20020129929545247,0.11383365976439286,1h
ridge,288,0.65,10.0,train,-0.8670432752279877,0.5674686455735009,-1.527913977259004,-3.3089014133341754,-3.245176696906092,0.3290023484917803,0.7066825266111568,0.22030072894744868,0.10466722657130705,1h
ridge,288,0.65,10.0,valid,-1.8746401899480238,0.4545847622349851,-4.123851799895967,-2.4725946074200342,-2.3388062369795413,0.3340653307713423,0.7091225180711868,0.22124622563821025,0.10972019940835559,1h
ridge,288,0.65,10.0,test,-1.5439424547300695,0.3560060257004524,-4.336843601712406,-1.9741185282400342,-1.926226836500464,0.3309543416598042,0.7021685424101015,0.2126452557416049,0.11383365976439286,1h
ridge,576,0.65,10.0,train,-1.0575365873952498,0.5593483426562887,-1.8906583013603213,-4.007204599467871,-3.9581566313842,0.3276298532955135,0.7021075426236009,0.218531735138927,0.10466722657130705,1h
ridge,576,0.65,10.0,valid,-1.8351388215590179,0.4587100171540594,-4.000651289336635,-2.324251625832864,-2.2895242215545037,0.3301308445420441,0.7035410376063683,0.21804373684692105,0.10972019940835559,1h
ridge,576,0.65,10.0,test,-1.4155865870982263,0.36056044042141916,-3.9260729364644216,-1.8293648052972318,-1.7660897043830655,0.3299478451825419,0.7011620459328393,0.20861926983255558,0.11383365976439286,1h
ridge,1152,0.65,10.0,train,-0.9612734249048323,0.5535356981935143,-1.7366060184410619,-3.7255205908521436,-3.597862075611017,0.3308018421935523,0.7028395400616098,0.20761277335529327,0.10466722657130705,1h
ridge,1152,0.65,10.0,valid,-1.8107763341597682,0.46092571792998593,-3.9285643298272697,-2.290059496395635,-2.2591295155286573,0.3301308445420441,0.7075670235154177,0.20990026534907127,0.10972019940835559,1h
ridge,1152,0.65,10.0,test,-1.4570561604250425,0.3627463742493141,-4.016735283544457,-1.8614334317518426,-1.8178272576808754,0.33250983621557323,0.704730533443133,0.20276329032848386,0.11383365976439286,1h
ridge,-1,0.7,10.0,train,-0.7521011035381338,0.5193585718071528,-1.4481345728465274,-3.3459371731329632,-2.8149701919751773,0.2822155122457071,0.5999939000213499,0.17513038704364534,0.10466722657130705,1h
ridge,-1,0.7,10.0,valid,-1.647039900303713,0.42934155982460065,-3.8361995539788416,-2.0903299935575648,-2.0548514920568914,0.2819105133132034,0.5994144020495928,0.19434531979138073,0.10972019940835559,1h
ridge,-1,0.7,10.0,test,-1.3615572768758206,0.3483379296760328,-3.908725294836883,-1.7717194983204465,-1.698682588924103,0.28218501235245674,0.6061853783511758,0.18702534541129107,0.11383365976439286,1h
ridge,288,0.7,10.0,train,-0.7844185897005319,0.5295334488218069,-1.4813390758333311,-3.1181620761470454,-2.935928344806934,0.28349650776222285,0.6106383627657304,0.21008326470857352,0.10466722657130705,1h
ridge,288,0.7,10.0,valid,-2.153587122855566,0.42752468780114583,-5.037339794181107,-2.78751233066469,-2.686821194713175,0.28474700338548814,0.6131393540122609,0.21337725317961387,0.10972019940835559,1h
ridge,288,0.7,10.0,test,-1.37306460810506,0.3308817908313791,-4.149713420781104,-1.7988598412725592,-1.713039166892634,0.28209351267270566,0.5998719004483485,0.20111629609296366,0.11383365976439286,1h
ridge,576,0.7,10.0,train,-0.9420681433852865,0.5200213807734833,-1.8115950193894876,-3.6035770689105435,-3.5259803900880224,0.28032451886418397,0.6038673864641474,0.20434928477750328,0.10466722657130705,1h
ridge,576,0.7,10.0,valid,-1.8910783487114107,0.4283581067544106,-4.414713574676474,-2.407965594610979,-2.3593145288887976,0.28300850947021683,0.6088388690639582,0.20276329032848386,0.10972019940835559,1h
ridge,576,0.7,10.0,test,-1.355889013104532,0.3325883553137264,-4.076778370143294,-1.7349985758152053,-1.691610847513543,0.28163601427395,0.6001463994876018,0.199835300576448,0.11383365976439286,1h
ridge,1152,0.7,10.0,train,-0.9560008474741457,0.5162812106136501,-1.8517056747772138,-3.6393321372090486,-3.578127829467186,0.28194101320645376,0.605300881446915,0.19742580900966847,0.10466722657130705,1h
ridge,1152,0.7,10.0,valid,-1.7144833749668424,0.43265986257389677,-3.962658714786641,-2.1822937047363054,-2.13899415582324,0.28374050690822583,0.6084728703449538,0.1972733095434166,0.10972019940835559,1h
ridge,1152,0.7,10.0,test,-1.4336181573416238,0.3350477129838967,-4.2788477634244515,-1.834553144568066,-1.788585940820292,0.2810870161954433,0.6039893860371489,0.19617531338640315,0.11383365976439286,1h
ridge,-1,0.75,10.0,train,-0.8301665004207364,0.47547445074243394,-1.745974992188256,-3.2882596556943433,-3.1071540010607923,0.23292768475310335,0.5000152499466252,0.16274743038399367,0.10466722657130705,1h
ridge,-1,0.75,10.0,valid,-1.6519274982894103,0.39231501482406533,-4.210716989840987,-2.1223100579258336,-2.060949272694532,0.2309451916918291,0.49638576264983075,0.18116936590721933,0.10972019940835559,1h
ridge,-1,0.75,10.0,test,-1.1970363428230064,0.32070740894406946,-3.732487337178314,-1.557265485936514,-1.493425820857538,0.2379906670326654,0.5105682130112544,0.17330039344862294,0.11383365976439286,1h
ridge,288,0.75,10.0,train,-0.9873241434981301,0.4900929275028707,-2.0145651734432484,-3.750671757690319,-3.6953649192775,0.235428675999634,0.5127032055387806,0.19434531979138073,0.10466722657130705,1h
ridge,288,0.75,10.0,valid,-1.8672459557657113,0.3902003050102799,-4.785352373613645,-2.410659045652451,-2.3295811701555547,0.2349711776008784,0.5126727056455302,0.1950773172293897,0.10972019940835559,1h
ridge,288,0.75,10.0,test,-1.3100678920054354,0.30469778575413564,-4.299564858218383,-1.7112924218582592,-1.6344442912930075,0.23442217952237168,0.5039802360691737,0.18647634733278434,0.11383365976439286,1h
ridge,576,0.75,10.0,train,-0.8743946406680458,0.4810501473191483,-1.8176787712070623,-3.4140595377157723,-3.2726914478973836,0.2332326836856071,0.5063897276359532,0.18550035074877239,0.10466722657130705,1h
ridge,576,0.75,10.0,valid,-1.6604177961588968,0.39386934581038036,-4.215656318068144,-2.1794388906732873,-2.07154179157759,0.23506267728062952,0.5078232226187208,0.18830634092780676,0.10972019940835559,1h
ridge,576,0.75,10.0,test,-1.3479550402851255,0.30264911758634905,-4.453854189416361,-1.7249699119358222,-1.6817124012871527,0.2319516881690914,0.4997712508006222,0.18318235886174397,0.11383365976439286,1h
ridge,1152,0.75,10.0,train,-1.023119334177834,0.47587482091719124,-2.149975769270362,-3.9208747853926202,-3.829339453160549,0.23609967365114223,0.5091042181352365,0.18055936804221184,0.10466722657130705,1h
ridge,1152,0.75,10.0,valid,-1.5834121458204113,0.3978324963434046,-3.9800975545588098,-2.049070654680624,-1.9754693312409222,0.2345136792021228,0.5050782322261872,0.18007136975020588,0.10972019940835559,1h
ridge,1152,0.75,10.0,test,-1.1953928157016331,0.3097696553670813,-3.858973256386512,-1.5398547482948428,-1.4913753519180923,0.2335986824046116,0.5023332418336536,0.1793393723121969,0.11383365976439286,1h
ridge,-1,0.8,10.0,train,-0.5891826005621862,0.4254775702982142,-1.384755958226499,-2.762147851028633,-2.2051974799807232,0.18623234818678133,0.40003659987190043,0.14066550767072314,0.10466722657130705,1h
ridge,-1,0.8,10.0,valid,-1.28245911952075,0.352777102293622,-3.6353241499595366,-1.6933396525038615,-1.5999995111006526,0.1779668771159301,0.384573153993961,0.15591545429590997,0.10972019940835559,1h
ridge,-1,0.8,10.0,test,-1.1893903767957266,0.2904658193017647,-4.094768808443068,-1.569938628764747,-1.4838866926940586,0.18519535181626864,0.40360508738219414,0.15134047030835393,0.11383365976439286,1h
ridge,288,0.8,10.0,train,-1.0808761159693283,0.4415392065804027,-2.4479731354785246,-4.139136744946434,-4.045512010763049,0.18672034647878732,0.4111995608015372,0.17500838747064384,0.10466722657130705,1h
ridge,288,0.8,10.0,valid,-1.5596659585262345,0.3567137808685182,-4.372317645617159,-2.023656488674236,-1.9458435229146673,0.1862933479732821,0.41110806112178605,0.17238539665111172,0.10972019940835559,1h
ridge,288,0.8,10.0,test,-1.2509663631031134,0.27126741251492065,-4.61156152707545,-1.62825576976357,-1.560709061912478,0.18739134413029554,0.41129106048128833,0.1670784152255467,0.11383365976439286,1h
ridge,576,0.8,10.0,train,-0.9140991000772823,0.43692895873869697,-2.092100058362015,-3.4767303851853257,-3.4212976249122944,0.1884588403940586,0.41068106261628085,0.16762741330405342,0.10466722657130705,1h
ridge,576,0.8,10.0,valid,-1.4447744151804705,0.3612967354082651,-3.998858205978186,-1.9259486740711473,-1.8025045186651503,0.19004483484307805,0.41110806112178605,0.16506542227102206,0.10972019940835559,1h
ridge,576,0.8,10.0,test,-1.3991417656167353,0.2717801697455373,-5.148064212803773,-1.7907845891157956,-1.745573100048475,0.18098636654771708,0.39912160307438926,0.1595754414859548,0.11383365976439286,1h
ridge,1152,0.8,10.0,train,-0.7738940267220406,0.4346080011206855,-1.7806713744948734,-2.9956233114894513,-2.89653692398785,0.18961783633757281,0.41144355994754017,0.16171043401348095,0.10466722657130705,1h
ridge,1152,0.8,10.0,valid,-1.5009326138337056,0.36377804784038204,-4.125957084942856,-2.000525731591477,-1.8725676411630008,0.18949583676457132,0.40552658065696773,0.1636014273950041,0.10972019940835559,1h
ridge,1152,0.8,10.0,test,-1.2259847837236517,0.2787588213947068,-4.398012509845298,-1.5746137624331182,-1.5295419750359807,0.1829078598224906,0.40314758898343855,0.1601244395644615,0.11383365976439286,1h
tree,-1,0.6,2.0,train,0.39587740922763276,0.2036581262007084,1.9438331119549295,-0.1737169524979798,1.4816932210441114,0.011620459328392351,0.020953426663006678,0.00597797907707323,-0.0028657698026892183,1h
tree,-1,0.6,2.0,valid,-0.04333693176430812,0.0508874304842131,-0.851623502148583,-0.07472236513155561,-0.05406727480047069,9.149967975112087e-05,0.0003659987190044835,0.0005489980785067252,-0.007747179140185303,1h
tree,-1,0.6,2.0,test,-0.030845435662985622,0.07700934190710089,-0.4005414784636852,-0.08372192447562654,-0.03848285004118379,0.0024704913532802636,0.005489980785067252,0.0018299935950224174,0.003388154388131302,1h
tree,288,0.6,2.0,train,0.40657852410079875,0.20031678681628456,2.029677744749779,-0.17371695249797958,1.5217454417457663,0.010613962851130022,0.018726934455729406,0.0060389788635739775,-0.0028657698026892183,1h
tree,288,0.6,2.0,valid,-0.04333693176430812,0.0508874304842131,-0.851623502148583,-0.07472236513155561,-0.05406727480047069,9.149967975112087e-05,0.0003659987190044835,0.0005489980785067252,-0.007747179140185303,1h
tree,288,0.6,2.0,test,-0.030845435662985622,0.07700934190710089,-0.4005414784636852,-0.08372192447562654,-0.03848285004118379,0.0024704913532802636,0.005489980785067252,0.0018299935950224174,0.003388154388131302,1h
tree,576,0.6,2.0,train,0.39587740922763276,0.2036581262007084,1.9438331119549295,-0.1737169524979798,1.4816932210441114,0.011620459328392351,0.020953426663006678,0.00597797907707323,-0.0028657698026892183,1h
tree,576,0.6,2.0,valid,-0.04333693176430812,0.0508874304842131,-0.851623502148583,-0.07472236513155561,-0.05406727480047069,9.149967975112087e-05,0.0003659987190044835,0.0005489980785067252,-0.007747179140185303,1h
tree,576,0.6,2.0,test,-0.030845435662985622,0.07700934190710089,-0.4005414784636852,-0.08372192447562654,-0.03848285004118379,0.0024704913532802636,0.005489980785067252,0.0018299935950224174,0.003388154388131302,1h
tree,1152,0.6,2.0,train,0.39587740922763276,0.2036581262007084,1.9438331119549295,-0.1737169524979798,1.4816932210441114,0.011620459328392351,0.020953426663006678,0.00597797907707323,-0.0028657698026892183,1h
tree,1152,0.6,2.0,valid,-0.04333693176430812,0.0508874304842131,-0.851623502148583,-0.07472236513155561,-0.05406727480047069,9.149967975112087e-05,0.0003659987190044835,0.0005489980785067252,-0.007747179140185303,1h
tree,1152,0.6,2.0,test,-0.030845435662985622,0.07700934190710089,-0.4005414784636852,-0.08372192447562654,-0.03848285004118379,0.0024704913532802636,0.005489980785067252,0.0018299935950224174,0.003388154388131302,1h
tree,-1,0.65,2.0,train,0.39587740922763276,0.2036581262007084,1.9438331119549295,-0.1737169524979798,1.4816932210441114,0.011620459328392351,0.020953426663006678,0.00597797907707323,-0.0028657698026892183,1h
tree,-1,0.65,2.0,valid,-0.04333693176430812,0.0508874304842131,-0.851623502148583,-0.07472236513155561,-0.05406727480047069,9.149967975112087e-05,0.0003659987190044835,0.0005489980785067252,-0.007747179140185303,1h
tree,-1,0.65,2.0,test,-0.030845435662985622,0.07700934190710089,-0.4005414784636852,-0.08372192447562654,-0.03848285004118379,0.0024704913532802636,0.005489980785067252,0.0018299935950224174,0.003388154388131302,1h
tree,288,0.65,2.0,train,0.37688962319742475,0.19706540072095446,1.9125103738078417,-0.17371695249797958,1.410625579426254,0.009881965413121054,0.017659438191966328,0.005855979504071736,-0.0028657698026892183,1h
tree,288,0.65,2.0,valid,-0.04333693176430812,0.0508874304842131,-0.851623502148583,-0.07472236513155561,-0.05406727480047069,9.149967975112087e-05,0.0003659987190044835,0.0005489980785067252,-0.007747179140185303,1h
tree,288,0.65,2.0,test,-0.030845435662985622,0.07700934190710089,-0.4005414784636852,-0.08372192447562654,-0.03848285004118379,0.0024704913532802636,0.005489980785067252,0.0018299935950224174,0.003388154388131302,1h
tree,576,0.65,2.0,train,0.39587740922763276,0.2036581262007084,1.9438331119549295,-0.1737169524979798,1.4816932210441114,0.011620459328392351,0.020953426663006678,0.00597797907707323,-0.0028657698026892183,1h
tree,576,0.65,2.0,valid,-0.04333693176430812,0.0508874304842131,-0.851623502148583,-0.07472236513155561,-0.05406727480047069,9.149967975112087e-05,0.0003659987190044835,0.0005489980785067252,-0.007747179140185303,1h
tree,576,0.65,2.0,test,-0.030845435662985622,0.07700934190710089,-0.4005414784636852,-0.08372192447562654,-0.03848285004118379,0.0024704913532802636,0.005489980785067252,0.0018299935950224174,0.003388154388131302,1h
tree,1152,0.65,2.0,train,0.39587740922763276,0.2036581262007084,1.9438331119549295,-0.1737169524979798,1.4816932210441114,0.011620459328392351,0.020953426663006678,0.00597797907707323,-0.0028657698026892183,1h
tree,1152,0.65,2.0,valid,-0.04333693176430812,0.0508874304842131,-0.851623502148583,-0.07472236513155561,-0.05406727480047069,9.149967975112087e-05,0.0003659987190044835,0.0005489980785067252,-0.007747179140185303,1h
tree,1152,0.65,2.0,test,-0.030845435662985622,0.07700934190710089,-0.4005414784636852,-0.08372192447562654,-0.03848285004118379,0.0024704913532802636,0.005489980785067252,0.0018299935950224174,0.003388154388131302,1h
tree,-1,0.7,2.0,train,0.39587740922763276,0.2036581262007084,1.9438331119549295,-0.1737169524979798,1.4816932210441114,0.011620459328392351,0.020953426663006678,0.00597797907707323,-0.0028657698026892183,1h
tree,-1,0.7,2.0,valid,-0.04333693176430812,0.0508874304842131,-0.851623502148583,-0.07472236513155561,-0.05406727480047069,9.149967975112087e-05,0.0003659987190044835,0.0005489980785067252,-0.007747179140185303,1h
tree,-1,0.7,2.0,test,-0.030845435662985622,0.07700934190710089,-0.4005414784636852,-0.08372192447562654,-0.03848285004118379,0.0024704913532802636,0.005489980785067252,0.0018299935950224174,0.003388154388131302,1h
tree,288,0.7,2.0,train,0.3900475005273753,0.1933233712704981,2.0175910339449894,-0.17371695249797958,1.4598729908437296,0.009363467227864703,0.01640894256870101,0.005855979504071736,-0.0028657698026892183,1h
tree,288,0.7,2.0,valid,-0.04333693176430812,0.0508874304842131,-0.851623502148583,-0.07472236513155561,-0.05406727480047069,9.149967975112087e-05,0.0003659987190044835,0.0005489980785067252,-0.007747179140185303,1h
tree,288,0.7,2.0,test,-0.030845435662985622,0.07700934190710089,-0.4005414784636852,-0.08372192447562654,-0.03848285004118379,0.0024704913532802636,0.005489980785067252,0.0018299935950224174,0.003388154388131302,1h
tree,576,0.7,2.0,train,0.39587740922763276,0.2036581262007084,1.9438331119549295,-0.1737169524979798,1.4816932210441114,0.011620459328392351,0.020953426663006678,0.00597797907707323,-0.0028657698026892183,1h
tree,576,0.7,2.0,valid,-0.04333693176430812,0.0508874304842131,-0.851623502148583,-0.07472236513155561,-0.05406727480047069,9.149967975112087e-05,0.0003659987190044835,0.0005489980785067252,-0.007747179140185303,1h
tree,576,0.7,2.0,test,-0.030845435662985622,0.07700934190710089,-0.4005414784636852,-0.08372192447562654,-0.03848285004118379,0.0024704913532802636,0.005489980785067252,0.0018299935950224174,0.003388154388131302,1h
tree,1152,0.7,2.0,train,0.39587740922763276,0.2036581262007084,1.9438331119549295,-0.1737169524979798,1.4816932210441114,0.011620459328392351,0.020953426663006678,0.00597797907707323,-0.0028657698026892183,1h
tree,1152,0.7,2.0,valid,-0.04333693176430812,0.0508874304842131,-0.851623502148583,-0.07472236513155561,-0.05406727480047069,9.149967975112087e-05,0.0003659987190044835,0.0005489980785067252,-0.007747179140185303,1h
tree,1152,0.7,2.0,test,-0.030845435662985622,0.07700934190710089,-0.4005414784636852,-0.08372192447562654,-0.03848285004118379,0.0024704913532802636,0.005489980785067252,0.0018299935950224174,0.003388154388131302,1h
tree,-1,0.75,2.0,train,0.39587740922763276,0.2036581262007084,1.9438331119549295,-0.1737169524979798,1.4816932210441114,0.011620459328392351,0.020953426663006678,0.00597797907707323,-0.0028657698026892183,1h
tree,-1,0.75,2.0,valid,-0.04333693176430812,0.0508874304842131,-0.851623502148583,-0.07472236513155561,-0.05406727480047069,9.149967975112087e-05,0.0003659987190044835,0.0005489980785067252,-0.007747179140185303,1h
tree,-1,0.75,2.0,test,-0.030845435662985622,0.07700934190710089,-0.4005414784636852,-0.08372192447562654,-0.03848285004118379,0.0024704913532802636,0.005489980785067252,0.0018299935950224174,0.003388154388131302,1h
tree,288,0.75,2.0,train,0.3426830640855207,0.18862425648999573,1.8167497142855322,-0.17371695249797958,1.2825969888324185,0.008478970323603867,0.014914447799432701,0.005123982066062769,-0.0028657698026892183,1h
tree,288,0.75,2.0,valid,-0.04333693176430812,0.0508874304842131,-0.851623502148583,-0.07472236513155561,-0.05406727480047069,9.149967975112087e-05,0.0003659987190044835,0.0005489980785067252,-0.007747179140185303,1h
tree,288,0.75,2.0,test,-0.030845435662985622,0.07700934190710089,-0.4005414784636852,-0.08372192447562654,-0.03848285004118379,0.0024704913532802636,0.005489980785067252,0.0018299935950224174,0.003388154388131302,1h
tree,576,0.75,2.0,train,0.3954029191450286,0.2027176272386319,1.9505107894715763,-0.17371695249797958,1.479917295663022,0.011345960289138987,0.02028242901149846,0.00597797907707323,-0.0028657698026892183,1h
tree,576,0.75,2.0,valid,-0.04333693176430812,0.0508874304842131,-0.851623502148583,-0.07472236513155561,-0.05406727480047069,9.149967975112087e-05,0.0003659987190044835,0.0005489980785067252,-0.007747179140185303,1h
tree,576,0.75,2.0,test,-0.030845435662985622,0.07700934190710089,-0.4005414784636852,-0.08372192447562654,-0.03848285004118379,0.0024704913532802636,0.005489980785067252,0.0018299935950224174,0.003388154388131302,1h
tree,1152,0.75,2.0,train,0.39587740922763276,0.2036581262007084,1.9438331119549295,-0.1737169524979798,1.4816932210441114,0.011620459328392351,0.020953426663006678,0.00597797907707323,-0.0028657698026892183,1h
tree,1152,0.75,2.0,valid,-0.04333693176430812,0.0508874304842131,-0.851623502148583,-0.07472236513155561,-0.05406727480047069,9.149967975112087e-05,0.0003659987190044835,0.0005489980785067252,-0.007747179140185303,1h
tree,1152,0.75,2.0,test,-0.030845435662985622,0.07700934190710089,-0.4005414784636852,-0.08372192447562654,-0.03848285004118379,0.0024704913532802636,0.005489980785067252,0.0018299935950224174,0.003388154388131302,1h
tree,-1,0.8,2.0,train,0.39587740922763276,0.2036581262007084,1.9438331119549295,-0.1737169524979798,1.4816932210441114,0.011620459328392351,0.020953426663006678,0.00597797907707323,-0.0028657698026892183,1h
tree,-1,0.8,2.0,valid,-0.04333693176430812,0.0508874304842131,-0.851623502148583,-0.07472236513155561,-0.05406727480047069,9.149967975112087e-05,0.0003659987190044835,0.0005489980785067252,-0.007747179140185303,1h
tree,-1,0.8,2.0,test,-0.030845435662985622,0.07700934190710089,-0.4005414784636852,-0.08372192447562654,-0.03848285004118379,0.0024704913532802636,0.005489980785067252,0.0018299935950224174,0.003388154388131302,1h
tree,288,0.8,2.0,train,0.33431534843447,0.18038927381600947,1.8532994859520282,-0.17371695249797958,1.2512782339179211,0.007533473632842285,0.013328453350413274,0.004696983560557538,-0.0028657698026892183,1h
tree,288,0.8,2.0,valid,-0.04333693176430812,0.0508874304842131,-0.851623502148583,-0.07472236513155561,-0.05406727480047069,9.149967975112087e-05,0.0003659987190044835,0.0005489980785067252,-0.007747179140185303,1h
tree,288,0.8,2.0,test,-0.030845435662985622,0.07700934190710089,-0.4005414784636852,-0.08372192447562654,-0.03848285004118379,0.0024704913532802636,0.005489980785067252,0.0018299935950224174,0.003388154388131302,1h
tree,576,0.8,2.0,train,0.40657852410079875,0.20031678681628456,2.029677744749779,-0.17371695249797958,1.5217454417457663,0.010613962851130022,0.018726934455729406,0.0060389788635739775,-0.0028657698026892183,1h
tree,576,0.8,2.0,valid,-0.04333693176430812,0.0508874304842131,-0.851623502148583,-0.07472236513155561,-0.05406727480047069,9.149967975112087e-05,0.0003659987190044835,0.0005489980785067252,-0.007747179140185303,1h
tree,576,0.8,2.0,test,-0.030845435662985622,0.07700934190710089,-0.4005414784636852,-0.08372192447562654,-0.03848285004118379,0.0024704913532802636,0.005489980785067252,0.0018299935950224174,0.003388154388131302,1h
tree,1152,0.8,2.0,train,0.39587740922763276,0.2036581262007084,1.9438331119549295,-0.1737169524979798,1.4816932210441114,0.011620459328392351,0.020953426663006678,0.00597797907707323,-0.0028657698026892183,1h
tree,1152,0.8,2.0,valid,-0.04333693176430812,0.0508874304842131,-0.851623502148583,-0.07472236513155561,-0.05406727480047069,9.149967975112087e-05,0.0003659987190044835,0.0005489980785067252,-0.007747179140185303,1h
tree,1152,0.8,2.0,test,-0.030845435662985622,0.07700934190710089,-0.4005414784636852,-0.08372192447562654,-0.03848285004118379,0.0024704913532802636,0.005489980785067252,0.0018299935950224174,0.003388154388131302,1h
tree,-1,0.6,5.0,train,0.3801672802130843,0.20303988468968187,1.8723773449444032,-0.17821695249797975,1.422893221044113,0.011620459328392351,0.020953426663006678,0.00597797907707323,-0.0028657698026892183,1h
tree,-1,0.6,5.0,valid,-0.0447796987146238,0.05128595559015424,-0.8731376494663677,-0.0759223651315557,-0.05586727480047071,9.149967975112087e-05,0.0003659987190044835,0.0005489980785067252,-0.007747179140185303,1h
tree,-1,0.6,5.0,test,-0.03565465883070455,0.07736501895257689,-0.46086279449579276,-0.08792192447562663,-0.0444828500411838,0.0024704913532802636,0.005489980785067252,0.0018299935950224174,0.003388154388131302,1h
tree,288,0.6,5.0,train,0.3907080876473263,0.19966985857103797,1.956770493270627,-0.17821695249797975,1.462345441745767,0.010613962851130022,0.018726934455729406,0.0060389788635739775,-0.0028657698026892183,1h
tree,288,0.6,5.0,valid,-0.0447796987146238,0.05128595559015424,-0.8731376494663677,-0.0759223651315557,-0.05586727480047071,9.149967975112087e-05,0.0003659987190044835,0.0005489980785067252,-0.007747179140185303,1h
tree,288,0.6,5.0,test,-0.03565465883070455,0.07736501895257689,-0.46086279449579276,-0.08792192447562663,-0.0444828500411838,0.0024704913532802636,0.005489980785067252,0.0018299935950224174,0.003388154388131302,1h
tree,576,0.6,5.0,train,0.3801672802130843,0.20303988468968187,1.8723773449444032,-0.17821695249797975,1.422893221044113,0.011620459328392351,0.020953426663006678,0.00597797907707323,-0.0028657698026892183,1h
tree,576,0.6,5.0,valid,-0.0447796987146238,0.05128595559015424,-0.8731376494663677,-0.0759223651315557,-0.05586727480047071,9.149967975112087e-05,0.0003659987190044835,0.0005489980785067252,-0.007747179140185303,1h
tree,576,0.6,5.0,test,-0.03565465883070455,0.07736501895257689,-0.46086279449579276,-0.08792192447562663,-0.0444828500411838,0.0024704913532802636,0.005489980785067252,0.0018299935950224174,0.003388154388131302,1h
tree,1152,0.6,5.0,train,0.3801672802130843,0.20303988468968187,1.8723773449444032,-0.17821695249797975,1.422893221044113,0.011620459328392351,0.020953426663006678,0.00597797907707323,-0.0028657698026892183,1h
tree,1152,0.6,5.0,valid,-0.0447796987146238,0.05128595559015424,-0.8731376494663677,-0.0759223651315557,-0.05586727480047071,9.149967975112087e-05,0.0003659987190044835,0.0005489980785067252,-0.007747179140185303,1h
tree,1152,0.6,5.0,test,-0.03565465883070455,0.07736501895257689,-0.46086279449579276,-0.08792192447562663,-0.0444828500411838,0.0024704913532802636,0.005489980785067252,0.0018299935950224174,0.003388154388131302,1h
tree,-1,0.65,5.0,train,0.3801672802130843,0.20303988468968187,1.8723773449444032,-0.17821695249797975,1.422893221044113,0.011620459328392351,0.020953426663006678,0.00597797907707323,-0.0028657698026892183,1h
tree,-1,0.65,5.0,valid,-0.0447796987146238,0.05128595559015424,-0.8731376494663677,-0.0759223651315557,-0.05586727480047071,9.149967975112087e-05,0.0003659987190044835,0.0005489980785067252,-0.007747179140185303,1h
tree,-1,0.65,5.0,test,-0.03565465883070455,0.07736501895257689,-0.46086279449579276,-0.08792192447562663,-0.0444828500411838,0.0024704913532802636,0.005489980785067252,0.0018299935950224174,0.003388154388131302,1h
tree,288,0.65,5.0,train,0.3615001090607242,0.19648078237619512,1.839875150581252,-0.17821695249797997,1.3530255794262551,0.009881965413121054,0.017659438191966328,0.005855979504071736,-0.0028657698026892183,1h
tree,288,0.65,5.0,valid,-0.0447796987146238,0.05128595559015424,-0.8731376494663677,-0.0759223651315557,-0.05586727480047071,9.149967975112087e-05,0.0003659987190044835,0.0005489980785067252,-0.007747179140185303,1h
tree,288,0.65,5.0,test,-0.03565465883070455,0.07736501895257689,-0.46086279449579276,-0.08792192447562663,-0.0444828500411838,0.0024704913532802636,0.005489980785067252,0.0018299935950224174,0.003388154388131302,1h
tree,576,0.65,5.0,train,0.3801672802130843,0.20303988468968187,1.8723773449444032,-0.17821695249797975,1.422893221044113,0.011620459328392351,0.020953426663006678,0.00597797907707323,-0.0028657698026892183,1h
tree,576,0.65,5.0,valid,-0.0447796987146238,0.05128595559015424,-0.8731376494663677,-0.0759223651315557,-0.05586727480047071,9.149967975112087e-05,0.0003659987190044835,0.0005489980785067252,-0.007747179140185303,1h
tree,576,0.65,5.0,test,-0.03565465883070455,0.07736501895257689,-0.46086279449579276,-0.08792192447562663,-0.0444828500411838,0.0024704913532802636,0.005489980785067252,0.0018299935950224174,0.003388154388131302,1h
tree,1152,0.65,5.0,train,0.3801672802130843,0.20303988468968187,1.8723773449444032,-0.17821695249797975,1.422893221044113,0.011620459328392351,0.020953426663006678,0.00597797907707323,-0.0028657698026892183,1h
tree,1152,0.65,5.0,valid,-0.0447796987146238,0.05128595559015424,-0.8731376494663677,-0.0759223651315557,-0.05586727480047071,9.149967975112087e-05,0.0003659987190044835,0.0005489980785067252,-0.007747179140185303,1h
tree,1152,0.65,5.0,test,-0.03565465883070455,0.07736501895257689,-0.46086279449579276,-0.08792192447562663,-0.0444828500411838,0.0024704913532802636,0.005489980785067252,0.0018299935950224174,0.003388154388131302,1h
tree,-1,0.7,5.0,train,0.3801672802130843,0.20303988468968187,1.8723773449444032,-0.17821695249797975,1.422893221044113,0.011620459328392351,0.020953426663006678,0.00597797907707323,-0.0028657698026892183,1h
tree,-1,0.7,5.0,valid,-0.0447796987146238,0.05128595559015424,-0.8731376494663677,-0.0759223651315557,-0.05586727480047071,9.149967975112087e-05,0.0003659987190044835,0.0005489980785067252,-0.007747179140185303,1h
tree,-1,0.7,5.0,test,-0.03565465883070455,0.07736501895257689,-0.46086279449579276,-0.08792192447562663,-0.0444828500411838,0.0024704913532802636,0.005489980785067252,0.0018299935950224174,0.003388154388131302,1h
tree,288,0.7,5.0,train,0.37465798639067477,0.192715027893444,1.9441036357467187,-0.17821695249797975,1.4022729908437306,0.009363467227864703,0.01640894256870101,0.005855979504071736,-0.0028657698026892183,1h
tree,288,0.7,5.0,valid,-0.0447796987146238,0.05128595559015424,-0.8731376494663677,-0.0759223651315557,-0.05586727480047071,9.149967975112087e-05,0.0003659987190044835,0.0005489980785067252,-0.007747179140185303,1h
tree,288,0.7,5.0,test,-0.03565465883070455,0.07736501895257689,-0.46086279449579276,-0.08792192447562663,-0.0444828500411838,0.0024704913532802636,0.005489980785067252,0.0018299935950224174,0.003388154388131302,1h
tree,576,0.7,5.0,train,0.3801672802130843,0.20303988468968187,1.8723773449444032,-0.17821695249797975,1.422893221044113,0.011620459328392351,0.020953426663006678,0.00597797907707323,-0.0028657698026892183,1h
tree,576,0.7,5.0,valid,-0.0447796987146238,0.05128595559015424,-0.8731376494663677,-0.0759223651315557,-0.05586727480047071,9.149967975112087e-05,0.0003659987190044835,0.0005489980785067252,-0.007747179140185303,1h
tree,576,0.7,5.0,test,-0.03565465883070455,0.07736501895257689,-0.46086279449579276,-0.08792192447562663,-0.0444828500411838,0.0024704913532802636,0.005489980785067252,0.0018299935950224174,0.003388154388131302,1h
tree,1152,0.7,5.0,train,0.3801672802130843,0.20303988468968187,1.8723773449444032,-0.17821695249797975,1.422893221044113,0.011620459328392351,0.020953426663006678,0.00597797907707323,-0.0028657698026892183,1h
tree,1152,0.7,5.0,valid,-0.0447796987146238,0.05128595559015424,-0.8731376494663677,-0.0759223651315557,-0.05586727480047071,9.149967975112087e-05,0.0003659987190044835,0.0005489980785067252,-0.007747179140185303,1h
tree,1152,0.7,5.0,test,-0.03565465883070455,0.07736501895257689,-0.46086279449579276,-0.08792192447562663,-0.0444828500411838,0.0024704913532802636,0.005489980785067252,0.0018299935950224174,0.003388154388131302,1h
tree,-1,0.75,5.0,train,0.3801672802130843,0.20303988468968187,1.8723773449444032,-0.17821695249797975,1.422893221044113,0.011620459328392351,0.020953426663006678,0.00597797907707323,-0.0028657698026892183,1h
tree,-1,0.75,5.0,valid,-0.0447796987146238,0.05128595559015424,-0.8731376494663677,-0.0759223651315557,-0.05586727480047071,9.149967975112087e-05,0.0003659987190044835,0.0005489980785067252,-0.007747179140185303,1h
tree,-1,0.75,5.0,test,-0.03565465883070455,0.07736501895257689,-0.46086279449579276,-0.08792192447562663,-0.0444828500411838,0.0024704913532802636,0.005489980785067252,0.0018299935950224174,0.003388154388131302,1h
tree,288,0.75,5.0,train,0.3292172392159077,0.18805630200843268,1.7506312508535085,-0.17821695249797975,1.2321969888324196,0.008478970323603867,0.014914447799432701,0.005123982066062769,-0.0028657698026892183,1h
tree,288,0.75,5.0,valid,-0.0447796987146238,0.05128595559015424,-0.8731376494663677,-0.0759223651315557,-0.05586727480047071,9.149967975112087e-05,0.0003659987190044835,0.0005489980785067252,-0.007747179140185303,1h
tree,288,0.75,5.0,test,-0.03565465883070455,0.07736501895257689,-0.46086279449579276,-0.08792192447562663,-0.0444828500411838,0.0024704913532802636,0.005489980785067252,0.0018299935950224174,0.003388154388131302,1h
tree,576,0.75,5.0,train,0.37969279013048013,0.20209099760618215,1.87882090062415,-0.17821695249797997,1.4211172956630227,0.011345960289138987,0.02028242901149846,0.00597797907707323,-0.0028657698026892183,1h
tree,576,0.75,5.0,valid,-0.0447796987146238,0.05128595559015424,-0.8731376494663677,-0.0759223651315557,-0.05586727480047071,9.149967975112087e-05,0.0003659987190044835,0.0005489980785067252,-0.007747179140185303,1h
tree,576,0.75,5.0,test,-0.03565465883070455,0.07736501895257689,-0.46086279449579276,-0.08792192447562663,-0.0444828500411838,0.0024704913532802636,0.005489980785067252,0.0018299935950224174,0.003388154388131302,1h
tree,1152,0.75,5.0,train,0.3801672802130843,0.20303988468968187,1.8723773449444032,-0.17821695249797975,1.422893221044113,0.011620459328392351,0.020953426663006678,0.00597797907707323,-0.0028657698026892183,1h
tree,1152,0.75,5.0,valid,-0.0447796987146238,0.05128595559015424,-0.8731376494663677,-0.0759223651315557,-0.05586727480047071,9.149967975112087e-05,0.0003659987190044835,0.0005489980785067252,-0.007747179140185303,1h
tree,1152,0.75,5.0,test,-0.03565465883070455,0.07736501895257689,-0.46086279449579276,-0.08792192447562663,-0.0444828500411838,0.0024704913532802636,0.005489980785067252,0.0018299935950224174,0.003388154388131302,1h
tree,-1,0.8,5.0,train,0.3801672802130843,0.20303988468968187,1.8723773449444032,-0.17821695249797975,1.422893221044113,0.011620459328392351,0.020953426663006678,0.00597797907707323,-0.0028657698026892183,1h
tree,-1,0.8,5.0,valid,-0.0447796987146238,0.05128595559015424,-0.8731376494663677,-0.0759223651315557,-0.05586727480047071,9.149967975112087e-05,0.0003659987190044835,0.0005489980785067252,-0.007747179140185303,1h
tree,-1,0.8,5.0,test,-0.03565465883070455,0.07736501895257689,-0.46086279449579276,-0.08792192447562663,-0.0444828500411838,0.0024704913532802636,0.005489980785067252,0.0018299935950224174,0.003388154388131302,1h
tree,288,0.8,5.0,train,0.3219716756373247,0.17988184132713914,1.7899064922944403,-0.17821695249797997,1.2050782339179227,0.007533473632842285,0.013328453350413274,0.004696983560557538,-0.0028657698026892183,1h
tree,288,0.8,5.0,valid,-0.0447796987146238,0.05128595559015424,-0.8731376494663677,-0.0759223651315557,-0.05586727480047071,9.149967975112087e-05,0.0003659987190044835,0.0005489980785067252,-0.007747179140185303,1h
tree,288,0.8,5.0,test,-0.03565465883070455,0.07736501895257689,-0.46086279449579276,-0.08792192447562663,-0.0444828500411838,0.0024704913532802636,0.005489980785067252,0.0018299935950224174,0.003388154388131302,1h
tree,576,0.8,5.0,train,0.3907080876473263,0.19966985857103797,1.956770493270627,-0.17821695249797975,1.462345441745767,0.010613962851130022,0.018726934455729406,0.0060389788635739775,-0.0028657698026892183,1h
tree,576,0.8,5.0,valid,-0.0447796987146238,0.05128595559015424,-0.8731376494663677,-0.0759223651315557,-0.05586727480047071,9.149967975112087e-05,0.0003659987190044835,0.0005489980785067252,-0.007747179140185303,1h
tree,576,0.8,5.0,test,-0.03565465883070455,0.07736501895257689,-0.46086279449579276,-0.08792192447562663,-0.0444828500411838,0.0024704913532802636,0.005489980785067252,0.0018299935950224174,0.003388154388131302,1h
tree,1152,0.8,5.0,train,0.3801672802130843,0.20303988468968187,1.8723773449444032,-0.17821695249797975,1.422893221044113,0.011620459328392351,0.020953426663006678,0.00597797907707323,-0.0028657698026892183,1h
tree,1152,0.8,5.0,valid,-0.0447796987146238,0.05128595559015424,-0.8731376494663677,-0.0759223651315557,-0.05586727480047071,9.149967975112087e-05,0.0003659987190044835,0.0005489980785067252,-0.007747179140185303,1h
tree,1152,0.8,5.0,test,-0.03565465883070455,0.07736501895257689,-0.46086279449579276,-0.08792192447562663,-0.0444828500411838,0.0024704913532802636,0.005489980785067252,0.0018299935950224174,0.003388154388131302,1h
tree,-1,0.6,10.0,train,0.3539837318555035,0.20209065876362897,1.7516085801349832,-0.18571695249798004,1.32489322104411,0.01152895964864123,0.020953426663006678,0.00597797907707323,-0.0028657698026892183,1h
tree,-1,0.6,10.0,valid,-0.04718431029848325,0.05196804567084028,-0.9079485227776957,-0.0779223651315556,-0.058867274800470715,9.149967975112087e-05,0.0003659987190044835,0.0005489980785067252,-0.007747179140185303,1h
tree,-1,0.6,10.0,test,-0.04367003077690275,0.07801991667437103,-0.5597292670686489,-0.09492192447562664,-0.054482850041183806,0.0024704913532802636,0.005489980785067252,0.0018299935950224174,0.003388154388131302,1h
tree,288,0.6,10.0,train,0.3642573602248722,0.19867326756521547,1.8334492842893568,-0.18571695249798004,1.363345441745765,0.0105224631713789,0.018726934455729406,0.0060389788635739775,-0.0028657698026892183,1h
tree,288,0.6,10.0,valid,-0.04718431029848325,0.05196804567084028,-0.9079485227776957,-0.0779223651315556,-0.058867274800470715,9.149967975112087e-05,0.0003659987190044835,0.0005489980785067252,-0.007747179140185303,1h
tree,288,0.6,10.0,test,-0.04367003077690275,0.07801991667437103,-0.5597292670686489,-0.09492192447562664,-0.054482850041183806,0.0024704913532802636,0.005489980785067252,0.0018299935950224174,0.003388154388131302,1h
tree,576,0.6,10.0,train,0.3539837318555035,0.20209065876362897,1.7516085801349832,-0.18571695249798004,1.32489322104411,0.01152895964864123,0.020953426663006678,0.00597797907707323,-0.0028657698026892183,1h
tree,576,0.6,10.0,valid,-0.04718431029848325,0.05196804567084028,-0.9079485227776957,-0.0779223651315556,-0.058867274800470715,9.149967975112087e-05,0.0003659987190044835,0.0005489980785067252,-0.007747179140185303,1h
tree,576,0.6,10.0,test,-0.04367003077690275,0.07801991667437103,-0.5597292670686489,-0.09492192447562664,-0.054482850041183806,0.0024704913532802636,0.005489980785067252,0.0018299935950224174,0.003388154388131302,1h
tree,1152,0.6,10.0,train,0.3539837318555035,0.20209065876362897,1.7516085801349832,-0.18571695249798004,1.32489322104411,0.01152895964864123,0.020953426663006678,0.00597797907707323,-0.0028657698026892183,1h
tree,1152,0.6,10.0,valid,-0.04718431029848325,0.05196804567084028,-0.9079485227776957,-0.0779223651315556,-0.058867274800470715,9.149967975112087e-05,0.0003659987190044835,0.0005489980785067252,-0.007747179140185303,1h
tree,1152,0.6,10.0,test,-0.04367003077690275,0.07801991667437103,-0.5597292670686489,-0.09492192447562664,-0.054482850041183806,0.0024704913532802636,0.005489980785067252,0.0018299935950224174,0.003388154388131302,1h
tree,-1,0.65,10.0,train,0.3539837318555035,0.20209065876362897,1.7516085801349832,-0.18571695249798004,1.32489322104411,0.01152895964864123,0.020953426663006678,0.00597797907707323,-0.0028657698026892183,1h
tree,-1,0.65,10.0,valid,-0.04718431029848325,0.05196804567084028,-0.9079485227776957,-0.0779223651315556,-0.058867274800470715,9.149967975112087e-05,0.0003659987190044835,0.0005489980785067252,-0.007747179140185303,1h
tree,-1,0.65,10.0,test,-0.04367003077690275,0.07801991667437103,-0.5597292670686489,-0.09492192447562664,-0.054482850041183806,0.0024704913532802636,0.005489980785067252,0.0018299935950224174,0.003388154388131302,1h
tree,288,0.65,10.0,train,0.33585091883289,0.19558420935076315,1.717167863130355,-0.18571695249797981,1.2570255794262537,0.009790465733369932,0.017659438191966328,0.005855979504071736,-0.0028657698026892183,1h
tree,288,0.65,10.0,valid,-0.04718431029848325,0.05196804567084028,-0.9079485227776957,-0.0779223651315556,-0.058867274800470715,9.149967975112087e-05,0.0003659987190044835,0.0005489980785067252,-0.007747179140185303,1h
tree,288,0.65,10.0,test,-0.04367003077690275,0.07801991667437103,-0.5597292670686489,-0.09492192447562664,-0.054482850041183806,0.0024704913532802636,0.005489980785067252,0.0018299935950224174,0.003388154388131302,1h
tree,576,0.65,10.0,train,0.3539837318555035,0.20209065876362897,1.7516085801349832,-0.18571695249798004,1.32489322104411,0.01152895964864123,0.020953426663006678,0.00597797907707323,-0.0028657698026892183,1h
tree,576,0.65,10.0,valid,-0.04718431029848325,0.05196804567084028,-0.9079485227776957,-0.0779223651315556,-0.058867274800470715,9.149967975112087e-05,0.0003659987190044835,0.0005489980785067252,-0.007747179140185303,1h
tree,576,0.65,10.0,test,-0.04367003077690275,0.07801991667437103,-0.5597292670686489,-0.09492192447562664,-0.054482850041183806,0.0024704913532802636,0.005489980785067252,0.0018299935950224174,0.003388154388131302,1h
tree,1152,0.65,10.0,train,0.3539837318555035,0.20209065876362897,1.7516085801349832,-0.18571695249798004,1.32489322104411,0.01152895964864123,0.020953426663006678,0.00597797907707323,-0.0028657698026892183,1h
tree,1152,0.65,10.0,valid,-0.04718431029848325,0.05196804567084028,-0.9079485227776957,-0.0779223651315556,-0.058867274800470715,9.149967975112087e-05,0.0003659987190044835,0.0005489980785067252,-0.007747179140185303,1h
tree,1152,0.65,10.0,test,-0.04367003077690275,0.07801991667437103,-0.5597292670686489,-0.09492192447562664,-0.054482850041183806,0.0024704913532802636,0.005489980785067252,0.0018299935950224174,0.003388154388131302,1h
tree,-1,0.7,10.0,train,0.3539837318555035,0.20209065876362897,1.7516085801349832,-0.18571695249798004,1.32489322104411,0.01152895964864123,0.020953426663006678,0.00597797907707323,-0.0028657698026892183,1h
tree,-1,0.7,10.0,valid,-0.04718431029848325,0.05196804567084028,-0.9079485227776957,-0.0779223651315556,-0.058867274800470715,9.149967975112087e-05,0.0003659987190044835,0.0005489980785067252,-0.007747179140185303,1h
tree,-1,0.7,10.0,test,-0.04367003077690275,0.07801991667437103,-0.5597292670686489,-0.09492192447562664,-0.054482850041183806,0.0024704913532802636,0.005489980785067252,0.0018299935950224174,0.003388154388131302,1h
tree,288,0.7,10.0,train,0.34900879616284053,0.19177957143975347,1.819843446007907,-0.18571695249798004,1.3062729908437292,0.009271967548113581,0.01640894256870101,0.005855979504071736,-0.0028657698026892183,1h
tree,288,0.7,10.0,valid,-0.04718431029848325,0.05196804567084028,-0.9079485227776957,-0.0779223651315556,-0.058867274800470715,9.149967975112087e-05,0.0003659987190044835,0.0005489980785067252,-0.007747179140185303,1h
tree,288,0.7,10.0,test,-0.04367003077690275,0.07801991667437103,-0.5597292670686489,-0.09492192447562664,-0.054482850041183806,0.0024704913532802636,0.005489980785067252,0.0018299935950224174,0.003388154388131302,1h
tree,576,0.7,10.0,train,0.3539837318555035,0.20209065876362897,1.7516085801349832,-0.18571695249798004,1.32489322104411,0.01152895964864123,0.020953426663006678,0.00597797907707323,-0.0028657698026892183,1h
tree,576,0.7,10.0,valid,-0.04718431029848325,0.05196804567084028,-0.9079485227776957,-0.0779223651315556,-0.058867274800470715,9.149967975112087e-05,0.0003659987190044835,0.0005489980785067252,-0.007747179140185303,1h
tree,576,0.7,10.0,test,-0.04367003077690275,0.07801991667437103,-0.5597292670686489,-0.09492192447562664,-0.054482850041183806,0.0024704913532802636,0.005489980785067252,0.0018299935950224174,0.003388154388131302,1h
tree,1152,0.7,10.0,train,0.3539837318555035,0.20209065876362897,1.7516085801349832,-0.18571695249798004,1.32489322104411,0.01152895964864123,0.020953426663006678,0.00597797907707323,-0.0028657698026892183,1h
tree,1152,0.7,10.0,valid,-0.04718431029848325,0.05196804567084028,-0.9079485227776957,-0.0779223651315556,-0.058867274800470715,9.149967975112087e-05,0.0003659987190044835,0.0005489980785067252,-0.007747179140185303,1h
tree,1152,0.7,10.0,test,-0.04367003077690275,0.07801991667437103,-0.5597292670686489,-0.09492192447562664,-0.054482850041183806,0.0024704913532802636,0.005489980785067252,0.0018299935950224174,0.003388154388131302,1h
tree,-1,0.75,10.0,train,0.3539837318555035,0.20209065876362897,1.7516085801349832,-0.18571695249798004,1.32489322104411,0.01152895964864123,0.020953426663006678,0.00597797907707323,-0.0028657698026892183,1h
tree,-1,0.75,10.0,valid,-0.04718431029848325,0.05196804567084028,-0.9079485227776957,-0.0779223651315556,-0.058867274800470715,9.149967975112087e-05,0.0003659987190044835,0.0005489980785067252,-0.007747179140185303,1h
tree,-1,0.75,10.0,test,-0.04367003077690275,0.07801991667437103,-0.5597292670686489,-0.09492192447562664,-0.054482850041183806,0.0024704913532802636,0.005489980785067252,0.0018299935950224174,0.003388154388131302,1h
tree,288,0.75,10.0,train,0.30677419776655274,0.1871770207405225,1.6389522418557134,-0.18571695249798026,1.148196988832419,0.008448470430353494,0.014914447799432701,0.005123982066062769,-0.0028657698026892183,1h
tree,288,0.75,10.0,valid,-0.04718431029848325,0.05196804567084028,-0.9079485227776957,-0.0779223651315556,-0.058867274800470715,9.149967975112087e-05,0.0003659987190044835,0.0005489980785067252,-0.007747179140185303,1h
tree,288,0.75,10.0,test,-0.04367003077690275,0.07801991667437103,-0.5597292670686489,-0.09492192447562664,-0.054482850041183806,0.0024704913532802636,0.005489980785067252,0.0018299935950224174,0.003388154388131302,1h
tree,576,0.75,10.0,train,0.35350924177289933,0.20112700196711517,1.7576418795856117,-0.18571695249797981,1.3231172956630206,0.011223960716137493,0.02028242901149846,0.00597797907707323,-0.0028657698026892183,1h
tree,576,0.75,10.0,valid,-0.04718431029848325,0.05196804567084028,-0.9079485227776957,-0.0779223651315556,-0.058867274800470715,9.149967975112087e-05,0.0003659987190044835,0.0005489980785067252,-0.007747179140185303,1h
tree,576,0.75,10.0,test,-0.04367003077690275,0.07801991667437103,-0.5597292670686489,-0.09492192447562664,-0.054482850041183806,0.0024704913532802636,0.005489980785067252,0.0018299935950224174,0.003388154388131302,1h
tree,1152,0.75,10.0,train,0.3539837318555035,0.20209065876362897,1.7516085801349832,-0.18571695249798004,1.32489322104411,0.01152895964864123,0.020953426663006678,0.00597797907707323,-0.0028657698026892183,1h
tree,1152,0.75,10.0,valid,-0.04718431029848325,0.05196804567084028,-0.9079485227776957,-0.0779223651315556,-0.058867274800470715,9.149967975112087e-05,0.0003659987190044835,0.0005489980785067252,-0.007747179140185303,1h
tree,1152,0.75,10.0,test,-0.04367003077690275,0.07801991667437103,-0.5597292670686489,-0.09492192447562664,-0.054482850041183806,0.0024704913532802636,0.005489980785067252,0.0018299935950224174,0.003388154388131302,1h
tree,-1,0.8,10.0,train,0.3539837318555035,0.20209065876362897,1.7516085801349832,-0.18571695249798004,1.32489322104411,0.01152895964864123,0.020953426663006678,0.00597797907707323,-0.0028657698026892183,1h
tree,-1,0.8,10.0,valid,-0.04718431029848325,0.05196804567084028,-0.9079485227776957,-0.0779223651315556,-0.058867274800470715,9.149967975112087e-05,0.0003659987190044835,0.0005489980785067252,-0.007747179140185303,1h
tree,-1,0.8,10.0,test,-0.04367003077690275,0.07801991667437103,-0.5597292670686489,-0.09492192447562664,-0.054482850041183806,0.0024704913532802636,0.005489980785067252,0.0018299935950224174,0.003388154388131302,1h
tree,288,0.8,10.0,train,0.3013988876420827,0.17910015208244584,1.6828510983248002,-0.18571695249798004,1.1280782339179214,0.007502973739591912,0.013328453350413274,0.004696983560557538,-0.0028657698026892183,1h
tree,288,0.8,10.0,valid,-0.04718431029848325,0.05196804567084028,-0.9079485227776957,-0.0779223651315556,-0.058867274800470715,9.149967975112087e-05,0.0003659987190044835,0.0005489980785067252,-0.007747179140185303,1h
tree,288,0.8,10.0,test,-0.04367003077690275,0.07801991667437103,-0.5597292670686489,-0.09492192447562664,-0.054482850041183806,0.0024704913532802636,0.005489980785067252,0.0018299935950224174,0.003388154388131302,1h
tree,576,0.8,10.0,train,0.3642573602248722,0.19867326756521547,1.8334492842893568,-0.18571695249798004,1.363345441745765,0.0105224631713789,0.018726934455729406,0.0060389788635739775,-0.0028657698026892183,1h
tree,576,0.8,10.0,valid,-0.04718431029848325,0.05196804567084028,-0.9079485227776957,-0.0779223651315556,-0.058867274800470715,9.149967975112087e-05,0.0003659987190044835,0.0005489980785067252,-0.007747179140185303,1h
tree,576,0.8,10.0,test,-0.04367003077690275,0.07801991667437103,-0.5597292670686489,-0.09492192447562664,-0.054482850041183806,0.0024704913532802636,0.005489980785067252,0.0018299935950224174,0.003388154388131302,1h
tree,1152,0.8,10.0,train,0.3539837318555035,0.20209065876362897,1.7516085801349832,-0.18571695249798004,1.32489322104411,0.01152895964864123,0.020953426663006678,0.00597797907707323,-0.0028657698026892183,1h
tree,1152,0.8,10.0,valid,-0.04718431029848325,0.05196804567084028,-0.9079485227776957,-0.0779223651315556,-0.058867274800470715,9.149967975112087e-05,0.0003659987190044835,0.0005489980785067252,-0.007747179140185303,1h
tree,1152,0.8,10.0,test,-0.04367003077690275,0.07801991667437103,-0.5597292670686489,-0.09492192447562664,-0.054482850041183806,0.0024704913532802636,0.005489980785067252,0.0018299935950224174,0.003388154388131302,1h
equal_weight,-1,0.6,2.0,train,0.027738807849181295,0.12242535825652003,0.22657730591287858,-0.47751842194712335,2.4906409579211317,0.39190797302657676,0.7999877948311109,0.11262319592347358,0.15144252125662544,1d
equal_weight,-1,0.6,2.0,valid,0.007778020273761577,0.09797964501702246,0.07938404218968405,-0.31679763150012796,0.2327865574536223,0.3675393628707433,0.7631819846210179,0.13722079824240205,0.17075588645993506,1d
equal_weight,-1,0.6,2.0,test,-0.0035709347095934352,0.07862224437476374,-0.0454188854311012,-0.441945292644077,-0.10688345671864019,0.36384439359267734,0.7509382151029749,0.13418764302059497,0.18315098007057395,1d
equal_weight,288,0.6,2.0,train,0.0128503805485101,0.12250670897151418,0.10489532088808401,-0.52462681809836,1.1538233471680783,0.38791078021542125,0.8109114209867879,0.16925517956854727,0.15144252125662544,1d
equal_weight,288,0.6,2.0,valid,-0.01047374621887486,0.099533305612826,-0.10522855796246355,-0.5100674708340924,-0.3134663114931242,0.38447455144635667,0.810966678872208,0.17722445990479677,0.17075588645993506,1d
equal_weight,288,0.6,2.0,test,-0.0007607433739161927,0.07815623174567508,-0.009733624010836344,-0.4212463472043546,-0.02277019550694448,0.39048054919908465,0.8040274599542334,0.17528604118993135,0.18315098007057395,1d
equal_weight,576,0.6,2.0,train,0.01282016505956082,0.1231226677746476,0.1041251403277394,-0.6552571963540657,1.151110327389076,0.39428798095993656,0.8185091386202057,0.15280871449058675,0.15144252125662544,1d
equal_weight,576,0.6,2.0,valid,0.0039718916710536735,0.10119150947769491,0.03925123453098776,-0.38742045476515585,0.11887382086189424,0.38419992676675213,0.8067557671182717,0.16129622848773342,0.17075588645993506,1d
equal_weight,576,0.6,2.0,test,-0.00950391268065434,0.07828274723086438,-0.12140494574910947,-0.5851716819554924,-0.28446642749627626,0.38672768878718533,0.8021052631578948,0.17034324942791762,0.18315098007057395,1d
equal_weight,1152,0.6,2.0,train,0.013634936491439922,0.12188418511729122,0.11186797104414153,-0.6449071939543767,1.224267872969822,0.39758337655997317,0.8192719616757697,0.13505019375705613,0.15144252125662544,1d
equal_weight,1152,0.6,2.0,valid,0.004557507692163469,0.10131192873625687,0.04498490699972684,-0.49511444435645435,0.136400586381356,0.3963749542292201,0.8234163310142805,0.14225558403515196,0.17075588645993506,1d
equal_weight,1152,0.6,2.0,test,-0.004331855787753995,0.07948830326868059,-0.05449677008593039,-0.5882016077957981,-0.12965897118139746,0.38983981693363845,0.8110755148741419,0.16356979405034325,0.18315098007057395,1d
equal_weight,-1,0.65,2.0,train,0.02662001176220232,0.11698864094652886,0.2275435593304254,-0.49093165486904145,2.3901853300894667,0.342721142403808,0.7000274616300003,0.10871754187898575,0.15144252125662544,1d
equal_weight,-1,0.65,2.0,valid,0.0037725421146684143,0.0920404975534282,0.0409878500763048,-0.29851516610750894,0.11290753441270529,0.31151592823141705,0.6456426217502746,0.12605272793848407,0.17075588645993506,1d
equal_weight,-1,0.65,2.0,test,-0.013210985669211542,0.07409561426348683,-0.17829645925105328,-0.6949902915649057,-0.39542470804418384,0.30361556064073225,0.6324942791762014,0.13125858123569795,0.18315098007057395,1d
equal_weight,288,0.65,2.0,train,0.012936481786341276,0.11778094809758793,0.10983509638267384,-0.5652199788119676,1.161554294750105,0.3426601165593629,0.7189149604857658,0.16351875019070577,0.15144252125662544,1d
equal_weight,288,0.65,2.0,valid,-0.013483427713344017,0.09468217451633315,-0.14240724594911006,-0.5041193602371894,-0.4035423680563559,0.3388868546320029,0.7164957890882461,0.17447821310875136,0.17075588645993506,1d
equal_weight,288,0.65,2.0,test,0.0034056930267103765,0.07368009861245821,0.04622269908491307,-0.3658189821404645,0.10193752415564172,0.3422425629290618,0.705629290617849,0.165766590389016,0.18315098007057395,1d
equal_weight,576,0.65,2.0,train,0.015310881685745405,0.1182279926029586,0.12950301657546925,-0.533569383003976,1.3747493848957704,0.3516309156927959,0.731272693985903,0.14591279406828792,0.15144252125662544,1d
equal_weight,576,0.65,2.0,valid,-0.00011319477588973,0.095848416709432,-0.0011809770028114717,-0.3507953806466193,-0.0033877800871797703,0.34053460270963015,0.7167704137678506,0.1517759062614427,0.17075588645993506,1d
equal_weight,576,0.65,2.0,test,-0.004988171268872763,0.07445829737660918,-0.06699281939852388,-0.4894317200760171,-0.1493034824998205,0.33784897025171623,0.702974828375286,0.16704805491990846,0.18315098007057395,1d
equal_weight,1152,0.65,2.0,train,0.01175276690057314,0.11686612207159516,0.10056607246172758,-0.5470380390292828,1.055269670226048,0.35266835504836297,0.7290147377414335,0.13346352180148294,0.15144252125662544,1d
equal_weight,1152,0.65,2.0,valid,0.0018645332164872628,0.09665624320728396,0.01929035471085589,-0.37093635140996095,0.05580318042988197,0.3505126327352618,0.731691688026364,0.1374954229220066,0.17075588645993506,1d
equal_weight,1152,0.65,2.0,test,-0.0023382242208085193,0.07537149999998263,-0.03102265738122577,-0.5445246375834853,-0.06998657428036004,0.342883295194508,0.7130434782608696,0.1577116704805492,0.18315098007057395,1d
equal_weight,-1,0.7,2.0,train,0.022710089351720048,0.11151589477020173,0.20364890044166542,-0.42152261132509006,2.0391171460929725,0.2927409758032527,0.6000061025844445,0.1007231562566747,0.15144252125662544,1d
equal_weight,-1,0.7,2.0,valid,-0.003930788328659652,0.08623255593857213,-0.04558357671155838,-0.30193283735532805,-0.11764364849939657,0.25567557671182717,0.531490296594654,0.11726473819113878,0.17075588645993506,1d
equal_weight,-1,0.7,2.0,test,-0.01081694045335661,0.0685212490606071,-0.15786256966490816,-0.5879764708358628,-0.3237673272682573,0.2459496567505721,0.5146910755148741,0.11881006864988558,0.18315098007057395,1d
equal_weight,288,0.7,2.0,train,0.012598708238148555,0.11124240609145147,0.11325454636239403,-0.806160714839939,1.131225931750322,0.2954871388032832,0.6238977206847099,0.1537241021572636,0.15144252125662544,1d
equal_weight,288,0.7,2.0,valid,-0.012773149250235644,0.08913594823920337,-0.14329963951197205,-0.569435551681355,-0.3822846093412995,0.2938484071768583,0.6207433174661297,0.16111314536799706,0.17075588645993506,1d
equal_weight,288,0.7,2.0,test,0.002524093905969299,0.06987955900703197,0.03612063301251372,-0.2660120569471137,0.0755499340348289,0.29675057208237987,0.6145537757437071,0.15844393592677344,0.18315098007057395,1d
equal_weight,576,0.7,2.0,train,0.014151221157908858,0.11210985569571998,0.12622637920716823,-0.5568202237532378,1.270624578104572,0.30726512678119183,0.6419918835626888,0.1396271320904403,0.15144252125662544,1d
equal_weight,576,0.7,2.0,valid,-0.0063046670701637905,0.09164433798762142,-0.06879494367688459,-0.45806232546474057,-0.18869091253279757,0.2965031124130355,0.6284328084950568,0.14719882826803368,0.17075588645993506,1d
equal_weight,576,0.7,2.0,test,0.003977209219584836,0.0699379435226205,0.056867688971987865,-0.3092807917134591,0.11904386499715747,0.29162471395881007,0.6021967963386727,0.15038901601830665,0.18315098007057395,1d
equal_weight,1152,0.7,2.0,train,0.007115386382981076,0.11105019410267325,0.06407360599840492,-0.5290538504365376,0.6388837203546902,0.30653281664785037,0.6372318676959693,0.12540811033472676,0.15144252125662544,1d
equal_weight,1152,0.7,2.0,valid,0.002518458896814784,0.09261131711305859,0.02719385681277251,-0.4054600263551591,0.07537436983233903,0.30684730867813986,0.6445441230318565,0.13090443061149762,0.17075588645993506,1d
equal_weight,1152,0.7,2.0,test,0.0026882941182638453,0.07179552973558877,0.037443753506163885,-0.34253298335667226,0.08046469381378563,0.2995881006864989,0.6209610983981694,0.1443478260869565,0.18315098007057395,1d
equal_weight,-1,0.75,2.0,train,0.01470389142241906,0.10549465926022897,0.13938043428481278,-0.49866103085447344,1.3202483111971395,0.24367619686937417,0.4999847435388887,0.0970921185121899,0.15144252125662544,1d
equal_weight,-1,0.75,2.0,valid,-0.004534010642206985,0.07877800175415695,-0.05755427329010329,-0.365146149861558,-0.13569734864512262,0.2034968875869645,0.42466129622848775,0.1047235444891981,0.17075588645993506,1d
equal_weight,-1,0.75,2.0,test,-0.0028140506661033984,0.06397082013716958,-0.04398959807095428,-0.33934487294538185,-0.08422877678679686,0.19340961098398168,0.4043020594965675,0.09775743707093822,0.18315098007057395,1d
equal_weight,288,0.75,2.0,train,0.00624376736888628,0.10434914346346866,0.059835348539033724,-0.7108058312485737,0.5606218848781594,0.24904647118054496,0.5293076617947701,0.14499740640161107,0.15144252125662544,1d
equal_weight,288,0.75,2.0,valid,-0.01000194790201488,0.08349461185777517,-0.11979153719586375,-0.5485262572855449,-0.2993459695386611,0.24890150128158184,0.5276455510801904,0.15232515562065177,0.17075588645993506,1d
equal_weight,288,0.75,2.0,test,-0.005288309319301459,0.06455786844805401,-0.08191579812701927,-0.3305720310879199,-0.15828706661197378,0.24649885583524028,0.519816933638444,0.14983981693363843,0.18315098007057395,1d
equal_weight,576,0.75,2.0,train,0.015459767003689971,0.10574210905105026,0.14620255962765308,-0.5960519137814813,1.3881176548272665,0.2629298507918103,0.5488359320172093,0.12961889360144022,0.15144252125662544,1d
equal_weight,576,0.75,2.0,valid,-0.006866641386316213,0.0858203513566246,-0.08001180696385214,-0.5196902521699085,-0.20551011097019145,0.24926766752105456,0.5308495056755768,0.13566459172464299,0.17075588645993506,1d
equal_weight,576,0.75,2.0,test,0.008186557477897627,0.06572158723429389,0.12456420823667867,-0.23410093084314043,0.24503600122200142,0.24659038901601832,0.5096567505720824,0.13318077803203662,0.18315098007057395,1d
equal_weight,1152,0.75,2.0,train,0.011110825165611508,0.1045534199028307,0.10626936140336327,-0.6158530869279537,0.9976303374044118,0.2633265187807036,0.5470966954505233,0.11582705275684252,0.15144252125662544,1d
equal_weight,1152,0.75,2.0,valid,0.0068737547960029165,0.08710624357863053,0.07891230884957173,-0.36352516530063683,0.2057230065521618,0.2602526547052362,0.5480593189307946,0.12376418894177957,0.17075588645993506,1d
equal_weight,1152,0.75,2.0,test,-0.0010969383259883674,0.06747188685989929,-0.016257709351838404,-0.3575776403643236,-0.03283301701759911,0.2525400457665904,0.5254004576659039,0.13537757437070938,0.18315098007057395,1d
equal_weight,-1,0.8,2.0,train,0.013301224636911977,0.09795544966015222,0.13578851082874308,-0.4970597331927573,1.1943042055494058,0.19427577579104752,0.400024410337778,0.08604644066762274,0.15144252125662544,1d
equal_weight,-1,0.8,2.0,valid,0.0037392096724818595,0.07118380886594051,0.05252893504931524,-0.3290170125185157,0.11190993551285744,0.1577261076528744,0.3250640790919077,0.0825704870010985,0.17075588645993506,1d
equal_weight,-1,0.8,2.0,test,0.008294975523671002,0.05868539315000122,0.14134651023754502,-0.2368260154865327,0.24828111670165653,0.14672768878718537,0.30407322654462243,0.08,0.18315098007057395,1d
equal_weight,288,0.8,2.0,train,0.011637804255506298,0.09746166893571881,0.11940903929299686,-0.5472576121222374,1.0449472845636487,0.20474170811338602,0.43523632258261374,0.1295578677569951,0.15144252125662544,1d
equal_weight,288,0.8,2.0,valid,-0.00017457242932021643,0.07813170590154432,-0.002234335309921422,-0.3769645281002074,-0.005224737583276018,0.20230684730867815,0.43015378982057856,0.13548150860490663,0.17075588645993506,1d
equal_weight,288,0.8,2.0,test,-0.0008184749443003763,0.0591479492178855,-0.013837756931949233,-0.2348554226295867,-0.02449818840132112,0.20073226544622425,0.42434782608695654,0.128604118993135,0.18315098007057395,1d
equal_weight,576,0.8,2.0,train,0.010497830469928509,0.09918568425829925,0.1058401779292067,-0.4663837825861692,0.9425901314821665,0.2142922527690477,0.45018765447166875,0.12180758551246453,0.15144252125662544,1d
equal_weight,576,0.8,2.0,valid,-0.0030983511907350936,0.08016346138284478,-0.03865041675206592,-0.5635531936516966,-0.09272983125367651,0.20615159282314172,0.4358293665324057,0.12120102526547052,0.17075588645993506,1d
equal_weight,576,0.8,2.0,test,1.359347536947916e-05,0.06083810154126331,0.00022343687631770387,-0.2893699976112776,0.00040687320112353653,0.19981693363844394,0.4191304347826087,0.1245766590389016,0.18315098007057395,1d
equal_weight,1152,0.8,2.0,train,0.012787843134058422,0.09747684900921394,0.13118851567360018,-0.610921352617317,1.148208172691823,0.21792329051353249,0.45320843377170233,0.10594086595673267,0.15144252125662544,1d
equal_weight,1152,0.8,2.0,valid,0.0017896641552739149,0.08135333710835851,0.021998656956016115,-0.3093316083267714,0.05356244173208369,0.21246796045404615,0.45102526547052363,0.11186378615891615,0.17075588645993506,1d
equal_weight,1152,0.8,2.0,test,0.004841279542070189,0.06236594870943734,0.07762696859829211,-0.2958768835714304,0.14490679177291943,0.2048512585812357,0.42727688787185353,0.11670480549199085,0.18315098007057395,1d
equal_weight,-1,0.6,5.0,train,0.015406567895560917,0.12273667423569326,0.12552538181029274,-0.5721900097805195,1.3833409579212863,0.39059591737100663,0.7999877948311109,0.11262319592347358,0.15144252125662544,1d
equal_weight,-1,0.6,5.0,valid,-0.007237633332975914,0.09836004440724418,-0.07358306288486044,-0.40996404927396624,-0.21661344254638049,0.36552544855364333,0.7631819846210179,0.13722079824240205,0.17075588645993506,1d
equal_weight,-1,0.6,5.0,test,-0.018254458737053413,0.07900300596773578,-0.23106030604086625,-0.7719452926440736,-0.5463834567186205,0.3616475972540046,0.7509382151029749,0.13418764302059497,0.18315098007057395,1d
equal_weight,288,0.6,5.0,train,-0.005683061614245866,0.12300546363940212,-0.04620170068954092,-1.2551242425431541,-0.5102766528319777,0.3852561559820584,0.8109114209867879,0.16925517956854727,0.15144252125662544,1d
equal_weight,288,0.6,5.0,valid,-0.02988984837925571,0.1000842248636412,-0.2986469488071557,-0.8940150426297967,-0.8945663114931017,0.3816367630904431,0.810966678872208,0.17722445990479677,0.17075588645993506,1d
equal_weight,288,0.6,5.0,test,-0.019954564884213707,0.07874484180656902,-0.25340789855455736,-0.8171077412926475,-0.5972701955069118,0.3880091533180778,0.8040274599542334,0.17528604118993135,0.18315098007057395,1d
equal_weight,576,0.6,5.0,train,-0.003912389177158469,0.12356842086760336,-0.03166172351874898,-1.1056372932771221,-0.35128967261099686,0.39212156348213467,0.8185091386202057,0.15280871449058675,0.15144252125662544,1d
equal_weight,576,0.6,5.0,valid,-0.01369004534835317,0.10167175291476002,-0.13464944742155363,-0.5330007053188708,-0.4097261791381097,0.38172830465031127,0.8067557671182717,0.16129622848773342,0.17075588645993506,1d
equal_weight,576,0.6,5.0,test,-0.028156498493011356,0.07883142691635218,-0.35717352323062906,-0.9865716819554791,-0.8427664274962489,0.38361556064073227,0.8021052631578948,0.17034324942791762,0.18315098007057395,1d
equal_weight,1152,0.6,5.0,train,-0.0011530597249577552,0.12227739284050554,-0.009429868417801211,-0.8294790607530211,-0.10353212703024806,0.39584413999328716,0.8192719616757697,0.13505019375705613,0.15144252125662544,1d
equal_weight,1152,0.6,5.0,valid,-0.011019478759685702,0.10174932528506422,-0.10830026370015891,-0.6265144443564596,-0.3297994136186482,0.39472720615159285,0.8234163310142805,0.14225558403515196,0.17075588645993506,1d
equal_weight,1152,0.6,5.0,test,-0.022242748236266614,0.08000641622359929,-0.2780120556094316,-0.9818016077957804,-0.6657589711813606,0.3870938215102975,0.8110755148741419,0.16356979405034325,0.18315098007057395,1d
equal_weight,-1,0.65,5.0,train,0.014715440926453353,0.11728434395747923,0.12546807553264186,-0.5940424189146745,1.3212853300895957,0.34128703505934765,0.7000274616300003,0.10871754187898575,0.15144252125662544,1d
equal_weight,-1,0.65,5.0,valid,-0.010040255395401187,0.09241749435541549,-0.10864020351805662,-0.3855151661075099,-0.3004924655872947,0.3097766385939216,0.6456426217502746,0.12605272793848407,0.17075588645993506,1d
equal_weight,-1,0.65,5.0,test,-0.027573777431225296,0.07446801736558979,-0.37027677661748243,-1.0153217668773942,-0.8253247080441648,0.3012356979405034,0.6324942791762014,0.13125858123569795,0.18315098007057395,1d
equal_weight,288,0.65,5.0,train,-0.004968821359541049,0.11823880205005002,-0.04202361046788825,-0.9369975262058383,-0.4461457052499539,0.3398224147926647,0.7189149604857658,0.16351875019070577,0.15144252125662544,1d
equal_weight,288,0.65,5.0,valid,-0.03259881584955789,0.09519377653542808,-0.3424469228555677,-0.9726655195560343,-0.9756423680563284,0.33641523251556205,0.7164957890882461,0.17447821310875136,0.17075588645993506,1d
equal_weight,288,0.65,5.0,test,-0.014745748620886909,0.07417293724058349,-0.19880227438018752,-0.7368887447169506,-0.44136247584434274,0.3394050343249428,0.705629290617849,0.165766590389016,0.18315098007057395,1d
equal_weight,576,0.65,5.0,train,-0.000666569264732156,0.11863523573886509,-0.005618644920969183,-0.9918841874423727,-0.05985061510428813,0.34958654990388427,0.731272693985903,0.14591279406828792,0.15144252125662544,1d
equal_weight,576,0.65,5.0,valid,-0.01673265651151774,0.09628611710089706,-0.17378057206298797,-0.5101387847256462,-0.500787780087177,0.338429146832662,0.7167704137678506,0.1517759062614427,0.17075588645993506,1d
equal_weight,576,0.65,5.0,test,-0.023279933282602767,0.07496991426534363,-0.3105236748731936,-0.8878317200760042,-0.696803482499787,0.3348283752860412,0.702974828375286,0.16704805491990846,0.18315098007057395,1d
equal_weight,1152,0.65,5.0,train,-0.0028614887366892735,0.11723156367342935,-0.02440885924426028,-0.8612705429369316,-0.25693032977402075,0.3511427089372349,0.7290147377414335,0.13346352180148294,0.15144252125662544,1d
equal_weight,1152,0.65,5.0,valid,-0.01319121559347249,0.09705361962169387,-0.13591678131007007,-0.47612462605669226,-0.39479681957011914,0.3486818015378982,0.731691688026364,0.1374954229220066,0.17075588645993506,1d
equal_weight,1152,0.65,5.0,test,-0.019607652138428685,0.07585293743268536,-0.25849562063208464,-0.9213246375834725,-0.5868865742803263,0.34050343249427917,0.7130434782608696,0.1577116704805492,0.18315098007057395,1d
equal_weight,-1,0.7,5.0,train,0.011680903741614148,0.1118058722963726,0.10447486792688904,-0.634149804524919,1.0488171460930498,0.2914594330699051,0.6000061025844445,0.1007231562566747,0.15144252125662544,1d
equal_weight,-1,0.7,5.0,valid,-0.01678130096139494,0.08660764286723117,-0.19376235636756145,-0.5245326044773744,-0.5022436484993921,0.2540278286341999,0.531490296594654,0.11726473819113878,0.17075588645993506,1d
equal_weight,-1,0.7,5.0,test,-0.02381662008722391,0.06888489289122737,-0.3457451857380619,-0.8621841291635898,-0.7128673272682448,0.24448512585812357,0.5146910755148741,0.11881006864988558,0.18315098007057395,1d
equal_weight,288,0.7,5.0,train,-0.004234080948071847,0.1116816359090457,-0.037912060596248,-1.1465858948693777,-0.380174068249747,0.2934427730143716,0.6238977206847099,0.1537241021572636,0.15144252125662544,1d
equal_weight,288,0.7,5.0,valid,-0.030415038668031368,0.08961569433724287,-0.33939410828613487,-0.9367303726097045,-0.9102846093412815,0.2923837422189674,0.6207433174661297,0.16111314536799706,0.17075588645993506,1d
equal_weight,288,0.7,5.0,test,-0.014825517078012423,0.07034719392097552,-0.21074781027750245,-0.6108254895163798,-0.44375006596516064,0.2945537757437071,0.6145537757437071,0.15844393592677344,0.18315098007057395,1d
equal_weight,576,0.7,5.0,train,-0.001137949805994386,0.11248480280931733,-0.010116475982301561,-0.8793374037424151,-0.10217542189549045,0.3051597351478351,0.6419918835626888,0.1396271320904403,0.15144252125662544,1d
equal_weight,576,0.7,5.0,valid,-0.022422938765513507,0.09208160301851655,-0.24351160308324032,-0.6945681877724297,-0.6710909125327831,0.29485536433540827,0.6284328084950568,0.14719882826803368,0.17075588645993506,1d
equal_weight,576,0.7,5.0,test,-0.012490388034419765,0.07038181030768656,-0.1774661376258414,-0.6484152043142221,-0.3738561350028339,0.2888787185354691,0.6021967963386727,0.15038901601830665,0.18315098007057395,1d
equal_weight,1152,0.7,5.0,train,-0.006616801698671535,0.111406409342376,-0.05939336648340107,-1.0017261629758192,-0.5941162796453368,0.30464101547005157,0.6372318676959693,0.12540811033472676,0.15144252125662544,1d
equal_weight,1152,0.7,5.0,valid,-0.011815576255144233,0.09299536537783165,-0.12705553881248413,-0.6034600263551593,-0.35362563016765913,0.3051995606005126,0.6445441230318565,0.13090443061149762,0.17075588645993506,1d
equal_weight,1152,0.7,5.0,test,-0.013117792838257925,0.07224178642759116,-0.18158178925165494,-0.6433541485296589,-0.39263530618620746,0.297025171624714,0.6209610983981694,0.1443478260869565,0.18315098007057395,1d
equal_weight,-1,0.75,5.0,train,0.0040723044453342405,0.10579961832446953,0.038490729076594316,-0.8550610308544817,0.3656483111971074,0.24233362829158148,0.4999847435388887,0.0970921185121899,0.15144252125662544,1d
equal_weight,-1,0.75,5.0,valid,-0.0160012387637742,0.0791185862087757,-0.20224373981545402,-0.5590068836809898,-0.47889734864512157,0.2024899304284145,0.42466129622848775,0.1047235444891981,0.17075588645993506,1d
equal_weight,-1,0.75,5.0,test,-0.013518490025371154,0.06432534505528886,-0.21015806465945505,-0.5530736357850365,-0.404628776786794,0.19221967963386727,0.4043020594965675,0.09775743707093822,0.18315098007057395,1d
equal_weight,288,0.75,5.0,train,-0.009633448632090166,0.10477185452476884,-0.09194691337464822,-1.2773481121915662,-0.8649781151217855,0.24681902785829798,0.5293076617947701,0.14499740640161107,0.15144252125662544,1d
equal_weight,288,0.75,5.0,valid,-0.026681552442476282,0.08395892498206176,-0.3177929261025785,-0.8231449484167788,-0.7985459695386472,0.24734529476382278,0.5276455510801904,0.15232515562065177,0.17075588645993506,1d
equal_weight,288,0.75,5.0,test,-0.02169576927353489,0.06502538086724305,-0.3336507834968218,-0.7302399798663689,-0.6493870666119433,0.24466819221967964,0.519816933638444,0.14983981693363843,0.18315098007057395,1d
equal_weight,576,0.75,5.0,train,0.0012664981543322397,0.10611076318193247,0.011935623836394073,-0.7441480285320677,0.11371765482720808,0.26112958838067923,0.5488359320172093,0.12961889360144022,0.15144252125662544,1d
equal_weight,576,0.75,5.0,valid,-0.021721914180164652,0.08625538993833357,-0.2518325428207358,-0.7476902521699,-0.6501101109701803,0.24789454412303186,0.5308495056755768,0.13566459172464299,0.17075588645993506,1d
equal_weight,576,0.75,5.0,test,-0.006396737716610403,0.06616429638391053,-0.09667960011989075,-0.4141669693992034,-0.19146399877799625,0.2454004576659039,0.5096567505720824,0.13318077803203662,0.18315098007057395,1d
equal_weight,1152,0.75,5.0,train,-0.0015722371112627755,0.10489087935814077,-0.01498926428001913,-0.8595546366857417,-0.14116966259565722,0.2617093339029079,0.5470966954505233,0.11582705275684252,0.15144252125662544,1d
equal_weight,1152,0.75,5.0,valid,-0.006678423893121975,0.08747387581562573,-0.07634763900479859,-0.4941975182532896,-0.19987699344784782,0.25814719882826803,0.5480593189307946,0.12376418894177957,0.17075588645993506,1d
equal_weight,1152,0.75,5.0,test,-0.015920782719581066,0.06790854885674477,-0.2344444548972245,-0.6086026848977538,-0.47653301701758977,0.2507093821510297,0.5254004576659039,0.13537757437070938,0.18315098007057395,1d
equal_weight,-1,0.8,5.0,train,0.0038791393838072657,0.09823055302662138,0.03949015112188143,-0.800059733192767,0.3483042055493766,0.19311628474659018,0.400024410337778,0.08604644066762274,0.15144252125662544,1d
equal_weight,-1,0.8,5.0,valid,-0.005302258654138447,0.07151753524489989,-0.07413928117043947,-0.4685170125185181,-0.1586900644871463,0.1568106920541926,0.3250640790919077,0.0825704870010985,0.17075588645993506,1d
equal_weight,-1,0.8,5.0,test,-0.00046502447632901597,0.0589829143108185,-0.007884053912265274,-0.32429027730179083,-0.013918883298341123,0.14553775743707092,0.30407322654462243,0.08,0.18315098007057395,1d
equal_weight,288,0.8,5.0,train,-0.0025487822638846935,0.09786131189866147,-0.0260448405445866,-0.8126936631488568,-0.2288527154364195,0.2032465749244805,0.43523632258261374,0.1295578677569951,0.15144252125662544,1d
equal_weight,288,0.8,5.0,valid,-0.01500979762155752,0.07857274754417992,-0.1910305810945176,-0.5797645281002048,-0.4492247375832722,0.2002929329915782,0.43015378982057856,0.13548150860490663,0.17075588645993506,1d
equal_weight,288,0.8,5.0,test,-0.014900625974048684,0.059610388867666404,-0.24996693121945082,-0.4976242972387437,-0.4459981884013202,0.1994508009153318,0.42434782608695654,0.128604118993135,0.18315098007057395,1d
equal_weight,576,0.8,5.0,train,-0.0028401001436863835,0.09955231038285736,-0.028528721561196846,-0.7626047469223236,-0.2550098685179011,0.21270558081347452,0.45018765447166875,0.12180758551246453,0.15144252125662544,1d
equal_weight,576,0.8,5.0,valid,-0.01636986345730414,0.080554936225555,-0.2032136604449451,-0.753186289950631,-0.4899298312536706,0.20477846942511901,0.4358293665324057,0.12120102526547052,0.17075588645993506,1d
equal_weight,576,0.8,5.0,test,-0.013627550689390268,0.06127741721938455,-0.22239107501220395,-0.559369997611274,-0.4078931267988726,0.19789473684210526,0.4191304347826087,0.1245766590389016,0.18315098007057395,1d
equal_weight,1152,0.8,5.0,train,0.001187318311796169,0.09779990981858248,0.012140280231327703,-0.7500707501899242,0.1066081726917707,0.21661123485796235,0.45320843377170233,0.10594086595673267,0.15144252125662544,1d
equal_weight,1152,0.8,5.0,valid,-0.01045942042912743,0.0817102250074097,-0.12800626149516714,-0.4887901422171097,-0.31303755826791246,0.21155254485536434,0.45102526547052363,0.11186378615891615,0.17075588645993506,1d
equal_weight,1152,0.8,5.0,test,-0.007937896659302831,0.0627693322337045,-0.12646138451414835,-0.43265429360896435,-0.23759320822707797,0.2031121281464531,0.42727688787185353,0.11670480549199085,0.18315098007057395,1d
equal_weight,-1,0.6,10.0,train,-0.005147165360473029,0.12331480831005337,-0.04174004266812294,-1.6663873339072186,-0.46215904207885705,0.3890702712598786,0.7999877948311109,0.11262319592347358,0.15144252125662544,1d
equal_weight,-1,0.6,10.0,valid,-0.03226372267753835,0.09907991098766399,-0.3256333433884026,-0.980604402822206,-0.9656134425463812,0.3632369095569388,0.7631819846210179,0.13722079824240205,0.17075588645993506,1d
equal_weight,-1,0.6,10.0,test,-0.042726998782820005,0.07974296045865145,-0.535809036146519,-1.4330982925553521,-1.27888345671861,0.35926773455377575,0.7509382151029749,0.13418764302059497,0.18315098007057395,1d
equal_weight,288,0.6,10.0,train,-0.03657213188550576,0.12392414528460982,-0.2951170799000674,-3.421411299691881,-3.2837766528317838,0.3825405059042504,0.8109114209867879,0.16925517956854727,0.15144252125662544,1d
equal_weight,288,0.6,10.0,valid,-0.06225001864655708,0.10111158298157165,-0.6156566518981571,-1.8555150426297486,-1.8630663114930541,0.37806664225558406,0.810966678872208,0.17722445990479677,0.17075588645993506,1d
equal_weight,288,0.6,10.0,test,-0.05194426740137618,0.0798637148709955,-0.6504113599684433,-1.7014475146368833,-1.554770195506877,0.3838901601830664,0.8040274599542334,0.17528604118993135,0.18315098007057395,1d
equal_weight,576,0.6,10.0,train,-0.03179997957169057,0.12439067100435205,-0.2556460168188817,-2.9494735840654966,-2.855289672610811,0.38961950385988464,0.8185091386202057,0.15280871449058675,0.15144252125662544,1d
equal_weight,576,0.6,10.0,valid,-0.04312660704736453,0.10257066443460391,-0.42045751858086877,-1.2903903577791689,-1.290726179138092,0.3783412669351886,0.8067557671182717,0.16129622848773342,0.17075588645993506,1d
equal_weight,576,0.6,10.0,test,-0.05924414151360632,0.079880348963646,-0.7416610252988337,-1.8322045571282444,-1.7732664274962007,0.380045766590389,0.8021052631578948,0.17034324942791762,0.18315098007057395,1d
equal_weight,1152,0.6,10.0,train,-0.02579972008562051,0.12300385704867749,-0.20974724455518937,-2.488966745417758,-2.3165321270300594,0.39346413205992736,0.8192719616757697,0.13505019375705613,0.15144252125662544,1d
equal_weight,1152,0.6,10.0,valid,-0.03698112284610095,0.10256719021529709,-0.36055509338292774,-1.1111880594573964,-1.1067994136186445,0.39106554375686564,0.8234163310142805,0.14225558403515196,0.17075588645993506,1d
equal_weight,1152,0.6,10.0,test,-0.05209423565045427,0.08099605599271811,-0.6431700286139582,-1.6378016077957698,-1.5592589711813276,0.3843478260869565,0.8110755148741419,0.16356979405034325,0.18315098007057395,1d
equal_weight,-1,0.65,10.0,train,-0.005125510466461553,0.11783595671489559,-0.04349699878843212,-1.493520252589461,-0.4602146699105336,0.3395172855704391,0.7000274616300003,0.10871754187898575,0.15144252125662544,1d
equal_weight,-1,0.65,10.0,valid,-0.033061584578850486,0.09312974342236867,-0.3550056444256184,-0.99613976018751,-0.9894924655872953,0.3076711827169535,0.6456426217502746,0.12605272793848407,0.17075588645993506,1d
equal_weight,-1,0.65,10.0,test,-0.05151176370124819,0.0751963780074425,-0.6850298520515158,-1.6332173266194212,-1.5418247080441345,0.29839816933638447,0.6324942791762014,0.13125858123569795,0.18315098007057395,1d
equal_weight,288,0.65,10.0,train,-0.034810993269344864,0.11908518858302695,-0.2923200918901381,-3.2097383142265907,-3.1256457052497444,0.33710676471485673,0.7189149604857658,0.16351875019070577,0.15144252125662544,1d
equal_weight,288,0.65,10.0,valid,-0.06445779607658098,0.09615292278360804,-0.6703675167695434,-1.9215194545259,-1.9291423680562856,0.33275357012083484,0.7164957890882461,0.17447821310875136,0.17075588645993506,1d
equal_weight,288,0.65,10.0,test,-0.04499815136688234,0.07512734541512253,-0.5989583568837848,-1.5010209334649374,-1.3468624758442904,0.3352860411899313,0.705629290617849,0.165766590389016,0.18315098007057395,1d
equal_weight,576,0.65,10.0,train,-0.02729565418219472,0.11938942663352847,-0.22862706482358802,-2.725076395748713,-2.4508506151040788,0.3473591065816373,0.731272693985903,0.14591279406828792,0.15144252125662544,1d
equal_weight,576,0.65,10.0,valid,-0.044431759404231046,0.09711040534349759,-0.45753860512751066,-1.329451958728232,-1.3297877800871551,0.33595752471622115,0.7167704137678506,0.1517759062614427,0.17075588645993506,1d
equal_weight,576,0.65,10.0,test,-0.05376620330548606,0.07595443903084768,-0.7078744045973373,-1.6764384625385662,-1.609303482499754,0.3318077803203661,0.702974828375286,0.16704805491990846,0.18315098007057395,1d
equal_weight,1152,0.65,10.0,train,-0.02721858146545992,0.11791147810205614,-0.2308391167982931,-2.6101678402714716,-2.443930329773836,0.3492509077594361,0.7290147377414335,0.13346352180148294,0.15144252125662544,1d
equal_weight,1152,0.65,10.0,valid,-0.03828413027673871,0.09780348497581501,-0.3914393263819348,-1.1594223330756872,-1.1457968195701078,0.34611863786158914,0.731691688026364,0.1374954229220066,0.17075588645993506,1d
equal_weight,1152,0.65,10.0,test,-0.04839003200112892,0.07677816959696014,-0.6302576924553932,-1.5516591012139374,-1.4483865742803004,0.3373913043478261,0.7130434782608696,0.1577116704805492,0.18315098007057395,1d
equal_weight,-1,0.7,10.0,train,-0.006701072275228996,0.11234657498678705,-0.05964643137556353,-1.3409054355638235,-0.6016828539070689,0.289659170658774,0.6000061025844445,0.1007231562566747,0.15144252125662544,1d
equal_weight,-1,0.7,10.0,valid,-0.03819882201595372,0.0873163145305499,-0.43747634358283477,-1.1548955352662513,-1.1432436484993826,0.2518308311973636,0.531490296594654,0.11726473819113878,0.17075588645993506,1d
equal_weight,-1,0.7,10.0,test,-0.045482752810336036,0.06959676663257588,-0.6535181878556856,-1.4776937981471605,-1.361367327268234,0.2416475972540046,0.5146910755148741,0.11881006864988558,0.18315098007057395,1d
equal_weight,288,0.7,10.0,train,-0.032288729591772466,0.11249598951223001,-0.2870211616589425,-2.954281798622924,-2.8991740682495295,0.29087968754767646,0.6238977206847099,0.1537241021572636,0.15144252125662544,1d
equal_weight,288,0.7,10.0,valid,-0.059818187697690844,0.09051927867759468,-0.6608336762243449,-1.7962214941727837,-1.7902846093412597,0.28936287074331746,0.6207433174661297,0.16111314536799706,0.17075588645993506,1d
equal_weight,288,0.7,10.0,test,-0.043741535384648575,0.07125837409742308,-0.6138441402668827,-1.3961465824442938,-1.309250065965104,0.29098398169336387,0.6145537757437071,0.15844393592677344,0.18315098007057395,1d
equal_weight,576,0.7,10.0,train,-0.026619901412499754,0.11318528861078822,-0.23518870463844438,-2.4868342965730177,-2.3901754218952633,0.3024135721478046,0.6419918835626888,0.1396271320904403,0.15144252125662544,1d
equal_weight,576,0.7,10.0,valid,-0.04928672492442967,0.09290564896591039,-0.5305029938762315,-1.4822821919012068,-1.475090912532761,0.2924752837788356,0.6284328084950568,0.14719882826803368,0.17075588645993506,1d
equal_weight,576,0.7,10.0,test,-0.039936383457760724,0.0712476070432022,-0.56052947060446,-1.296268133993746,-1.1953561350027906,0.28649885583524026,0.6021967963386727,0.15038901601830665,0.18315098007057395,1d
equal_weight,1152,0.7,10.0,train,-0.02950378183475918,0.1120697686546304,-0.2632626281730097,-2.7106678035105194,-2.6491162796451992,0.3026576755255851,0.6372318676959693,0.12540811033472676,0.15144252125662544,1d
equal_weight,1152,0.7,10.0,valid,-0.03570563484174255,0.09372103874081605,-0.380977796676858,-1.0765401308456723,-1.0686256301676522,0.3030941047235445,0.6445441230318565,0.13090443061149762,0.17075588645993506,1d
equal_weight,1152,0.7,10.0,test,-0.0394612710991275,0.07310439960782483,-0.5397933819417307,-1.2424324626638679,-1.1811353061861785,0.29391304347826086,0.6209610983981694,0.1443478260869565,0.18315098007057395,1d
equal_weight,-1,0.75,10.0,train,-0.013647007183140429,0.10636624930779505,-0.1283020438527422,-1.8139912145609107,-1.225351688802856,0.240838495102676,0.4999847435388887,0.0970921185121899,0.15144252125662544,1d
equal_weight,-1,0.75,10.0,valid,-0.035113285633052854,0.07976884685229331,-0.4401879558077549,-1.06952853532049,-1.0508973486451205,0.20102526547052363,0.42466129622848775,0.1047235444891981,0.17075588645993506,1d
equal_weight,-1,0.75,10.0,test,-0.031359222290817376,0.06501104143755895,-0.4823676347491974,-1.0450736357850359,-0.9386287767867928,0.19011441647597255,0.4043020594965675,0.09775743707093822,0.18315098007057395,1d
equal_weight,288,0.75,10.0,train,-0.036095475300384205,0.10555914035816591,-0.34194552151439445,-3.266896844662864,-3.240978115121671,0.24462209745827357,0.5293076617947701,0.14499740640161107,0.15144252125662544,1d
equal_weight,288,0.75,10.0,valid,-0.05448089334324524,0.08483862863230086,-0.6421708391748162,-1.647793300648993,-1.630545969538629,0.24423288172830465,0.5276455510801904,0.15232515562065177,0.17075588645993506,1d
equal_weight,288,0.75,10.0,test,-0.0490415358639239,0.06593878658206856,-0.7437433778506972,-1.5181965427795492,-1.4678870666119095,0.24192219679633867,0.519816933638444,0.14983981693363843,0.18315098007057395,1d
equal_weight,576,0.75,10.0,train,-0.02238894992793061,0.10680012647249774,-0.2096341143724771,-2.2197567262283053,-2.0102823451725866,0.2587190675250969,0.5488359320172093,0.12961889360144022,0.15144252125662544,1d
equal_weight,576,0.75,10.0,valid,-0.046480702169912014,0.08707429713185294,-0.5338050802698785,-1.406316905817129,-1.3911101109701667,0.24560600512632735,0.5308495056755768,0.13566459172464299,0.17075588645993506,1d
equal_weight,576,0.75,10.0,test,-0.03070222970745708,0.06702230349564937,-0.45808974186406554,-0.9821171132929453,-0.918963998777997,0.242837528604119,0.5096567505720824,0.13318077803203662,0.18315098007057395,1d
equal_weight,1152,0.75,10.0,train,-0.022710674239386545,0.10552203931732719,-0.2152220937570276,-2.288658133521123,-2.039169662595509,0.25935983889177067,0.5470966954505233,0.11582705275684252,0.15144252125662544,1d
equal_weight,1152,0.75,10.0,valid,-0.029265388374996756,0.08817302538284166,-0.3319086335977279,-0.8831750405385312,-0.8758769934478484,0.2560417429512999,0.5480593189307946,0.12376418894177957,0.17075588645993506,1d
equal_weight,1152,0.75,10.0,test,-0.04062719004223552,0.06875551914534597,-0.5908935100373764,-1.3196026848977396,-1.2160330170175722,0.24851258581235697,0.5254004576659039,0.13537757437070938,0.18315098007057395,1d
equal_weight,-1,0.8,10.0,train,-0.011824336038033895,0.09874560192309022,-0.1197454449388388,-1.7157528714688535,-1.0616957944506145,0.19171269032435237,0.400024410337778,0.08604644066762274,0.15144252125662544,1d
equal_weight,-1,0.8,10.0,valid,-0.02037137253183893,0.07214700787017894,-0.2823592153467418,-0.8030634587780807,-0.6096900644871466,0.15525448553643353,0.3250640790919077,0.0825704870010985,0.17075588645993506,1d
equal_weight,-1,0.8,10.0,test,-0.015065024476329014,0.0595657517648488,-0.2529142003579858,-0.5615720342364925,-0.4509188832983415,0.14389016018306636,0.30407322654462243,0.08,0.18315098007057395,1d
equal_weight,288,0.8,10.0,train,-0.02619309312953631,0.09860789316444253,-0.2656287675252897,-2.4535318512316637,-2.3518527154362223,0.20071400238000794,0.43523632258261374,0.1295578677569951,0.15144252125662544,1d
equal_weight,288,0.8,10.0,valid,-0.03973517294195298,0.07941028925375385,-0.5003781413637735,-1.204431532430222,-1.1892247375832596,0.19818747711461004,0.43015378982057856,0.13548150860490663,0.17075588645993506,1d
equal_weight,288,0.8,10.0,test,-0.03837087769029582,0.06050883517173061,-0.6341367765780835,-1.192477535036216,-1.1484981884013066,0.1974370709382151,0.42434782608695654,0.128604118993135,0.18315098007057395,1d
equal_weight,576,0.8,10.0,train,-0.02506998449971117,0.1002384850240536,-0.2501033858771437,-2.2848596259436103,-2.251009868517718,0.21087480548012083,0.45018765447166875,0.12180758551246453,0.15144252125662544,1d
equal_weight,576,0.8,10.0,valid,-0.03848905056825251,0.08129906873647921,-0.47342547911600275,-1.1670019759592187,-1.1519298312536637,0.20221530574880997,0.4358293665324057,0.12120102526547052,0.17075588645993506,1d
equal_weight,576,0.8,10.0,test,-0.03636279096398981,0.062130972870689534,-0.5852602861968714,-1.1344439114332854,-1.0883931267988625,0.19551487414187643,0.4191304347826087,0.1245766590389016,0.18315098007057395,1d
equal_weight,1152,0.8,10.0,train,-0.018146889725307553,0.09840632201423098,-0.18440776317890684,-2.008024380096665,-1.6293918273081514,0.2147499466023861,0.45320843377170233,0.10594086595673267,0.15144252125662544,1d
equal_weight,1152,0.8,10.0,valid,-0.03087456140312963,0.0823896819571857,-0.37473820349462916,-0.938730676493839,-0.924037558267913,0.2099047967777371,0.45102526547052363,0.11186378615891615,0.17075588645993506,1d
equal_weight,1152,0.8,10.0,test,-0.02923652366159116,0.06355446491868239,-0.46002312660486,-1.0116702391879162,-0.8750932082270785,0.20137299771167047,0.42727688787185353,0.11670480549199085,0.18315098007057395,1d
ic_weight,-1,0.6,2.0,train,0.02813539785235391,0.12186679777014553,0.23087008411774657,-0.5791448454524644,2.526250394014217,0.398986970982211,0.7999877948311109,0.058310194367314556,0.10082923699920185,1d
ic_weight,-1,0.6,2.0,valid,0.006206764788413782,0.09594412220563112,0.06469145421030802,-0.43875118658560686,0.18576081794145782,0.3430977663859392,0.7025814719882827,0.07771878432808495,0.12494274778746528,1d
ic_weight,-1,0.6,2.0,test,0.0007003755444388372,0.07710384575959434,0.009083535815095016,-0.41683046237914834,0.02096329540546371,0.33794050343249427,0.6880549199084668,0.07212814645308925,0.14303031488315496,1d
ic_weight,288,0.6,2.0,train,0.017309963666800737,0.12372086903092375,0.13991142967541031,-0.48265965762025065,1.5542450390467795,0.4018551856711317,0.8308363591981204,0.1330058279681445,0.10082923699920185,1d
ic_weight,288,0.6,2.0,valid,0.009271969072138632,0.1008862855568789,0.0919051486627602,-0.3568895291207974,0.277498603134374,0.39509337239106557,0.822683998535335,0.1378615891614793,0.12494274778746528,1d
ic_weight,288,0.6,2.0,test,-0.005761473040642034,0.07878467683612245,-0.07312936058145283,-0.39793474003969753,-0.17244956977811998,0.3976201372997712,0.8179405034324942,0.15276887871853548,0.14303031488315496,1d
ic_weight,576,0.6,2.0,train,0.012456168721923667,0.12410014398247303,0.10037191192689415,-0.6496724886509384,1.1184274452701954,0.41482317761572024,0.8470387208983005,0.10349983217892778,0.10082923699920185,1d
ic_weight,576,0.6,2.0,valid,0.022939632799718702,0.10228525455753418,0.22427116106765366,-0.2848819484988754,0.6865549279565237,0.41312705968509705,0.8499633833760527,0.10481508604906628,0.12494274778746528,1d
ic_weight,576,0.6,2.0,test,-0.014780262561147603,0.07904095476248767,-0.18699499019921026,-0.6279723465716748,-0.4423955300836473,0.39093821510297483,0.8089702517162471,0.14508009153318077,0.14303031488315496,1d
ic_weight,1152,0.6,2.0,train,0.016623079191481645,0.12208155018966799,0.1361637296188961,-0.7173329414624183,1.4925703406642103,0.4106123943490068,0.8312330271870138,0.08076770512311963,0.10082923699920185,1d
ic_weight,1152,0.6,2.0,valid,0.019610991278227276,0.10263598482178392,0.19107325089031496,-0.3926481065085139,0.5869327910229001,0.4199011351153424,0.8569205419260344,0.07808495056755767,0.12494274778746528,1d
ic_weight,1152,0.6,2.0,test,0.006627590340436838,0.08146843642764354,0.0813516329888466,-0.3895794331316651,0.19837376566923548,0.40558352402745995,0.8332265446224256,0.12018306636155607,0.14303031488315496,1d
ic_weight,-1,0.65,2.0,train,0.024498005838788226,0.11640525208966246,0.21045447176144905,-0.7829420044721112,2.1996524530263404,0.34900680438165566,0.7000274616300003,0.05910353034510115,0.10082923699920185,1d
ic_weight,-1,0.65,2.0,valid,0.009938225805731912,0.08862474244912058,0.112138275735328,-0.3568898256264448,0.29743884575839785,0.2791102160380813,0.5710362504577078,0.07094470889783962,0.12494274778746528,1d
ic_weight,-1,0.65,2.0,test,-0.0010814214522831365,0.07248669121979051,-0.014918896615160769,-0.40190246695171417,-0.03236857360600798,0.2759725400457666,0.5632036613272311,0.06608695652173913,0.14303031488315496,1d
ic_weight,288,0.65,2.0,train,0.010485163618195634,0.11912485493258498,0.08801826977358661,-0.5163222607457207,0.941452787011372,0.3591065816373234,0.7450645348305007,0.12827632502364752,0.10082923699920185,1d
ic_weight,288,0.65,2.0,valid,0.003661138967509318,0.09669419728102055,0.03786306800674934,-0.36943044639182054,0.10957337556457492,0.3503295496155254,0.7350787257414866,0.13950933723910655,0.12494274778746528,1d
ic_weight,288,0.65,2.0,test,-0.000786861145608232,0.07471965732950056,-0.01053084521169995,-0.3559289752226672,-0.023551939769237196,0.35322654462242564,0.7263157894736842,0.1474599542334096,0.14303031488315496,1d
ic_weight,576,0.65,2.0,train,0.014266076281561731,0.11896700666284596,0.11991624133228784,-0.6049785665922873,1.2809373095222991,0.37585817593750953,0.7687425624752082,0.10295059957892168,0.10082923699920185,1d
ic_weight,576,0.65,2.0,valid,0.023102380987468696,0.09865372566482444,0.23417646755641974,-0.2640038004455447,0.6914257805674313,0.3750457707799341,0.7717868912486269,0.1038081288905163,0.12494274778746528,1d
ic_weight,576,0.65,2.0,test,-0.0007974797621687448,0.0751363966913325,-0.01061376107034874,-0.3874351566406533,-0.02386977096354359,0.3493821510297483,0.7145995423340961,0.13189931350114417,0.14303031488315496,1d
ic_weight,1152,0.65,2.0,train,0.015129969201355984,0.11664798101443212,0.12970622440078108,-0.8077406255012257,1.3585054264001384,0.3707014920818967,0.7511060934305679,0.08055411466756171,0.10082923699920185,1d
ic_weight,1152,0.65,2.0,valid,0.02000395799585773,0.09918290068481647,0.20168756769300716,-0.35528414230437466,0.5986938004020641,0.38447455144635667,0.784053460270963,0.07588795313072134,0.12494274778746528,1d
ic_weight,1152,0.65,2.0,test,-0.002377415896513307,0.07709185802818388,-0.030838741694929075,-0.4284609818470715,-0.0711596401901573,0.35926773455377575,0.7412356979405035,0.11926773455377575,0.14303031488315496,1d
ic_weight,-1,0.7,2.0,train,0.022316152436581173,0.1109387438691806,0.2011574284895137,-0.4830912618173382,2.0037459282303676,0.2993622799255485,0.6000061025844445,0.055075824611723063,0.10082923699920185,1d
ic_weight,-1,0.7,2.0,valid,0.010945134315493843,0.08183576333127787,0.13374512401365457,-0.26773214945922197,0.32757437606152107,0.22766385939216405,0.4621017942145734,0.0590443061149762,0.12494274778746528,1d
ic_weight,-1,0.7,2.0,test,0.0027481716939956667,0.06740686146661795,0.040769910276220914,-0.33328766998156234,0.08225691988192341,0.22151029748283751,0.4510755148741419,0.06279176201372998,0.14303031488315496,1d
ic_weight,288,0.7,2.0,train,0.012013427511036286,0.11458598505310992,0.10484203199429785,-0.5273116070154062,1.0786741364910002,0.3166631068257407,0.6588960424739877,0.12412656760137919,0.10082923699920185,1d
ic_weight,288,0.7,2.0,valid,0.002414446673615319,0.09172184064252509,0.026323574153132582,-0.4216280232753733,0.07226141222622795,0.30730501647748076,0.6476565360673746,0.13200292932991578,0.12494274778746528,1d
ic_weight,288,0.7,2.0,test,0.0011484197783270204,0.07060176979512249,0.016266161339292075,-0.3193401935754636,0.03437393446088022,0.3074599542334096,0.6337757437070938,0.14068649885583523,0.14303031488315496,1d
ic_weight,576,0.7,2.0,train,0.01853364639535433,0.11398649189895901,0.16259511181187242,-0.6237491385030816,1.6641183378492088,0.3369847130259665,0.688157934885424,0.09794648033442163,0.10082923699920185,1d
ic_weight,576,0.7,2.0,valid,0.018062395056666253,0.09452968944445743,0.19107642437859831,-0.2661994002801489,0.5405852153397985,0.3323874038813621,0.688026363969242,0.10545587696814354,0.12494274778746528,1d
ic_weight,576,0.7,2.0,test,0.0034940177247191908,0.07103588521656083,0.04918665705463214,-0.3167802792583907,0.10458121545905685,0.30663615560640733,0.6276430205949657,0.11835240274599543,0.14303031488315496,1d
ic_weight,1152,0.7,2.0,train,0.011359649985807607,0.11119067403567216,0.1021636938918385,-0.838549449226034,1.0199720794106404,0.33167546455924085,0.6718335214963537,0.07841821011198243,0.10082923699920185,1d
ic_weight,1152,0.7,2.0,valid,0.019226175933216738,0.09529333985967219,0.2017578139409215,-0.3312018222645374,0.5754157421766108,0.3454778469425119,0.7051446356645917,0.07927499084584401,0.12494274778746528,1d
ic_weight,1152,0.7,2.0,test,-0.0012358221139280956,0.07348945009705941,-0.016816320060851094,-0.3701177279724285,-0.03699001806757596,0.3156979405034325,0.6507093821510298,0.10938215102974828,0.14303031488315496,1d
ic_weight,-1,0.75,2.0,train,0.022064999817529064,0.10447614057829618,0.21119654397066076,-0.5139256375408658,1.98119517539696,0.24999237176944436,0.4999847435388887,0.05123119641168035,0.10082923699920185,1d
ic_weight,-1,0.75,2.0,valid,0.004117718939520612,0.07539884108129813,0.054612496431884386,-0.2954065136523867,0.12323825122006404,0.1677956792383742,0.3421823507872574,0.055199560600512634,0.12494274778746528,1d
ic_weight,-1,0.75,2.0,test,0.00276959222162849,0.0614080088489876,0.04510148225843591,-0.320544963638176,0.08289806855148174,0.16329519450800917,0.3334553775743707,0.05016018306636156,0.14303031488315496,1d
ic_weight,288,0.75,2.0,train,0.009500311711716556,0.10858410495496221,0.08749265572209701,-0.5747806027492691,0.853023878707134,0.27315167973636834,0.569371128672993,0.11777987977908644,0.10082923699920185,1d
ic_weight,288,0.75,2.0,valid,-0.007577891947922994,0.08695411063073091,-0.08714817382359438,-0.4104731533089825,-0.22679696339482802,0.2633650677407543,0.5592273892347126,0.12669351885756133,0.12494274778746528,1d
ic_weight,288,0.75,2.0,test,-0.0034281492687461093,0.06561779183794288,-0.052244203480858585,-0.4461315114140916,-0.1026096733179448,0.2620594965675057,0.5411441647597254,0.1291533180778032,0.14303031488315496,1d
ic_weight,576,0.75,2.0,train,0.015968884426875905,0.10817351513499755,0.1476228668999725,-0.5571565534290167,1.433830820060309,0.29411405730326795,0.6019284166844658,0.09593262746773258,0.10082923699920185,1d
ic_weight,576,0.75,2.0,valid,0.011006655539649217,0.08976633164441193,0.1226145185842001,-0.28260884177799683,0.3294156304524152,0.2890882460637129,0.6011534236543391,0.10417429512998902,0.12494274778746528,1d
ic_weight,576,0.75,2.0,test,0.005178997003941034,0.06758273744160868,0.0766319507021401,-0.2911763062031649,0.1550151842960381,0.26242562929061786,0.5396796338672769,0.11377574370709383,0.14303031488315496,1d
ic_weight,1152,0.75,2.0,train,0.012507476365700942,0.1059287965663857,0.11807437421289396,-0.7290988623333026,1.1230343094058357,0.2906050712476734,0.5905165837732279,0.07567204711195191,0.10082923699920185,1d
ic_weight,1152,0.75,2.0,valid,0.01596522804410311,0.090237349143919,0.17692483429051387,-0.2584685853100819,0.4778195922021462,0.2993409007689491,0.6179970706700842,0.08037348956426217,0.12494274778746528,1d
ic_weight,1152,0.75,2.0,test,0.0001413228706776138,0.06966768959464505,0.0020285281670726807,-0.31823425335161337,0.004230006471649395,0.27276887871853545,0.5624713958810069,0.10352402745995423,0.14303031488315496,1d
ic_weight,-1,0.8,2.0,train,0.021444750910905697,0.0974703940115671,0.2200129703831995,-0.47795239074340135,1.9255036208304643,0.19998169224666645,0.400024410337778,0.0436334787782626,0.10082923699920185,1d
ic_weight,-1,0.8,2.0,valid,0.0057266072133148865,0.06572511685916614,0.08712966194621902,-0.27111019550509907,0.1713902936938405,0.11689857195166606,0.23819113877700476,0.046320029293299154,0.12494274778746528,1d
ic_weight,-1,0.8,2.0,test,0.004969840487739354,0.05587434835394473,0.08894672840311493,-0.23066603907080663,0.1487548145987716,0.11423340961098398,0.23615560640732267,0.04466819221967963,0.14303031488315496,1d
ic_weight,288,0.8,2.0,train,0.008873829438380366,0.1013278628616356,0.08757541299867032,-0.6934683010209999,0.796772636120695,0.23000640771366673,0.4810972446831233,0.10948036493454978,0.10082923699920185,1d
ic_weight,288,0.8,2.0,valid,-0.0018954389016573724,0.08085524204874676,-0.023442374960854516,-0.3509999267394184,-0.05672814948412652,0.21988282680336874,0.4644818747711461,0.11552544855364336,0.12494274778746528,1d
ic_weight,288,0.8,2.0,test,-0.00577720746339487,0.06146801455924828,-0.09398721440443288,-0.43228337607527656,-0.17292052476051878,0.21299771167048054,0.4454004576659039,0.12274599542334096,0.14303031488315496,1d
ic_weight,576,0.8,2.0,train,0.011957014602352756,0.1009922314699552,0.11839538970786997,-0.602775297306866,1.0736088755148399,0.24724620876941383,0.5100845207945565,0.0913556891343484,0.10082923699920185,1d
ic_weight,576,0.8,2.0,valid,0.01146795101357062,0.08492170625650355,0.13504145782153748,-0.24913164748369243,0.34322163526643523,0.24386671548883193,0.5094287806664226,0.09685097034053461,0.12494274778746528,1d
ic_weight,576,0.8,2.0,test,0.00013619690950715535,0.06347786506188288,0.0021455811309088703,-0.3526342404291135,0.0040765787297671885,0.2194050343249428,0.4525400457665904,0.10608695652173913,0.14303031488315496,1d
ic_weight,1152,0.8,2.0,train,0.0067710499666915475,0.09859209617187321,0.06867741157351741,-0.7904248627162714,0.6079660837216254,0.24654441155829493,0.5031275745278125,0.07390229762304336,0.10082923699920185,1d
ic_weight,1152,0.8,2.0,valid,0.015941075210955762,0.08543122913670727,0.1865954098055503,-0.23645536154639402,0.4770967276835172,0.25430245331380447,0.529476382277554,0.07982424020505309,0.12494274778746528,1d
ic_weight,1152,0.8,2.0,test,0.0049914691738850775,0.06409112066681688,0.07788082220989165,-0.3576168841448464,0.14940219376628283,0.2262700228832952,0.4659038901601831,0.09748283752860412,0.14303031488315496,1d
ic_weight,-1,0.6,5.0,train,0.021750431569132946,0.12205309542573473,0.17820466980591546,-0.6493448454524531,1.9529503940143065,0.3982546608488695,0.7999877948311109,0.058310194367314556,0.10082923699920185,1d
ic_weight,-1,0.6,5.0,valid,-0.002293418294705976,0.09621499741446893,-0.02383639096123999,-0.5020566626791056,-0.06863918205854269,0.34199926766752103,0.7025814719882827,0.07771878432808495,0.12494274778746528,1d
ic_weight,-1,0.6,5.0,test,-0.007187633608879257,0.0773178780821028,-0.09296211674674784,-0.5620304623791483,-0.21513670459453582,0.33720823798627003,0.6880549199084668,0.07212814645308925,0.14303031488315496,1d
ic_weight,288,0.6,5.0,train,0.002745825504288885,0.12415662030750986,0.02211582030412919,-0.7718453937943566,0.24654503904677538,0.4004515912488939,0.8308363591981204,0.1330058279681445,0.10082923699920185,1d
ic_weight,288,0.6,5.0,valid,-0.005833898741848951,0.10134996690325061,-0.05756192054229314,-0.48828952912080636,-0.17460139686563814,0.39372024899304287,0.822683998535335,0.1378615891614793,0.12494274778746528,1d
ic_weight,288,0.6,5.0,test,-0.022489665260321697,0.07936750127410992,-0.28336113521641054,-0.78256325550142,-0.673149569778099,0.3956979405034325,0.8179405034324942,0.15276887871853548,0.14303031488315496,1d
ic_weight,576,0.6,5.0,train,0.0011229370983310506,0.12445918492051879,0.009022532961694812,-0.8949068167230193,0.10082744527014653,0.413938302871266,0.8470387208983005,0.10349983217892778,0.10082923699920185,1d
ic_weight,576,0.6,5.0,valid,0.011462380877345918,0.10263939502391765,0.11167623186667151,-0.3574819484988798,0.34305492795651404,0.41212010252654707,0.8499633833760527,0.10481508604906628,0.12494274778746528,1d
ic_weight,576,0.6,5.0,test,-0.030656509700735732,0.0795790787224575,-0.38523328232605386,-0.9777723465716645,-0.9175955300836297,0.38910755148741416,0.8089702517162471,0.14508009153318077,0.14303031488315496,1d
ic_weight,1152,0.6,5.0,train,0.0077790154805000246,0.12237034548771945,0.06356944935879659,-0.7761329414624183,0.698470340664223,0.4097885454489977,0.8312330271870138,0.08076770512311963,0.10082923699920185,1d
ic_weight,1152,0.6,5.0,valid,0.011070712991885256,0.10290898821264484,0.10757770709988336,-0.46104810650851524,0.3313327910228929,0.41916880263639694,0.8569205419260344,0.07808495056755767,0.12494274778746528,1d
ic_weight,1152,0.6,5.0,test,-0.006522432542858381,0.08191036874224585,-0.07962889977193316,-0.5654876734005465,-0.1952262343307607,0.4036613272311213,0.8332265446224256,0.12018306636155607,0.14303031488315496,1d
ic_weight,-1,0.65,5.0,train,0.018026169265999627,0.11658975095984138,0.1546119544608053,-0.9488099145892395,1.6185524530263953,0.34836603301498187,0.7000274616300003,0.05910353034510115,0.10082923699920185,1d
ic_weight,-1,0.65,5.0,valid,0.002179803982224023,0.08886470977793651,0.02452946718299224,-0.4390649163346939,0.06523884575839789,0.2781032588795313,0.5710362504577078,0.07094470889783962,0.12494274778746528,1d
ic_weight,-1,0.65,5.0,test,-0.008307920308118388,0.07269528598266219,-0.11428416844112596,-0.5159024669517155,-0.24866857360600925,0.2751487414187643,0.5632036613272311,0.06608695652173913,0.14303031488315496,1d
ic_weight,288,0.65,5.0,train,-0.0035610939718937994,0.11953711050962118,-0.029790698107991974,-0.758609483903841,-0.31974721298869624,0.3577029872150856,0.7450645348305007,0.12827632502364752,0.10082923699920185,1d
ic_weight,288,0.65,5.0,valid,-0.01161513346017288,0.09712145313869933,-0.11959390108779866,-0.47627654477259185,-0.3476266244354207,0.3489564262175027,0.7350787257414866,0.13950933723910655,0.12494274778746528,1d
ic_weight,288,0.65,5.0,test,-0.01693372613416661,0.07523298608478664,-0.22508379655544328,-0.6293575152992474,-0.50685193976923,0.351487414187643,0.7263157894736842,0.1474599542334096,0.14303031488315496,1d
ic_weight,576,0.65,5.0,train,0.0029929856276697834,0.11930533079643393,0.02508677196307849,-0.7231785665922952,0.26873730952225894,0.37485124950416504,0.7687425624752082,0.10295059957892168,0.10082923699920185,1d
ic_weight,576,0.65,5.0,valid,0.011735390873957134,0.09896930379000683,0.11857606777609851,-0.2772038004455457,0.3512257805674184,0.3744049798608568,0.7717868912486269,0.1038081288905163,0.12494274778746528,1d
ic_weight,576,0.65,5.0,test,-0.01524045459054406,0.07561029205341888,-0.20156587385982636,-0.7035809030928881,-0.4561697709635337,0.34810068649885584,0.7145995423340961,0.13189931350114417,0.14303031488315496,1d
ic_weight,1152,0.65,5.0,train,0.0063092936452579535,0.11692204317766801,0.0539615411584171,-0.8605406255012269,0.5665054264001448,0.3700607207152229,0.7511060934305679,0.08055411466756171,0.10082923699920185,1d
ic_weight,1152,0.65,5.0,valid,0.011694227128043723,0.09942963377277399,0.11761309666259535,-0.42068414230437656,0.34999380040205663,0.3838337605272794,0.784053460270963,0.07588795313072134,0.12494274778746528,1d
ic_weight,1152,0.65,5.0,test,-0.015447255713446968,0.0775100941545332,-0.1992934711529251,-0.720060981847068,-0.46235964019015263,0.3575286041189931,0.7412356979405035,0.11926773455377575,0.14303031488315496,1d
ic_weight,-1,0.7,5.0,train,0.016285349641597485,0.11112579673808927,0.14654877732827581,-0.6185868056161912,1.4622459282304132,0.29875202148109725,0.6000061025844445,0.055075824611723063,0.10082923699920185,1d
ic_weight,-1,0.7,5.0,valid,0.004489806596709499,0.08206309328366689,0.05471164218962132,-0.3067321494592248,0.13437437606151947,0.22674844379348225,0.4621017942145734,0.0590443061149762,0.12494274778746528,1d
ic_weight,-1,0.7,5.0,test,-0.004117503363212582,0.06762009481326461,-0.060891712361291706,-0.4059645316271414,-0.12324308011807528,0.22013729977116706,0.4510755148741419,0.06279176201372998,0.14303031488315496,1d
ic_weight,288,0.7,5.0,train,-0.0015784316413147638,0.11497402701136936,-0.013728593164425549,-0.7389887957113641,-0.14172586350906513,0.3153510511701706,0.6588960424739877,0.12412656760137919,0.10082923699920185,1d
ic_weight,288,0.7,5.0,valid,-0.01203987408801049,0.09213912401251977,-0.13067059424587676,-0.5364732571109756,-0.3603385877737715,0.3049249359209081,0.6476565360673746,0.13200292932991578,0.12494274778746528,1d
ic_weight,288,0.7,5.0,test,-0.01425675184638696,0.0710795350553836,-0.20057463565678102,-0.6257816052580755,-0.4267260655391152,0.3060869565217391,0.6337757437070938,0.14068649885583523,0.14303031488315496,1d
ic_weight,576,0.7,5.0,train,0.0078085067987351394,0.11430537609220323,0.06831268192002177,-0.6879491385030856,0.7011183378492383,0.3360693253592897,0.688157934885424,0.09794648033442163,0.10082923699920185,1d
ic_weight,576,0.7,5.0,valid,0.006514976528654511,0.09484929682394468,0.06868766292223906,-0.3489994002801551,0.19498521533978597,0.3311058220432076,0.688026363969242,0.10545587696814354,0.12494274778746528,1d
ic_weight,576,0.7,5.0,test,-0.009465570375967331,0.07145020702113988,-0.13247785794611855,-0.580226001514268,-0.28331878454093884,0.3053546910755149,0.6276430205949657,0.11835240274599543,0.14303031488315496,1d
ic_weight,1152,0.7,5.0,train,0.002772855978545513,0.1114573585015714,0.024878177769720063,-0.8889494492260341,0.2489720794106085,0.3310652061147896,0.6718335214963537,0.07841821011198243,0.10082923699920185,1d
ic_weight,1152,0.7,5.0,valid,0.010545564435596799,0.09553228681446967,0.11038743850104851,-0.38882376242973393,0.31561574217660304,0.3445624313438301,0.7051446356645917,0.07927499084584401,0.12494274778746528,1d
ic_weight,1152,0.7,5.0,test,-0.013213167651685554,0.07388983266197244,-0.17882254128429959,-0.6309510648361696,-0.39549001806757145,0.31450800915331806,0.6507093821510298,0.10938215102974828,0.14303031488315496,1d
ic_weight,-1,0.75,5.0,train,0.016455183810450063,0.10464904687985299,0.15724160229898865,-0.551125637540862,1.4774951753970007,0.24950416501388337,0.4999847435388887,0.05123119641168035,0.10082923699920185,1d
ic_weight,-1,0.75,5.0,valid,-0.001936656747041102,0.07563952236684258,-0.0256037675337048,-0.332606513652388,-0.057961748779936983,0.16715488831929695,0.3421823507872574,0.055199560600512634,0.12494274778746528,1d
ic_weight,-1,0.75,5.0,test,-0.0027329707074333076,0.061608079285327716,-0.044360589376208306,-0.42974496363817505,-0.08180193144851744,0.16265446224256294,0.3334553775743707,0.05016018306636156,0.14303031488315496,1d
ic_weight,288,0.75,5.0,train,-0.003396585124093434,0.10895769793446772,-0.03117342958306902,-0.7140627633778832,-0.3049761212929136,0.2717480853141305,0.569371128672993,0.11777987977908644,0.10082923699920185,1d
ic_weight,288,0.75,5.0,valid,-0.021450832262825993,0.08736726878537673,-0.24552481222139758,-0.6606010864332914,-0.6419969633948199,0.2615342365433907,0.5592273892347126,0.12669351885756133,0.12494274778746528,1d
ic_weight,288,0.75,5.0,test,-0.017570437598265584,0.06607116181024793,-0.26593202112484016,-0.6713193282785084,-0.5259096733179364,0.26050343249427915,0.5411441647597254,0.1291533180778032,0.14303031488315496,1d
ic_weight,576,0.75,5.0,train,0.005464261719159167,0.10848876558076122,0.05036707432246946,-0.662401948129846,0.4906308200602927,0.2927409758032527,0.6019284166844658,0.09593262746773258,0.10082923699920185,1d
ic_weight,576,0.75,5.0,valid,-0.00040042977708460293,0.09007933273187933,-0.0044453013242946645,-0.3606088417780009,-0.011984369547595075,0.2878066642255584,0.6011534236543391,0.10417429512998902,0.12494274778746528,1d
ic_weight,576,0.75,5.0,test,-0.007279446931985759,0.0679841050488632,-0.1070757190486467,-0.5645254419671506,-0.21788481570395657,0.26123569794050344,0.5396796338672769,0.11377574370709383,0.14303031488315496,1d
ic_weight,1152,0.75,5.0,train,0.004221387206942189,0.10620280366132964,0.03974835937856952,-0.7890988623333046,0.37903430940580063,0.2900253257254447,0.5905165837732279,0.07567204711195191,0.10082923699920185,1d
ic_weight,1152,0.75,5.0,valid,0.007164330936816386,0.09047166346352853,0.07918867259144088,-0.2740685853100817,0.21441959220214302,0.29860856829000365,0.6179970706700842,0.08037348956426217,0.12494274778746528,1d
ic_weight,1152,0.75,5.0,test,-0.011194558136187393,0.07004269584357435,-0.15982477546535456,-0.5039972938295367,-0.33506999352834876,0.2720366132723112,0.5624713958810069,0.10352402745995423,0.14303031488315496,1d
ic_weight,-1,0.8,5.0,train,0.01666688498468593,0.09763020439507378,0.1707144329765114,-0.5491736584929452,1.496503620830496,0.1995545113355506,0.400024410337778,0.0436334787782626,0.10082923699920185,1d
ic_weight,-1,0.8,5.0,valid,0.0006545640056986167,0.06594040288130161,0.009926600037262255,-0.2993101955050992,0.019590293693840355,0.11653240571219334,0.23819113877700476,0.046320029293299154,0.12494274778746528,1d
ic_weight,-1,0.8,5.0,test,7.867343968442449e-05,0.056074569713738955,0.0014030145944240483,-0.26006603907080605,0.0023548145987735136,0.1134096109839817,0.23615560640732267,0.04466819221967963,0.14303031488315496,1d
ic_weight,288,0.8,5.0,train,-0.0031142705219528596,0.10169557079469867,-0.0306234627291674,-0.9145552150325664,-0.2796273638793436,0.22866383913587404,0.4810972446831233,0.10948036493454978,0.10082923699920185,1d
ic_weight,288,0.8,5.0,valid,-0.014545475518281347,0.0812441853681762,-0.17903404966601943,-0.5076268077066602,-0.43532814948412435,0.21896741120468693,0.4644818747711461,0.11552544855364336,0.12494274778746528,1d
ic_weight,288,0.8,5.0,test,-0.01921789396225073,0.06191783986302568,-0.3103773323611491,-0.697640650762434,-0.5752205247605066,0.2117162471395881,0.4454004576659039,0.12274599542334096,0.14303031488315496,1d
ic_weight,576,0.8,5.0,train,0.0019535666421415837,0.10130167297724589,0.01928464342914049,-0.7149752973068657,0.17540887551481443,0.24590364019162114,0.5100845207945565,0.0913556891343484,0.10082923699920185,1d
ic_weight,576,0.8,5.0,valid,0.0008627697612820585,0.0852277274000773,0.010123111193990092,-0.3192427321300395,0.025821635266425336,0.2426766752105456,0.5094287806664226,0.09685097034053461,0.12494274778746528,1d
ic_weight,576,0.8,5.0,test,-0.011480324829623294,0.06388118620302576,-0.1797137077751935,-0.5992342404291111,-0.34362342127022927,0.21812356979405034,0.4525400457665904,0.10608695652173913,0.14303031488315496,1d
ic_weight,1152,0.8,5.0,train,-0.001321251623031719,0.09885819106564113,-0.013365120368775688,-0.8606248627162724,-0.11863391627840691,0.24556799804717297,0.5031275745278125,0.07390229762304336,0.10082923699920185,1d
ic_weight,1152,0.8,5.0,valid,0.0072003209085024274,0.08568465399600368,0.08403279435356359,-0.26481351170875045,0.21549672768350825,0.253570120834859,0.529476382277554,0.07982424020505309,0.12494274778746528,1d
ic_weight,1152,0.8,5.0,test,-0.005682901535497092,0.06444330927344447,-0.08818450820679499,-0.48451880107169143,-0.1700978062337144,0.22535469107551487,0.4659038901601831,0.09748283752860412,0.14303031488315496,1d
ic_weight,-1,0.6,10.0,train,0.011108821097098032,0.12239600760900995,0.09076130271000994,-0.8959755762587602,0.9974503940142649,0.3973697861044152,0.7999877948311109,0.058310194367314556,0.10082923699920185,1d
ic_weight,-1,0.6,10.0,valid,-0.016460390099905544,0.09671938430675835,-0.17018708522481113,-0.7028863965037021,-0.49263918205854307,0.34044306114976197,0.7025814719882827,0.07771878432808495,0.12494274778746528,1d
ic_weight,-1,0.6,10.0,test,-0.020334315531076053,0.07773643763851264,-0.2615802337847536,-0.8435031511523723,-0.608636704594537,0.3356521739130435,0.6880549199084668,0.07212814645308925,0.14303031488315496,1d
ic_weight,288,0.6,10.0,train,-0.0215277380998975,0.12495487311266283,-0.17228410196125354,-2.061239878556365,-1.9329549609531425,0.3984682513044274,0.8308363591981204,0.1330058279681445,0.10082923699920185,1d
ic_weight,288,0.6,10.0,valid,-0.031010345098494877,0.10221183745042257,-0.303392893347958,-0.9204784833352532,-0.9281013968656389,0.39143170999633836,0.822683998535335,0.1378615891614793,0.12494274778746528,1d
ic_weight,288,0.6,10.0,test,-0.05036998562645442,0.08046230760268577,-0.6260072216071156,-1.5905632555013927,-1.5076495697780699,0.39331807780320366,0.8179405034324942,0.15276887871853548,0.14303031488315496,1d
ic_weight,576,0.6,10.0,train,-0.01776578227432328,0.12511475534190733,-0.1419958998902555,-1.784441539940233,-1.5951725547297537,0.4125041955268056,0.8470387208983005,0.10349983217892778,0.10082923699920185,1d
ic_weight,576,0.6,10.0,valid,-0.0076663723266086874,0.10329922022526185,-0.07421520036541258,-0.48107053035486547,-0.22944507204348863,0.4101977297693153,0.8499633833760527,0.10481508604906628,0.12494274778746528,1d
ic_weight,576,0.6,10.0,test,-0.057116921600049234,0.08059411430066028,-0.7086984216610628,-1.7654672771110567,-1.709595530083615,0.38681922196796337,0.8089702517162471,0.14508009153318077,0.14303031488315496,1d
ic_weight,1152,0.6,10.0,train,-0.006961090704469318,0.12289681071586891,-0.05664175224663071,-0.9614114641986637,-0.6250296593358167,0.4088121319378757,0.8312330271870138,0.08076770512311963,0.10082923699920185,1d
ic_weight,1152,0.6,10.0,valid,-0.0031630841520180857,0.10341575564660593,-0.03058609524478098,-0.5780616197764872,-0.09466720897711123,0.41871109483705604,0.8569205419260344,0.07808495056755767,0.12494274778746528,1d
ic_weight,1152,0.6,10.0,test,-0.02843913734835037,0.08274401399416406,-0.3437002385496573,-1.038203961037476,-0.8512262343307616,0.4020137299771167,0.8332265446224256,0.12018306636155607,0.14303031488315496,1d
ic_weight,-1,0.65,10.0,train,0.007239774978018662,0.11693136369517282,0.061914739974229305,-1.2528821396052523,0.6500524530263188,0.3477862874927532,0.7000274616300003,0.05910353034510115,0.10082923699920185,1d
ic_weight,-1,0.65,10.0,valid,-0.010750899056955768,0.08931704908648808,-0.12036782637708268,-0.630064916334694,-0.32176115424160245,0.2772793848407177,0.5710362504577078,0.07094470889783962,0.12494274778746528,1d
ic_weight,-1,0.65,10.0,test,-0.02035208506784379,0.07310320470934632,-0.27840209124569,-0.8371707670782783,-0.6091685736060096,0.27359267734553777,0.5632036613272311,0.06608695652173913,0.14303031488315496,1d
ic_weight,288,0.65,10.0,train,-0.026971523288709484,0.12029246260244959,-0.22421623687135528,-2.5421483796530113,-2.4217472129885276,0.3557806731150642,0.7450645348305007,0.12827632502364752,0.10082923699920185,1d
ic_weight,288,0.65,10.0,valid,-0.03707558750630984,0.09792208477517385,-0.37862334724014785,-1.1295340890835646,-1.1096266244354103,0.34694251190040276,0.7350787257414866,0.13950933723910655,0.12494274778746528,1d
ic_weight,288,0.65,10.0,test,-0.043845167781763866,0.07620856873956361,-0.5753312062794546,-1.3928585580782342,-1.3123519397691936,0.3489244851258581,0.7263157894736842,0.1474599542334096,0.14303031488315496,1d
ic_weight,576,0.65,10.0,train,-0.015795498795483434,0.11992561702922282,-0.13171079863307664,-1.7900651132981238,-1.4182626904776956,0.37317303878192415,0.7687425624752082,0.10295059957892168,0.10082923699920185,1d
ic_weight,576,0.65,10.0,valid,-0.007209592648562099,0.09956262774118459,-0.07241263928171529,-0.36782068276580326,-0.21577421943258202,0.3726656902233614,0.7717868912486269,0.1038081288905163,0.12494274778746528,1d
ic_weight,576,0.65,10.0,test,-0.039312079304502874,0.07650817321276653,-0.5138284924824615,-1.2536418595118908,-1.1766697709635094,0.3461784897025172,0.7145995423340961,0.13189931350114417,0.14303031488315496,1d
ic_weight,1152,0.65,10.0,train,-0.008391832281572068,0.11742435738455635,-0.07146585656065733,-1.1348669499176176,-0.7534945735998946,0.3692063588929912,0.7511060934305679,0.08055411466756171,0.10082923699920185,1d
ic_weight,1152,0.65,10.0,valid,-0.002155324318312931,0.09989157142358178,-0.021576638425012454,-0.5296841423043793,-0.06450619959794657,0.3825521786891249,0.784053460270963,0.07588795313072134,0.12494274778746528,1d
ic_weight,1152,0.65,10.0,test,-0.03723032207500304,0.07830349473050618,-0.47546181946459815,-1.2060609818470678,-1.1143596401901372,0.3559725400457666,0.7412356979405035,0.11926773455377575,0.14303031488315496,1d
ic_weight,-1,0.7,10.0,train,0.006234011649958018,0.11147094157974673,0.05592499320101448,-1.0271953760488794,0.5597459282303399,0.29805022426997835,0.6000061025844445,0.055075824611723063,0.10082923699920185,1d
ic_weight,-1,0.7,10.0,valid,-0.006269072934597721,0.08248969780523947,-0.07599825313215695,-0.3747270090488092,-0.18762562393848092,0.2260161113145368,0.4621017942145734,0.0590443061149762,0.12494274778746528,1d
ic_weight,-1,0.7,10.0,test,-0.015560295125226312,0.06803708806117334,-0.2287031319041135,-0.6479645316271414,-0.4657430801180755,0.21922196796338672,0.4510755148741419,0.06279176201372998,0.14303031488315496,1d
ic_weight,288,0.7,10.0,train,-0.024231530228566472,0.11568818985682307,-0.20945552228413006,-2.3490211920046615,-2.175725863508879,0.3132456595368138,0.6588960424739877,0.12412656760137919,0.10082923699920185,1d
ic_weight,288,0.7,10.0,valid,-0.03613040869072014,0.092921645388016,-0.38882661343166264,-1.1015337794909406,-1.0813385877737651,0.303368729403149,0.6476565360673746,0.13200292932991578,0.12494274778746528,1d
ic_weight,288,0.7,10.0,test,-0.0399320378875769,0.07199386952813527,-0.5546588640019053,-1.3425987169820488,-1.1952260655390923,0.3046224256292906,0.6337757437070938,0.14068649885583523,0.14303031488315496,1d
ic_weight,576,0.7,10.0,train,-0.010066725862296818,0.11489208247405117,-0.08761896943220981,-1.3135773187564541,-0.9038816621508324,0.33481829554816467,0.688157934885424,0.09794648033442163,0.10082923699920185,1d
ic_weight,576,0.7,10.0,valid,-0.012730721018031693,0.09545247579228801,-0.13337235008691373,-0.558316645354811,-0.38101478466021454,0.32954961552544854,0.688026363969242,0.10545587696814354,0.12494274778746528,1d
ic_weight,576,0.7,10.0,test,-0.0310648838771115,0.07224246348291156,-0.4300086456002386,-1.0823015109729417,-0.9298187845409376,0.3039816933638444,0.6276430205949657,0.11835240274599543,0.14303031488315496,1d
ic_weight,1152,0.7,10.0,train,-0.011538467366891287,0.11194811457454074,-0.103069778448197,-1.269622094347233,-1.0360279205893868,0.3300277667592225,0.6718335214963537,0.07841821011198243,0.10082923699920185,1d
ic_weight,1152,0.7,10.0,valid,-0.003922121393769743,0.09598516001348578,-0.040861747724530446,-0.4898237624297359,-0.11738425782339923,0.3420908092273892,0.7051446356645917,0.07927499084584401,0.12494274778746528,1d
ic_weight,1152,0.7,10.0,test,-0.03317541021461462,0.07464930711710265,-0.4444168538975483,-1.0739510648361712,-0.9929900180675728,0.3132265446224256,0.6507093821510298,0.10938215102974828,0.14303031488315496,1d
ic_weight,-1,0.75,10.0,train,0.007105490465318394,0.10497040007470254,0.067690419968503,-0.9146766115992588,0.6379951753969317,0.24904647118054496,0.4999847435388887,0.05123119641168035,0.10082923699920185,1d
ic_weight,-1,0.75,10.0,valid,-0.012027282891310609,0.07608909942497376,-0.15806840903893057,-0.39460651365238797,-0.35996174877993725,0.16669718051995605,0.3421823507872574,0.055199560600512634,0.12494274778746528,1d
ic_weight,-1,0.75,10.0,test,-0.011903908922536283,0.06199632199904158,-0.19200992153567287,-0.6117449636381752,-0.35630193144851774,0.16201372997711672,0.3334553775743707,0.05016018306636156,0.14303031488315496,1d
ic_weight,288,0.75,10.0,train,-0.02489141318377672,0.10964761941222037,-0.22701280079959985,-2.359109186385921,-2.234976121292717,0.2697952582918866,0.569371128672993,0.11777987977908644,0.10082923699920185,1d
ic_weight,288,0.75,10.0,valid,-0.04457239945433094,0.08814385402020028,-0.5056779051675696,-1.3448899040078897,-1.3339969633948114,0.2597034053460271,0.5592273892347126,0.12669351885756133,0.12494274778746528,1d
ic_weight,288,0.75,10.0,test,-0.04114091814746467,0.06694391450244469,-0.6145579990838789,-1.3142672552935226,-1.2314096733179194,0.25894736842105265,0.5411441647597254,0.1291533180778032,0.14303031488315496,1d
ic_weight,576,0.75,10.0,train,-0.012043442793702041,0.10907079368043121,-0.11041858583140392,-1.3286130834380578,-1.0813691799396952,0.29118481676990204,0.6019284166844658,0.09593262746773258,0.10082923699920185,1d
ic_weight,576,0.75,10.0,valid,-0.019412238638307613,0.09067391572686015,-0.21408845623016548,-0.6292136501491893,-0.5809843695475956,0.28560966678872207,0.6011534236543391,0.10417429512998902,0.12494274778746528,1d
ic_weight,576,0.75,10.0,test,-0.02804352015853038,0.06875595782563905,-0.40787040200424596,-1.0215254419671518,-0.8393848157039578,0.2594050343249428,0.5396796338672769,0.11377574370709383,0.14303031488315496,1d
ic_weight,1152,0.75,10.0,train,-0.009588761390989043,0.10670615742241187,-0.08986136904012515,-1.303806770764065,-0.8609656905942028,0.2890183992921002,0.5905165837732279,0.07567204711195191,0.10082923699920185,1d
ic_weight,1152,0.75,10.0,valid,-0.007503830908661468,0.09092021471834472,-0.08253204121775397,-0.36339921384078,-0.22458040779785737,0.29714390333211277,0.6179970706700842,0.08037348956426217,0.12494274778746528,1d
ic_weight,1152,0.75,10.0,test,-0.030087693147629047,0.07075967008857643,-0.4252096301461764,-0.9686366375529605,-0.9005699935283492,0.2702974828375286,0.5624713958810069,0.10352402745995423,0.14303031488315496,1d
ic_weight,-1,0.8,10.0,train,0.008703775107653,0.09792708862502104,0.08888015798142625,-0.6906197990269378,0.7815036208304478,0.19894425289109938,0.400024410337778,0.0436334787782626,0.10082923699920185,1d
ic_weight,-1,0.8,10.0,valid,-0.007798841340328486,0.06634628631116553,-0.1175475188430555,-0.3463101955050991,-0.23340970630615998,0.11598315635298426,0.23819113877700476,0.046320029293299154,0.12494274778746528,1d
ic_weight,-1,0.8,10.0,test,-0.008073271640407113,0.05646189685552259,-0.14298619228229947,-0.3972543796410044,-0.2416451854012267,0.1123112128146453,0.23615560640732267,0.04466819221967963,0.14303031488315496,1d
ic_weight,288,0.8,10.0,train,-0.023094437122508207,0.1023756787559156,-0.22558519174822794,-2.1472163994738818,-2.073627363879156,0.22695511549141062,0.4810972446831233,0.10948036493454978,0.10082923699920185,1d
ic_weight,288,0.8,10.0,valid,-0.03562886987932126,0.08197936540054084,-0.4346077784969803,-1.109309806971577,-1.066328149484118,0.21695349688758697,0.4644818747711461,0.11552544855364336,0.12494274778746528,1d
ic_weight,288,0.8,10.0,test,-0.041619038127010455,0.06278613265047474,-0.6628699104418524,-1.2900692519826007,-1.245720524760487,0.2094279176201373,0.4454004576659039,0.12274599542334096,0.14303031488315496,1d
ic_weight,576,0.8,10.0,train,-0.014718846624877005,0.10187512621210766,-0.14447929707818805,-1.468026815377879,-1.3215911244851517,0.24456107161382845,0.5100845207945565,0.0913556891343484,0.10082923699920185,1d
ic_weight,576,0.8,10.0,valid,-0.01681253232586551,0.08580994331765217,-0.19592755426522887,-0.5562427321300396,-0.5031783647335752,0.240845844013182,0.5094287806664226,0.09685097034053461,0.12494274778746528,1d
ic_weight,576,0.8,10.0,test,-0.030841194394840687,0.06465557943526663,-0.4770074704182179,-1.0824621229623592,-0.9231234212702304,0.21647597254004577,0.4525400457665904,0.10608695652173913,0.14303031488315496,1d
ic_weight,1152,0.8,10.0,train,-0.014808420939237142,0.09935044552967447,-0.14905238582764174,-1.6573704540232697,-1.3296339162783455,0.244591584536051,0.5031275745278125,0.07390229762304336,0.10082923699920185,1d
ic_weight,1152,0.8,10.0,valid,-0.007367602928919772,0.08616762723621432,-0.0855031427141739,-0.36081351170875053,-0.22050327231649214,0.25247162211644086,0.529476382277554,0.07982424020505309,0.12494274778746528,1d
ic_weight,1152,0.8,10.0,test,-0.02347351938446734,0.06512495954776752,-0.3604381414970416,-0.838706506755423,-0.7025978062337148,0.22352402745995423,0.4659038901601831,0.09748283752860412,0.14303031488315496,1d
linear,-1,0.6,2.0,train,0.025789432721374208,0.12064982750358962,0.213754410221655,-0.8930160067984056,2.315608434459185,0.40280108626003114,0.7999877948311109,0.07374973301193055,0.08180603578243405,1d
linear,-1,0.6,2.0,valid,0.004455871859792496,0.09664877395855213,0.04610375980251336,-0.40274925409235873,0.13335875122293595,0.3634199926766752,0.7326071036250458,0.10847674844379349,0.10680831821340263,1d
linear,-1,0.6,2.0,test,-0.00044533172027670594,0.07822839681756925,-0.005692711833469265,-0.5238061390957818,-0.013329449435670604,0.3748283752860412,0.7538672768878718,0.09153318077803203,0.12366302557893559,1d
linear,288,0.6,2.0,train,0.0009493833220573011,0.12302236365389044,0.007717160472776187,-0.955593663063632,0.08524421812001437,0.4044487840600494,0.825160955664724,0.18194855521313277,0.08180603578243405,1d
linear,288,0.6,2.0,valid,0.002482970212665912,0.10006096491967548,0.024814573941587818,-0.42521682105903724,0.07431223726893643,0.39335408275357014,0.8174661296228488,0.19782131087513732,0.10680831821340263,1d
linear,288,0.6,2.0,test,-0.0006793541061234598,0.07909632123701307,-0.008588946938350864,-0.34955028117233344,-0.020334092080546262,0.4017391304347826,0.8172997711670481,0.21610983981693363,0.12366302557893559,1d
linear,576,0.6,2.0,train,0.0008895290803087074,0.12244812150425882,0.007264538397004065,-1.029395617044339,0.07986996314787187,0.4104903426601166,0.8350471424648338,0.1558600067128429,0.08180603578243405,1d
linear,576,0.6,2.0,valid,0.005802960934314591,0.10121223329348815,0.05733458047000674,-0.3374722727166257,0.17367546642864307,0.40305748809959724,0.8278103258879531,0.1756682533870377,0.10680831821340263,1d
linear,576,0.6,2.0,test,-0.02022061919036278,0.07801732915047832,-0.2591811256619877,-0.6598310241545738,-0.6052336017937133,0.3911212814645309,0.8013729977116705,0.2091533180778032,0.12366302557893559,1d
linear,1152,0.6,2.0,train,-0.0032886727344734407,0.12256123314592861,-0.026832895280661493,-1.3252976931129143,-0.2952867713065317,0.4148536905379428,0.8384645897537607,0.12559118786806212,0.08180603578243405,1d
linear,1152,0.6,2.0,valid,0.014570921364271086,0.10271085202689798,0.14186350396991396,-0.3927103087223054,0.4360897122830134,0.4178872207982424,0.8504210911753937,0.1309959721713658,0.10680831821340263,1d
linear,1152,0.6,2.0,test,-0.006414228891468789,0.07910967286541265,-0.08108021003172594,-0.36919243734948104,-0.19198753599808027,0.40018306636155604,0.8182151029748284,0.1862700228832952,0.12366302557893559,1d
linear,-1,0.65,2.0,train,0.020948391050559897,0.11435207687587845,0.1831920470784101,-1.1333236323215425,1.880935944931534,0.35275989381503065,0.7000274616300003,0.06288713270069875,0.08180603578243405,1d
linear,-1,0.65,2.0,valid,0.002283972981691417,0.08734517977125163,0.026148815397402762,-0.27875421241069964,0.06835649548491873,0.2798425485170267,0.5675576711827169,0.10536433540827536,0.10680831821340263,1d
linear,-1,0.65,2.0,test,0.0012441927340498123,0.07272069766991805,0.017109196885008577,-0.4245146966514428,0.037240563341083055,0.29894736842105263,0.6046681922196796,0.09519450800915331,0.12366302557893559,1d
linear,288,0.65,2.0,train,-0.0008821847948225804,0.11799819475723243,-0.0074762567057705676,-0.9566461474027924,-0.0792105267964417,0.361639154181796,0.7410978549415678,0.17792084947975467,0.08180603578243405,1d
linear,288,0.65,2.0,valid,0.006822642010966958,0.09528921146251754,0.07159931230673135,-0.4082033112035306,0.20419326391180004,0.34703405346027094,0.7212559502013914,0.18857561332845113,0.10680831821340263,1d
linear,288,0.65,2.0,test,-0.005429428110897235,0.07460568601062864,-0.07277499077112884,-0.3505552166993883,-0.16251096468918902,0.3563386727688787,0.7258581235697941,0.20677345537757438,0.12366302557893559,1d
linear,576,0.65,2.0,train,0.0033786825918696965,0.11731773467051047,0.02879941895706394,-0.8546240156898612,0.30336867009143065,0.3698166173374424,0.7529978946083666,0.15232050773502578,0.08180603578243405,1d
linear,576,0.65,2.0,valid,0.00715365568332253,0.09697801535095996,0.07376574636461374,-0.3253713945208131,0.2141000950263532,0.3582936653240571,0.7402050530941047,0.1650494324423288,0.10680831821340263,1d
linear,576,0.65,2.0,test,-0.0076231795786447214,0.07373395928829284,-0.10338763376097583,-0.39813610088116946,-0.22817325177176673,0.3469107551487414,0.7078260869565217,0.1989016018306636,0.12366302557893559,1d
linear,1152,0.65,2.0,train,-0.004660775480616301,0.1170539462104633,-0.039817328945375444,-1.5146353539514654,-0.4184865611677321,0.3750953528819455,0.7597107374973301,0.12327220577914746,0.08180603578243405,1d
linear,1152,0.65,2.0,valid,0.00916560449389247,0.09898337830960163,0.09259741029674862,-0.3439229220290021,0.2743152424418702,0.37632735261808864,0.7690406444525815,0.1305382643720249,0.10680831821340263,1d
linear,1152,0.65,2.0,test,-0.013739634223818669,0.07457160723269689,-0.1842475270909053,-0.5042822343707521,-0.4112479558772939,0.35304347826086957,0.7244851258581235,0.1822425629290618,0.12366302557893559,1d
linear,-1,0.7,2.0,train,0.02010431610743802,0.10696572703268485,0.1879510069734287,-0.5677797255939052,1.8051472651755378,0.30338998565892655,0.6000061025844445,0.0592255820339914,0.08180603578243405,1d
linear,-1,0.7,2.0,valid,0.01167905381751554,0.07705436671506014,0.15156900660417588,-0.2268868810047543,0.3495396819247696,0.2034968875869645,0.410563896008788,0.08513365067740754,0.10680831821340263,1d
linear,-1,0.7,2.0,test,0.0059141506563579055,0.06702252961616295,0.08824123306339167,-0.3281397619640507,0.17701944087865562,0.2280091533180778,0.45903890160183064,0.08366132723112128,0.12366302557893559,1d
linear,288,0.7,2.0,train,-0.010332669245437022,0.111862960095767,-0.09236899539035191,-1.1228161033485933,-0.9277604635086885,0.3148628444146096,0.6497726787294419,0.17560186739084002,0.08180603578243405,1d
linear,288,0.7,2.0,valid,0.0006775850964526086,0.08893986518442107,0.007618463273444405,-0.4095624026459065,0.020279286557943088,0.30144635664591724,0.6267850604174295,0.17777370926400585,0.10680831821340263,1d
linear,288,0.7,2.0,test,-0.0064529488541819405,0.07001694708924007,-0.09216267093104384,-0.3701410494459184,-0.1931464828272309,0.31130434782608696,0.6335011441647598,0.19414187643020595,0.12366302557893559,1d
linear,576,0.7,2.0,train,0.00043103260873426815,0.1120631594072264,0.0038463363964952872,-0.8164347901172337,0.03870200461934781,0.32874622402587494,0.6695145394074391,0.14756049186830622,0.08180603578243405,1d
linear,576,0.7,2.0,valid,0.011467585635844218,0.09226442337762157,0.12429043845978929,-0.3601996367544662,0.3432106999615514,0.3158183815452215,0.6543390699377517,0.1548883192969608,0.10680831821340263,1d
linear,576,0.7,2.0,test,-0.004468376995265666,0.06979237420062186,-0.06402385713976547,-0.40694660254097237,-0.13374525663911951,0.30334096109839814,0.6185812356979405,0.1831578947368421,0.12366302557893559,1d
linear,1152,0.7,2.0,train,-0.0014867090254588565,0.11151907717786722,-0.013331432281201823,-1.3629585112523914,-0.13349017778454209,0.33332316235925913,0.6765019985964056,0.12077014615689745,0.08180603578243405,1d
linear,1152,0.7,2.0,valid,0.005406132641118491,0.09497098241839456,0.05692404672936602,-0.3697314144436812,0.16179888485363758,0.3347674844379348,0.6871109483705602,0.1296228487733431,0.10680831821340263,1d
linear,1152,0.7,2.0,test,-0.013428584731517304,0.07088307205526144,-0.1894469912512848,-0.5178798022234384,-0.4019377758680027,0.30407322654462243,0.6269107551487414,0.1730892448512586,0.12366302557893559,1d
linear,-1,0.75,2.0,train,0.01767322530918363,0.09980294644252072,0.17708119789190924,-0.5617937790135921,1.5868619535832407,0.25142647911390476,0.4999847435388887,0.0603240472340036,0.08180603578243405,1d
linear,-1,0.75,2.0,valid,0.019058497211444807,0.06725495046869248,0.28337686785326877,-0.18289197613620267,0.5703973247611676,0.1434456243134383,0.2882643720248993,0.06755767118271695,0.10680831821340263,1d
linear,-1,0.75,2.0,test,0.003898143438995657,0.061258803366059975,0.06363401217130854,-0.2842532008700528,0.11667730704390977,0.1648512585812357,0.3350114416475973,0.07176201372997712,0.12366302557893559,1d
linear,288,0.75,2.0,train,-0.014229771938200509,0.10530937453910447,-0.1351235063400417,-1.480539478678212,-1.2776775773441469,0.27101577518078906,0.5607054587617856,0.16824825313520275,0.08180603578243405,1d
linear,288,0.75,2.0,valid,0.010972904669715289,0.08450130088563616,0.12985486086854436,-0.38243536124867306,0.3284055085259534,0.2610765287440498,0.5414683266202857,0.16019772976931526,0.10680831821340263,1d
linear,288,0.75,2.0,test,-0.006777544554132226,0.06504581359899109,-0.1041964759779306,-0.3417699587068588,-0.20286212124355274,0.2645308924485126,0.5412356979405034,0.1811441647597254,0.12366302557893559,1d
linear,576,0.75,2.0,train,-0.0007808833510883021,0.10616635780018559,-0.0073552805923510454,-0.8206763319125177,-0.07011476730194244,0.28563146492539593,0.5816983492509078,0.1396271320904403,0.08180603578243405,1d
linear,576,0.75,2.0,valid,0.019677346347517916,0.08687057525366353,0.2265133653145468,-0.22072244763832383,0.5889187164391536,0.2721530574880996,0.5613328451116807,0.144818747711461,0.10680831821340263,1d
linear,576,0.75,2.0,test,-0.005055378890065019,0.06538597395567826,-0.07731595301297793,-0.46058923898379334,-0.15131510787386027,0.25821510297482836,0.5266819221967963,0.17418764302059497,0.12366302557893559,1d
linear,1152,0.75,2.0,train,0.004867927823724514,0.10505860147904525,0.04633535717392412,-1.0064039552100392,0.43708657141627927,0.2910627650810118,0.5910658163732341,0.11887834497909865,0.08180603578243405,1d
linear,1152,0.75,2.0,valid,0.005590716211434061,0.0900116450035915,0.062111032535967864,-0.32888198037012617,0.16732324354439654,0.28982057854265836,0.5993225924569755,0.12211644086415233,0.10680831821340263,1d
linear,1152,0.75,2.0,test,-0.014228830453472365,0.06523944850426346,-0.2181016360452909,-0.52224526866745,-0.42589033617582994,0.2573913043478261,0.5281464530892449,0.16045766590389016,0.12366302557893559,1d
linear,-1,0.8,2.0,train,0.004783676825890363,0.09139614632036883,0.052340027654144736,-1.0623586815179376,0.42952175510933976,0.20040887315778233,0.400024410337778,0.05931712080065908,0.08180603578243405,1d
linear,-1,0.8,2.0,valid,0.01271147634683016,0.057912098618820324,0.21949604055100108,-0.13969758747432137,0.38043881537746227,0.09254851702673013,0.18656169901135114,0.05693885023800806,0.10680831821340263,1d
linear,-1,0.8,2.0,test,0.0016056755325241068,0.05370794543950265,0.029896424437474735,-0.3023452589717529,0.04806028819952135,0.11203661327231121,0.228558352402746,0.059130434782608696,0.12366302557893559,1d
linear,288,0.8,2.0,train,-0.00800049629732078,0.09822788968763763,-0.0814483169979745,-1.1250346215171754,-0.7183568908275856,0.224910749702499,0.46562719311628475,0.15421230891282459,0.08180603578243405,1d
linear,288,0.8,2.0,valid,0.006794106314149974,0.07860374317851875,0.08643489532959932,-0.31475906344803195,0.2033392256870532,0.2172281215671915,0.4502929329915782,0.1526913218601245,0.10680831821340263,1d
linear,288,0.8,2.0,test,-0.012430134007552641,0.05927442746351173,-0.20970483460518297,-0.5225824696153314,-0.3720526411849687,0.21556064073226544,0.4433867276887872,0.17583524027459954,0.12366302557893559,1d
linear,576,0.8,2.0,train,-0.0001046244313058356,0.09972598293227719,-0.0010491190783938915,-0.7675565917071443,-0.009394127362127302,0.24135721478045952,0.49174625453879717,0.13224300491258048,0.08180603578243405,1d
linear,576,0.8,2.0,valid,0.011530729210521711,0.08156590839791517,0.141367017630327,-0.32296060516070757,0.34510050930340275,0.2237275723178323,0.46512266569022337,0.13566459172464299,0.10680831821340263,1d
linear,576,0.8,2.0,test,-0.005185248435497521,0.05854084422070038,-0.08857488313542268,-0.4156063532004962,-0.1552022990624965,0.21308924485125857,0.4320366132723112,0.15716247139588102,0.12366302557893559,1d
linear,1152,0.8,2.0,train,0.0012417074018164086,0.09826727370366059,0.01263602168877667,-1.0172811155839234,0.11149171693077764,0.24703261831385592,0.50059500198334,0.11350807066792787,0.08180603578243405,1d
linear,1152,0.8,2.0,valid,0.004945697298958484,0.08329905037431512,0.05937279328797086,-0.3038224892617851,0.14801862272279775,0.24231050897107287,0.5018308311973636,0.1171731966312706,0.10680831821340263,1d
linear,1152,0.8,2.0,test,-0.000424016545810634,0.05956203698585043,-0.007118906056073325,-0.31891086771859767,-0.012691454145158154,0.21208237986270023,0.43249427917620137,0.14196796338672768,0.12366302557893559,1d
linear,-1,0.6,5.0,train,0.0177138369565678,0.12080439163017191,0.14663239239510908,-1.061618916602808,1.5905084344592462,0.40167210813779636,0.7999877948311109,0.07374973301193055,0.08180603578243405,1d
linear,-1,0.6,5.0,valid,-0.0074123082939973476,0.09688393249464312,-0.07650709568799952,-0.4922988893162017,-0.22184124877706035,0.36122299523983886,0.7326071036250458,0.10847674844379349,0.10680831821340263,1d
linear,-1,0.6,5.0,test,-0.010458192132176039,0.0783413031459566,-0.13349525361725892,-0.715359309465644,-0.313029449435662,0.3718993135011442,0.7538672768878718,0.09153318077803203,0.12366302557893559,1d
linear,288,0.6,5.0,train,-0.01897398347378078,0.12349677352123851,-0.15363950759829126,-1.8348036237660588,-1.7036557818798452,0.4017026210600189,0.825160955664724,0.18194855521313277,0.08180603578243405,1d
linear,288,0.6,5.0,valid,-0.019188487128967226,0.10052127907120312,-0.19088980269914071,-0.5866352412315992,-0.5742877627310607,0.391248626876602,0.8174661296228488,0.19782131087513732,0.10680831821340263,1d
linear,288,0.6,5.0,test,-0.024333358682782538,0.07965861914508755,-0.30547050581510293,-0.859440538308213,-0.7283340920804953,0.39725400457665905,0.8172997711670481,0.21610983981693363,0.12366302557893559,1d
linear,576,0.6,5.0,train,-0.016177141654747623,0.12285275039473986,-0.13167911668862622,-1.541189328995655,-1.4525300368520129,0.40804930888231167,0.8350471424648338,0.1558600067128429,0.08180603578243405,1d
linear,576,0.6,5.0,valid,-0.013432712811566072,0.101611988990316,-0.13219614087906753,-0.5094480607659739,-0.4020245335713637,0.40021969974368365,0.8278103258879531,0.1756682533870377,0.10680831821340263,1d
linear,576,0.6,5.0,test,-0.04311288463658707,0.07857634506003276,-0.5486751083121592,-1.3382987300606666,-1.2904336017936755,0.38727688787185355,0.8013729977116705,0.2091533180778032,0.12366302557893559,1d
linear,1152,0.6,5.0,train,-0.01704090780602627,0.12291760457311411,-0.13863683615710198,-1.7819343224946034,-1.5300867713064479,0.4132059927379245,0.8384645897537607,0.12559118786806212,0.08180603578243405,1d
linear,1152,0.6,5.0,valid,0.00022686241150650236,0.10298689513587764,0.0022028279540536426,-0.4854811617910495,0.006789712283005622,0.4166056389600879,0.8504210911753937,0.1309959721713658,0.10680831821340263,1d
linear,1152,0.6,5.0,test,-0.026800773513894448,0.07955786796533823,-0.33687143961136573,-0.8489116329269871,-0.8021875359980397,0.3962471395881007,0.8182151029748284,0.1862700228832952,0.12366302557893559,1d
linear,-1,0.65,5.0,train,0.014062250019833364,0.11450161192427026,0.12281268170385179,-1.2821855408456002,1.2626359449315645,0.3522716870594697,0.7000274616300003,0.06288713270069875,0.08180603578243405,1d
linear,-1,0.65,5.0,valid,-0.009243397944709193,0.08758912582358301,-0.10553134145129744,-0.4416493645457875,-0.27664350451507735,0.278469425119004,0.5675576711827169,0.10536433540827536,0.10680831821340263,1d
linear,-1,0.65,5.0,test,-0.009169583009657294,0.07284460761768558,-0.12587867941828348,-0.5895146966514452,-0.2744594366589179,0.297116704805492,0.6046681922196796,0.09519450800915331,0.12366302557893559,1d
linear,288,0.65,5.0,train,-0.020364517812855754,0.11843260811075335,-0.17195026047059342,-1.932197445849332,-1.8285105267963022,0.3584658102706496,0.7410978549415678,0.17792084947975467,0.08180603578243405,1d
linear,288,0.65,5.0,valid,-0.013836411449304042,0.09570021458015751,-0.14458077769214203,-0.52640331120353,-0.4141067360882116,0.3444708897839619,0.7212559502013914,0.18857561332845113,0.10680831821340263,1d
linear,288,0.65,5.0,test,-0.02807112147474166,0.07509766670953598,-0.37379485548220315,-0.932176283294955,-0.840210964689134,0.3516704805491991,0.7258581235697941,0.20677345537757438,0.12366302557893559,1d
linear,576,0.65,5.0,train,-0.013300413005115664,0.11769230994905067,-0.11301004297454481,-1.3259181336633872,-1.1942313299084863,0.367619686937418,0.7529978946083666,0.15232050773502578,0.08180603578243405,1d
linear,576,0.65,5.0,valid,-0.010919257169112514,0.09731739577240808,-0.1122025212701838,-0.48426108380392563,-0.32679990497365785,0.3560051263273526,0.7402050530941047,0.1650494324423288,0.10680831821340263,1d
linear,576,0.65,5.0,test,-0.029392882095807225,0.07422810733051727,-0.39598048708057226,-0.9558240028453105,-0.8797732517717227,0.3433409610983982,0.7078260869565217,0.1989016018306636,0.12366302557893559,1d
linear,1152,0.65,5.0,train,-0.01815908201343298,0.11738371126900572,-0.15469848258433577,-1.9472353539514478,-1.630486561167657,0.37353919384859485,0.7597107374973301,0.12327220577914746,0.08180603578243405,1d
linear,1152,0.65,5.0,valid,-0.0051283354548442815,0.09923145576462064,-0.05168054237769941,-0.3949229220290049,-0.15348475755813407,0.3749542292200659,0.7690406444525815,0.1305382643720249,0.10680831821340263,1d
linear,1152,0.65,5.0,test,-0.03369519486455096,0.0750316611468338,-0.44907968648875957,-1.077882234370723,-1.0085479558772623,0.34883295194508007,0.7244851258581235,0.1822425629290618,0.12366302557893559,1d
linear,-1,0.7,5.0,train,0.013619114874715949,0.10711420976853127,0.1271457344842128,-0.7642679037747864,1.222847265175596,0.3025661367589174,0.6000061025844445,0.0592255820339914,0.08180603578243405,1d
linear,-1,0.7,5.0,valid,0.0023669428691449577,0.07723781894459497,0.030644869333283965,-0.27308688100475376,0.07083968192476586,0.2021237641889418,0.410563896008788,0.08513365067740754,0.10680831821340263,1d
linear,-1,0.7,5.0,test,-0.0032467646754498884,0.06714252888188292,-0.04835630604801309,-0.43313976196405,-0.0971805591213426,0.22581235697940502,0.45903890160183064,0.08366132723112128,0.12366302557893559,1d
linear,288,0.7,5.0,train,-0.02956107372473404,0.11228082210615827,-0.2632780306576746,-2.716518726659719,-2.6542604635087432,0.3122082201812468,0.6497726787294419,0.17560186739084002,0.08180603578243405,1d
linear,288,0.7,5.0,valid,-0.018798659868761638,0.08931130769987197,-0.2104846558952421,-0.5554977999116668,-0.5626207134420524,0.29879165140974,0.6267850604174295,0.17777370926400585,0.10680831821340263,1d
linear,288,0.7,5.0,test,-0.02771148432328952,0.07048916521804248,-0.3931311179181969,-0.9238723664986107,-0.8294464828271972,0.30755148741418764,0.6335011441647598,0.19414187643020595,0.12366302557893559,1d
linear,576,0.7,5.0,train,-0.015726841250845294,0.11241719539535572,-0.13989711445420935,-1.505708288826074,-1.4120979953805255,0.3262746773258475,0.6695145394074391,0.14756049186830622,0.08180603578243405,1d
linear,576,0.7,5.0,valid,-0.005492685327173022,0.09257826894135622,-0.059330179641319154,-0.499811865938094,-0.16438930003846042,0.31389600878798973,0.6543390699377517,0.1548883192969608,0.10680831821340263,1d
linear,576,0.7,5.0,test,-0.02452416646894991,0.0702536408855005,-0.34908036309348633,-0.8511583132662132,-0.7340452566390839,0.2997711670480549,0.6185812356979405,0.1831578947368421,0.12366302557893559,1d
linear,1152,0.7,5.0,train,-0.014711040029639159,0.1118367349610904,-0.13154032111861402,-1.6539344310944883,-1.3208901777844526,0.3317975162481311,0.6765019985964056,0.12077014615689745,0.08180603578243405,1d
linear,1152,0.7,5.0,valid,-0.008787569299562606,0.09520907262526321,-0.09229760418053765,-0.481774700078453,-0.2630011151463614,0.3329366532405712,0.6871109483705602,0.1296228487733431,0.10680831821340263,1d
linear,1152,0.7,5.0,test,-0.032381857042730146,0.07131186137996627,-0.4540879513744851,-1.0402677119555794,-0.9692377758679749,0.30013729977116704,0.6269107551487414,0.1730892448512586,0.12366302557893559,1d
linear,-1,0.75,5.0,train,0.011067742137060226,0.09995143287757376,0.11073120032822972,-0.6223937790135867,0.9937619535832871,0.2506941689805633,0.4999847435388887,0.0603240472340036,0.08180603578243405,1d
linear,-1,0.75,5.0,valid,0.01165090841613172,0.06741459277874938,0.1728247243793239,-0.2326919761362063,0.34869732476115867,0.14216404247528378,0.2882643720248993,0.06755767118271695,0.10680831821340263,1d
linear,-1,0.75,5.0,test,-0.00395979706443685,0.061402328702348186,-0.06448936299520863,-0.3550882072577879,-0.1185226929560893,0.1631121281464531,0.3350114416475973,0.07176201372997712,0.12366302557893559,1d
linear,288,0.75,5.0,train,-0.03265295565650525,0.10569945053698238,-0.3089226622335237,-3.0903394786782625,-2.9318775773442054,0.2683916638696488,0.5607054587617856,0.16824825313520275,0.08180603578243405,1d
linear,288,0.75,5.0,valid,-0.006568746740024766,0.08483464702261903,-0.0774300002482874,-0.48503536124867286,-0.19659449147405628,0.2582387403881362,0.5414683266202857,0.16019772976931526,0.10680831821340263,1d
linear,288,0.75,5.0,test,-0.026612830595322188,0.06549757144141148,-0.4063178223199886,-0.9016058924627474,-0.7965621212435181,0.26096109839816933,0.5412356979405034,0.1811441647597254,0.12366302557893559,1d
linear,576,0.75,5.0,train,-0.016070054314991544,0.10650701853485536,-0.15088258535499682,-1.576324044798295,-1.4429147673018228,0.2834955603698166,0.5816983492509078,0.1396271320904403,0.08180603578243405,1d
linear,576,0.75,5.0,valid,0.003819693473112906,0.08714373157501101,0.04383210822025695,-0.33593679243279473,0.11431871643913816,0.2697729769315269,0.5613328451116807,0.144818747711461,0.10680831821340263,1d
linear,576,0.75,5.0,test,-0.024128925800820194,0.0658020225519627,-0.36668972875060196,-0.841047617596209,-0.7222151078738317,0.254279176201373,0.5266819221967963,0.17418764302059497,0.12366302557893559,1d
linear,1152,0.75,5.0,train,-0.008149250951486815,0.10536342094351686,-0.07734421375569667,-1.1096039552100343,-0.7317134285837037,0.2892319897476581,0.5910658163732341,0.11887834497909865,0.08180603578243405,1d
linear,1152,0.75,5.0,valid,-0.007781034063190642,0.0902506891253872,-0.08621578559228824,-0.4008819803701258,-0.23287675645560157,0.28853899670450384,0.5993225924569755,0.12211644086415233,0.10680831821340263,1d
linear,1152,0.75,5.0,test,-0.031798944869948366,0.06564590062726819,-0.48440107555992046,-1.0160452686674222,-0.9517903361758007,0.25382151029748284,0.5281464530892449,0.16045766590389016,0.12366302557893559,1d
linear,-1,0.8,5.0,train,-0.0017115479017818212,0.09156020578457527,-0.01869314171058971,-1.3166287150989002,-0.1536782448906695,0.19958502425777316,0.400024410337778,0.05931712080065908,0.08180603578243405,1d
linear,-1,0.8,5.0,valid,0.0064766722457682635,0.05807842308059021,0.1115159796398254,-0.17910717686710576,0.19383881537745884,0.09145001830831197,0.18656169901135114,0.05693885023800806,0.10680831821340263,1d
linear,-1,0.8,5.0,test,-0.004869107076171556,0.05381430959930766,-0.09047978339638867,-0.36687723630686664,-0.1457397118004774,0.11148741418764302,0.228558352402746,0.059130434782608696,0.12366302557893559,1d
linear,288,0.8,5.0,train,-0.024886744123275104,0.09859708142407167,-0.2524085273501738,-2.3968803337266205,-2.234556890827527,0.2225612546913618,0.46562719311628475,0.15421230891282459,0.08180603578243405,1d
linear,288,0.8,5.0,valid,-0.009925593429533693,0.0789140548506189,-0.12577725790827043,-0.4170590634480311,-0.2970607743129481,0.21466495789088247,0.4502929329915782,0.1526913218601245,0.10680831821340263,1d
linear,288,0.8,5.0,test,-0.03168409281762132,0.05970460808395973,-0.530680860898802,-1.0571824696152967,-0.9483526411849331,0.2119908466819222,0.4433867276887872,0.17583524027459954,0.12366302557893559,1d
linear,576,0.8,5.0,train,-0.014585233469233428,0.10004585261469635,-0.1457854882341311,-1.4558734091430954,-1.3095941273620246,0.23983156866933147,0.49174625453879717,0.13224300491258048,0.08180603578243405,1d
linear,576,0.8,5.0,valid,-0.0033245435833267186,0.08185968242575341,-0.04061271049203097,-0.4431577733721048,-0.09949949069660569,0.2214390333211278,0.46512266569022337,0.13566459172464299,0.10680831821340263,1d
linear,576,0.8,5.0,test,-0.022394539053346516,0.05892068623143916,-0.3800793997099976,-0.763668657082223,-0.6703022990624743,0.20979405034324944,0.4320366132723112,0.15716247139588102,0.12366302557893559,1d
linear,1152,0.8,5.0,train,-0.011187426336321717,0.09855647587712488,-0.11351284871700995,-1.262130140051811,-1.0045082830691499,0.2456290238916181,0.50059500198334,0.11350807066792787,0.08180603578243405,1d
linear,1152,0.8,5.0,valid,-0.007884767732165673,0.0835350177677481,-0.09438877183324057,-0.44282298663563946,-0.23598137727719948,0.2407543024533138,0.5018308311973636,0.1171731966312706,0.10680831821340263,1d
linear,1152,0.8,5.0,test,-0.01596950853665734,0.05989045959095656,-0.2666452828334737,-0.59219943179694,-0.47799145414515376,0.2097025171624714,0.43249427917620137,0.14196796338672768,0.12366302557893559,1d
linear,-1,0.6,10.0,train,0.004254510681890467,0.12110366519523019,0.03513114714597454,-1.3896935893369915,0.3820084344591663,0.3998413328044427,0.7999877948311109,0.07374973301193055,0.08180603578243405,1d
linear,-1,0.6,10.0,valid,-0.02719260855031372,0.09734861220860086,-0.2793322671312948,-0.8901200818826078,-0.8138412487770609,0.35939216404247526,0.7326071036250458,0.10847674844379349,0.10680831821340263,1d
linear,-1,0.6,10.0,test,-0.027146292818674898,0.07860631927219135,-0.3453449171773964,-1.0623593094656576,-0.8125294494356748,0.3688787185354691,0.7538672768878718,0.09153318077803203,0.12366302557893559,1d
linear,288,0.6,10.0,train,-0.05217959480017751,0.12438798688842351,-0.4194906285201223,-4.761331085371193,-4.685155781879881,0.3964543984377384,0.825160955664724,0.18194855521313277,0.08180603578243405,1d
linear,288,0.6,10.0,valid,-0.05530758269835573,0.101422827475698,-0.5453169081842845,-1.6598930690385199,-1.6552877627310079,0.38548150860490665,0.8174661296228488,0.19782131087513732,0.10680831821340263,1d
linear,288,0.6,10.0,test,-0.06375669964388092,0.08077691659347502,-0.7892935548004198,-1.983563259314914,-1.9083340920804353,0.3906636155606407,0.8172997711670481,0.21610983981693363,0.12366302557893559,1d
linear,576,0.6,10.0,train,-0.04462159287984146,0.12361518113667139,-0.3609717873608658,-4.011316545741693,-4.006530036851906,0.4043267323711592,0.8350471424648338,0.1558600067128429,0.08180603578243405,1d
linear,576,0.6,10.0,valid,-0.04549216905470045,0.10239610834612338,-0.4442763478952347,-1.3605245335713412,-1.361524533571341,0.3959172464298792,0.8278103258879531,0.1756682533870377,0.10680831821340263,1d
linear,576,0.6,10.0,test,-0.08126666038029416,0.07968204546926048,-1.0198867248161316,-2.478298730060625,-2.432433601793633,0.37986270022883295,0.8013729977116705,0.2091533180778032,0.12366302557893559,1d
linear,1152,0.6,10.0,train,-0.03996129959194762,0.1235830690588426,-0.32335577920403097,-3.643267943235662,-3.5880867713063727,0.4101241875934458,0.8384645897537607,0.12559118786806212,0.08180603578243405,1d
linear,1152,0.6,10.0,valid,-0.023679902509767762,0.10353454709530614,-0.22871498619653804,-0.83241259500848,-0.7087102877169951,0.4134932259245698,0.8504210911753937,0.1309959721713658,0.10680831821340263,1d
linear,1152,0.6,10.0,test,-0.060778347884603824,0.08045870201456855,-0.7553980658748233,-1.8203748841075444,-1.819187535998001,0.38983981693363845,0.8182151029748284,0.1862700228832952,0.12366302557893559,1d
linear,-1,0.65,10.0,train,0.0025853483019558383,0.11478827769908782,0.022522755404808928,-1.5591103555479648,0.23213594493150236,0.3508070667927867,0.7000274616300003,0.06288713270069875,0.08180603578243405,1d
linear,-1,0.65,10.0,valid,-0.028455682822043506,0.08807276789424609,-0.32309286403047804,-0.8696027418074066,-0.8516435045150779,0.2757231783229586,0.5675576711827169,0.10536433540827536,0.10680831821340263,1d
linear,-1,0.65,10.0,test,-0.026525875915835787,0.07313661315896579,-0.3626894214827883,-0.9414806158334654,-0.793959436658921,0.29363844393592675,0.6046681922196796,0.09519450800915331,0.12366302557893559,1d
linear,288,0.65,10.0,train,-0.052835072842911,0.11925217953264439,-0.4430533098009148,-4.806309369824223,-4.744010526796331,0.3541634882372685,0.7410978549415678,0.17792084947975467,0.08180603578243405,1d
linear,288,0.65,10.0,valid,-0.04826816721642232,0.09650911542193777,-0.5001410178240049,-1.4409641675810385,-1.4446067360881782,0.33925302087147563,0.7212559502013914,0.18857561332845113,0.10680831821340263,1d
linear,288,0.65,10.0,test,-0.06580727708114896,0.07608481905056239,-0.8649199393826059,-2.0169435818857524,-1.9697109646890785,0.34443935926773456,0.7258581235697941,0.20677345537757438,0.12366302557893559,1d
linear,576,0.65,10.0,train,-0.04109890566675788,0.11840053266744845,-0.34711757405849153,-3.7094316605742033,-3.6902313299083507,0.3638055716595978,0.7529978946083666,0.15232050773502578,0.08180603578243405,1d
linear,576,0.65,10.0,valid,-0.041040778589837526,0.09799037846355925,-0.41882457475250806,-1.2272999049736457,-1.2282999049736456,0.35023800805565725,0.7402050530941047,0.1650494324423288,0.10680831821340263,1d
linear,576,0.65,10.0,test,-0.06567571962441135,0.0752132959784986,-0.8731929477360787,-2.0066956265420637,-1.9657732517716733,0.337116704805492,0.7078260869565217,0.1989016018306636,0.12366302557893559,1d
linear,1152,0.65,10.0,train,-0.040656259568127406,0.1180024950656367,-0.3445372874998373,-3.707220353476712,-3.6504865611675803,0.3705184145485613,0.7597107374973301,0.12327220577914746,0.08180603578243405,1d
linear,1152,0.65,10.0,valid,-0.028951568702738833,0.09973028731383632,-0.29029865933938975,-0.9093230743023399,-0.8664847575581347,0.3721164408641523,0.7690406444525815,0.1305382643720249,0.10680831821340263,1d
linear,1152,0.65,10.0,test,-0.06695446259910474,0.07594618928682562,-0.8816039781303331,-2.033882234370694,-2.0040479558772297,0.3433409610983982,0.7244851258581235,0.1822425629290618,0.12366302557893559,1d
linear,-1,0.7,10.0,train,0.0028104461535125125,0.10739918734507288,0.02616822550512014,-1.3906402189933664,0.2523472651755303,0.30149818448112775,0.6000061025844445,0.0592255820339914,0.08180603578243405,1d
linear,-1,0.7,10.0,valid,-0.013153242044805977,0.07761600421017253,-0.16946559126116523,-0.4833859619958163,-0.3936603180752346,0.20010984987184183,0.410563896008788,0.08513365067740754,0.10680831821340263,1d
linear,-1,0.7,10.0,test,-0.018514956895129525,0.06742511197434159,-0.274600313636488,-0.710129688196912,-0.554180559121343,0.2231578947368421,0.45903890160183064,0.08366132723112128,0.12366302557893559,1d
linear,288,0.7,10.0,train,-0.06160841452356236,0.11307339904444812,-0.5448532992215495,-5.581623842517485,-5.531760463508724,0.3081500015256461,0.6497726787294419,0.17560186739084002,0.08180603578243405,1d
linear,288,0.7,10.0,valid,-0.05125906814411865,0.09005139520711782,-0.5692201439658211,-1.5264977999116223,-1.534120713442008,0.29494690589527645,0.6267850604174295,0.17777370926400585,0.10680831821340263,1d
linear,288,0.7,10.0,test,-0.06314237677180211,0.07143830852106565,-0.8838727858902587,-1.9501982725122637,-1.8899464828271428,0.30151029748283753,0.6335011441647598,0.19414187643020595,0.12366302557893559,1d
linear,576,0.7,10.0,train,-0.0426566310168112,0.11309023584234987,-0.37719110495335273,-3.834073419589273,-3.830097995380402,0.3222469715924694,0.6695145394074391,0.14756049186830622,0.08180603578243405,1d
linear,576,0.7,10.0,valid,-0.033759803598868376,0.09320574412081113,-0.36220732871473776,-1.0093893000384613,-1.0103893000384612,0.3093189307945807,0.6543390699377517,0.1548883192969608,0.10680831821340263,1d
linear,576,0.7,10.0,test,-0.05795048225842358,0.07117691162795899,-0.8141752842737849,-1.797000734624441,-1.7345452566390405,0.29464530892448515,0.6185812356979405,0.1831578947368421,0.12366302557893559,1d
linear,1152,0.7,10.0,train,-0.03675159170327295,0.11243547308666305,-0.3268682978275508,-3.3453794021778154,-3.2998901777843463,0.3290513532481006,0.6765019985964056,0.12077014615689745,0.08180603578243405,1d
linear,1152,0.7,10.0,valid,-0.03244373920069773,0.09569222324442095,-0.33904258988558156,-1.0315965115271442,-0.9710011151463596,0.329274990845844,0.6871109483705602,0.1296228487733431,0.10680831821340263,1d
linear,1152,0.7,10.0,test,-0.06397064422808484,0.07217115071668755,-0.8863741757313207,-1.924434355320924,-1.9147377758679394,0.29556064073226546,0.6269107551487414,0.1730892448512586,0.12366302557893559,1d
linear,-1,0.75,10.0,train,5.8603516854562466e-05,0.10023971217963865,0.000584633730287849,-1.132475151461497,0.005261953583217682,0.24929057455832546,0.4999847435388887,0.0603240472340036,0.08180603578243405,1d
linear,-1,0.75,10.0,valid,-0.0006950729093900682,0.06774782938120245,-0.010259707443600039,-0.31569197613620625,-0.020802675238841495,0.1406078359575247,0.2882643720248993,0.06755767118271695,0.10680831821340263,1d
linear,-1,0.75,10.0,test,-0.017056364570157675,0.06171963933160177,-0.2763523046289814,-0.643309329279914,-0.5105226929560897,0.1605491990846682,0.3350114416475973,0.07176201372997712,0.12366302557893559,1d
linear,288,0.75,10.0,train,-0.06335826185367976,0.10644618447044235,-0.5952140245221555,-5.783105293818638,-5.688877577344198,0.2643639581362707,0.5607054587617856,0.16824825313520275,0.08180603578243405,1d
linear,288,0.75,10.0,valid,-0.0358048324229248,0.08550540889546285,-0.4187434793358985,-1.0738621336866854,-1.071594491474052,0.25521786891248627,0.5414683266202857,0.16019772976931526,0.10680831821340263,1d
linear,288,0.75,10.0,test,-0.05967164066397208,0.06641316735116742,-0.8984911131922269,-1.8496058924627032,-1.7860621212434702,0.2555606407322654,0.5412356979405034,0.1811441647597254,0.12366302557893559,1d
linear,576,0.75,10.0,train,-0.04155200592149691,0.10715649757721646,-0.38776935473795915,-3.7990970512581166,-3.7309147673017278,0.279711958014219,0.5816983492509078,0.1396271320904403,0.08180603578243405,1d
linear,576,0.75,10.0,valid,-0.02260972798422873,0.08770208550707936,-0.2578014861733665,-0.6774454591925739,-0.6766812835608627,0.26675210545587696,0.5613328451116807,0.144818747711461,0.10680831821340263,1d
linear,576,0.75,10.0,test,-0.05591817065207877,0.06665182184101429,-0.8389593728654758,-1.7123134555423734,-1.673715107873782,0.2500686498855835,0.5266819221967963,0.17418764302059497,0.12366302557893559,1d
linear,1152,0.75,10.0,train,-0.02984454891017233,0.10594300978398269,-0.2817038044418903,-2.72520265297701,-2.679713428583541,0.2862722362920697,0.5910658163732341,0.11887834497909865,0.08180603578243405,1d
linear,1152,0.75,10.0,valid,-0.03006728452089845,0.09073443699516946,-0.3313767684754486,-0.9497524512472395,-0.8998767564556022,0.28560966678872207,0.5993225924569755,0.12211644086415233,0.10680831821340263,1d
linear,1152,0.75,10.0,test,-0.06108246889740831,0.06646953737282058,-0.9189543257207167,-1.8390452686674028,-1.8282903361757783,0.24961098398169337,0.5281464530892449,0.16045766590389016,0.12366302557893559,1d
linear,-1,0.8,10.0,train,-0.012536922447902107,0.09187733305515274,-0.13645283369703776,-1.8924374128078307,-1.1256782448906204,0.19808989106886765,0.400024410337778,0.05931712080065908,0.08180603578243405,1d
linear,-1,0.8,10.0,valid,-0.003914667922668207,0.058421717843403324,-0.06700706633038916,-0.2451071768671057,-0.11716118462254133,0.09025997803002563,0.18656169901135114,0.05693885023800806,0.10680831821340263,1d
linear,-1,0.8,10.0,test,-0.01566041142399764,0.05406629343928125,-0.2896520258335251,-0.5615504191302058,-0.4687397118004777,0.10910755148741419,0.228558352402746,0.059130434782608696,0.12366302557893559,1d
linear,288,0.8,10.0,train,-0.05303049049986561,0.09930761063958199,-0.5340022799695548,-4.867574639836345,-4.761556890827505,0.21905226863576724,0.46562719311628475,0.15421230891282459,0.08180603578243405,1d
linear,288,0.8,10.0,valid,-0.037791759669006414,0.07954922284388867,-0.4750739016416393,-1.1316235959146743,-1.131060774312944,0.2121933357744416,0.4502929329915782,0.1526913218601245,0.10680831821340263,1d
linear,288,0.8,10.0,test,-0.06377402416773573,0.060593828678041396,-1.0524838182216865,-1.979551075417546,-1.9088526411848865,0.20613272311212816,0.4433867276887872,0.17583524027459954,0.12366302557893559,1d
linear,576,0.8,10.0,train,-0.038719581865779375,0.10066147161256755,-0.3846514584528014,-3.55061885398246,-3.4765941273619094,0.23678027644707533,0.49174625453879717,0.13224300491258048,0.08180603578243405,1d
linear,576,0.8,10.0,valid,-0.028083331573074074,0.08245184338438,-0.3406028345800973,-0.8527952775545591,-0.8404994906966063,0.21905895276455511,0.46512266569022337,0.13566459172464299,0.10680831821340263,1d
linear,576,0.8,10.0,test,-0.0510766900830948,0.059712789463603866,-0.8553727022621689,-1.590174533513886,-1.5288022990624297,0.2051258581235698,0.4320366132723112,0.15716247139588102,0.12366302557893559,1d
linear,1152,0.8,10.0,train,-0.03190264923321856,0.09911142163690335,-0.321886707972917,-2.907087190291861,-2.8645082830690325,0.2431879901138132,0.50059500198334,0.11350807066792787,0.08180603578243405,1d
linear,1152,0.8,10.0,valid,-0.02926887611737256,0.08401707651530589,-0.34836818098568895,-0.9098229866356398,-0.8759813772772,0.2370926400585866,0.5018308311973636,0.1171731966312706,0.10680831821340263,1d
linear,1152,0.8,10.0,test,-0.041878661854735134,0.06058260608071198,-0.6912654400991224,-1.3251994317969258,-1.2534914541451347,0.20530892448512586,0.43249427917620137,0.14196796338672768,0.12366302557893559,1d
ridge,-1,0.6,2.0,train,0.025468931213495867,0.1206653397660358,0.21107081174162257,-0.9001261504515812,2.2868309113970016,0.402740060415586,0.7999877948311109,0.07381075885637567,0.08180199769680702,1d
ridge,-1,0.6,2.0,valid,0.004972883436125149,0.09661526622142326,0.05147099035806903,-0.40187529784119136,0.14883227029103963,0.3632369095569388,0.7320578542658367,0.10829366532405713,0.10680863862170668,1d
ridge,-1,0.6,2.0,test,-0.00029830445806600857,0.07822099373012815,-0.0038136112038565356,-0.525298089042439,-0.008928701929775018,0.37473684210526315,0.7536842105263157,0.09135011441647597,0.1236725394353545,1d
ridge,288,0.6,2.0,train,0.0009699116811184472,0.12303659124074863,0.007883115675893506,-0.9654848576479503,0.08708743979538691,0.40457083574893965,0.8253135202758368,0.1817654776797974,0.08180199769680702,1d
ridge,288,0.6,2.0,valid,0.002459077424524979,0.10006879171342305,0.02457386945939433,-0.4269295820085568,0.07359715557674007,0.39326254119370196,0.8174661296228488,0.1974551446356646,0.10680863862170668,1d
ridge,288,0.6,2.0,test,-0.0005228973798673709,0.07909630079265959,-0.006610895511258822,-0.3458578477936787,-0.015651106506991308,0.4020137299771167,0.8174828375286041,0.21556064073226544,0.1236725394353545,1d
ridge,576,0.6,2.0,train,0.0013626515909371242,0.12254853119596938,0.011119281297285281,-1.0177374031609183,0.12235117969808296,0.4105513685045617,0.8351997070759467,0.1553717999572819,0.08180199769680702,1d
ridge,576,0.6,2.0,valid,0.0059089551796295955,0.10121056172344592,0.05838279206250821,-0.3374722727166257,0.1768477435130844,0.40305748809959724,0.827718784328085,0.17548517026730134,0.10680863862170668,1d
ridge,576,0.6,2.0,test,-0.0198392336670941,0.0780339153161356,-0.25423860364714784,-0.648415580752629,-0.5938181583917684,0.391395881006865,0.8016475972540046,0.20878718535469107,0.1236725394353545,1d
ridge,1152,0.6,2.0,train,-0.0027703607908153975,0.12256058635599956,-0.022604010581088275,-1.2828760985184935,-0.2487480388969331,0.41494522930461053,0.8385256155982058,0.12534708449028165,0.08180199769680702,1d
ridge,1152,0.6,2.0,valid,0.014142968799422829,0.10271302894733443,0.13769400965358117,-0.39303348686398065,0.4232816196298559,0.41779567923837424,0.8505126327352618,0.13062980593189308,0.10680863862170668,1d
ridge,1152,0.6,2.0,test,-0.006604808509416806,0.07911110709549955,-0.08348775225005717,-0.3710320744297062,-0.19769187113803066,0.40018306636155604,0.8183066361556064,0.18681922196796338,0.1236725394353545,1d
ridge,-1,0.65,2.0,train,0.021052238470507387,0.11435362557154476,0.1840976913962047,-1.1230295544691247,1.8902603051889013,0.3527904067372532,0.7000274616300003,0.06282610685625363,0.08180199769680702,1d
ridge,-1,0.65,2.0,valid,0.003144958099441041,0.08725325424559773,0.03604402066871582,-0.25379361891699004,0.09412471857066218,0.2798425485170267,0.5670999633833761,0.10444891980959356,0.10680863862170668,1d
ridge,-1,0.65,2.0,test,0.0012532824886810972,0.07272110771993047,0.017234095133806845,-0.42384315900147285,0.037512633394087835,0.2988558352402746,0.6044851258581235,0.09501144164759726,0.1236725394353545,1d
ridge,288,0.65,2.0,train,-0.0012841989999232378,0.11799439314720049,-0.010883559512197945,-0.971998682241978,-0.11530699677935974,0.36166966710401854,0.7412809324749031,0.1779818753241998,0.08180199769680702,1d
ridge,288,0.65,2.0,valid,0.0060649620289279955,0.0952982573605562,0.06364189857094149,-0.4106680865397063,0.18151683617537873,0.34703405346027094,0.7215305748809959,0.18894177956792385,0.10680863862170668,1d
ridge,288,0.65,2.0,test,-0.0054114350399682805,0.07460562044735199,-0.07253387891582572,-0.34967474078415894,-0.16197240496343923,0.35615560640732263,0.725675057208238,0.2065903890160183,0.1236725394353545,1d
ridge,576,0.65,2.0,train,0.0035157550981343845,0.11730420962498374,0.02997126112842919,-0.8372547572214668,0.3156762789895482,0.36987764318188754,0.7530589204528118,0.15219845604613555,0.08180199769680702,1d
ridge,576,0.65,2.0,valid,0.007637166805553006,0.09705529881403116,0.07868881863098144,-0.32646777164748464,0.22857098680511023,0.3583852068839253,0.740388136213841,0.16523251556206517,0.10680863862170668,1d
ridge,576,0.65,2.0,test,-0.007768964057918323,0.07373814562553696,-0.10535882062143666,-0.402499650021071,-0.2325368009116684,0.3469107551487414,0.7079176201372998,0.19816933638443937,0.1236725394353545,1d
ridge,1152,0.65,2.0,train,-0.004771601511798328,0.11705878765536284,-0.04076243746728848,-1.5385636028772984,-0.42843752423602954,0.3751563787263906,0.7598938150306654,0.12296707655692185,0.08180199769680702,1d
ridge,1152,0.65,2.0,valid,0.010031978120320932,0.09900427589781362,0.10132873584849354,-0.3394024799275148,0.30024473694900644,0.37678506041742954,0.7694983522519224,0.13017209813255218,0.10680863862170668,1d
ridge,1152,0.65,2.0,test,-0.013405844857754194,0.07457789646288382,-0.17975627489608884,-0.49909840103037695,-0.4012571371807081,0.35322654462242564,0.7244851258581235,0.1822425629290618,0.1236725394353545,1d
ridge,-1,0.7,2.0,train,0.02020637678073113,0.10696948017385476,0.1888985227177904,-0.5699391718201654,1.8143111951641266,0.30338998565892655,0.6000061025844445,0.059286607878436516,0.08180199769680702,1d
ridge,-1,0.7,2.0,valid,0.011785646079088765,0.07705862580618317,0.15294389117101395,-0.2268868810047543,0.3527298568985393,0.2034968875869645,0.410563896008788,0.08549981691688026,0.10680863862170668,1d
ridge,-1,0.7,2.0,test,0.0058259991753133325,0.06702119410848625,0.08692771373012051,-0.3304589971188614,0.17438093421999312,0.2280091533180778,0.4591304347826087,0.0831121281464531,0.1236725394353545,1d
ridge,288,0.7,2.0,train,-0.010736229133456381,0.11193375302954742,-0.09591592207778751,-1.1653955987599451,-0.9639957188787155,0.3149543831812773,0.6498642174961096,0.1754798157019498,0.08180199769680702,1d
ridge,288,0.7,2.0,valid,0.0017707621439659446,0.08887937899805928,0.0199232056291101,-0.4056832625785711,0.052996727837491875,0.3016294397656536,0.6266019772976932,0.1775906261442695,0.10680863862170668,1d
ridge,288,0.7,2.0,test,-0.007284195477725115,0.07002134065760908,-0.10402822067265798,-0.3940254259135374,-0.21802694683328383,0.3112128146453089,0.6335926773455377,0.19395881006864987,0.1236725394353545,1d
ridge,576,0.7,2.0,train,0.0004891018153120175,0.11209495390551534,0.00436328129207565,-0.8281188397222414,0.04391598299516164,0.3288682757147652,0.6697586427852196,0.1474994660238611,0.08180199769680702,1d
ridge,576,0.7,2.0,valid,0.01116459587196563,0.09228062671080754,0.12098526277843404,-0.3595353226999971,0.3341425898776884,0.31572683998535334,0.6543390699377517,0.15470523617722445,0.10680863862170668,1d
ridge,576,0.7,2.0,test,-0.0051550771021274516,0.06976007293645493,-0.07389724358263296,-0.42735559547974944,-0.15429922559107856,0.3031578947368421,0.6186727688787186,0.1837070938215103,0.1236725394353545,1d
ridge,1152,0.7,2.0,train,-0.0019020757326067303,0.1115193867651131,-0.017056009612148995,-1.371721781059598,-0.170785556122504,0.33323162359259145,0.6764104598297379,0.12101424953467793,0.08180199769680702,1d
ridge,1152,0.7,2.0,valid,0.005279749764004752,0.09497010005647102,0.05559381069268446,-0.3697314144436812,0.15801640115612936,0.3346759428780666,0.6871109483705602,0.12943976565360674,0.10680863862170668,1d
ridge,1152,0.7,2.0,test,-0.013160257336925269,0.07091519423131519,-0.18557739959081826,-0.5097625438454314,-0.3939063326189114,0.30416475972540047,0.6270938215102975,0.17272311212814645,0.1236725394353545,1d
ridge,-1,0.75,2.0,train,0.01801774163681025,0.09980437643772504,0.18053057671326453,-0.5589263744195345,1.6177957442827107,0.25151801788057243,0.4999847435388887,0.06007994385622311,0.08180199769680702,1d
ridge,-1,0.75,2.0,valid,0.01922006779056508,0.06725058967932458,0.2857977585358492,-0.17970919608783964,0.5752329329976327,0.14335408275357012,0.28798974734529476,0.06700842182350787,0.10680863862170668,1d
ridge,-1,0.75,2.0,test,0.0038073804705905726,0.061256488054475026,0.06215472991537961,-0.2842532008700528,0.11396063463342876,0.16475972540045766,0.33491990846681924,0.07157894736842105,0.1236725394353545,1d
ridge,288,0.75,2.0,train,-0.014364028393898172,0.10532289996568396,-0.1363808668255263,-1.4925942370962373,-1.2897323357621722,0.2709242364141214,0.5607054587617856,0.16812620144631252,0.08180199769680702,1d
ridge,288,0.75,2.0,valid,0.011074791746081235,0.08451149094340372,0.13104480375926492,-0.3863400945299419,0.3314548631073828,0.2610765287440498,0.5418344928597584,0.16056389600878798,0.10680863862170668,1d
ridge,288,0.75,2.0,test,-0.006889230576350708,0.06502758991370465,-0.10594319404260735,-0.34511288964586406,-0.20620505218255802,0.2643478260869565,0.5409610983981693,0.1811441647597254,0.1236725394353545,1d
ridge,576,0.75,2.0,train,0.00022471046833194208,0.10617290300855674,0.0021164577963346458,-0.8219269514404475,0.02017653747575565,0.2858145424587313,0.5819119397064657,0.1396271320904403,0.08180199769680702,1d
ridge,576,0.75,2.0,valid,0.01930085112878024,0.08687103475281259,0.22217821145678646,-0.22462144381321358,0.5776506787145224,0.27196997436836323,0.5612413035518126,0.14463566459172464,0.10680863862170668,1d
ridge,576,0.75,2.0,test,-0.004676534681688663,0.06536601447785002,-0.07154382470837896,-0.4581806312739425,-0.13997572985602014,0.25821510297482836,0.5264988558352403,0.17418764302059497,0.1236725394353545,1d
ridge,1152,0.75,2.0,train,0.00527103898241847,0.10509994453922088,0.05015263333893996,-0.9946961559689578,0.4732815358104625,0.2912153296921246,0.591279406828792,0.1187562932902084,0.08180199769680702,1d
ridge,1152,0.75,2.0,valid,0.005379655570581195,0.08999394503070239,0.05977797249299237,-0.32888198037012617,0.16100645877541875,0.2897290369827902,0.5990479677773709,0.12248260710362505,0.10680863862170668,1d
ridge,1152,0.75,2.0,test,-0.014417264081113185,0.06524721542157265,-0.22096366853299326,-0.5278853710838224,-0.4315304385922023,0.2573913043478261,0.5283295194508009,0.16045766590389016,0.1236725394353545,1d
ridge,-1,0.8,2.0,train,0.0045040026276156105,0.09139200782415809,0.0492822374170999,-1.072397766340996,0.4044100770269883,0.20031733439111463,0.400024410337778,0.05931712080065908,0.08180199769680702,1d
ridge,-1,0.8,2.0,valid,0.012831903760143126,0.05791026839335377,0.2215825295953181,-0.13969758747432137,0.3840430593857658,0.09264005858659831,0.18665324057121932,0.056572683998535336,0.10680863862170668,1d
ridge,-1,0.8,2.0,test,0.0015346084467872689,0.05370687126412445,0.02857378228644589,-0.3041103921789461,0.04593314323602837,0.11185354691075515,0.22837528604118992,0.05894736842105263,0.1236725394353545,1d
ridge,288,0.8,2.0,train,-0.007830798621565473,0.09824849731210608,-0.07970400398786119,-1.1163992733654464,-0.7031198992453147,0.22503280139138926,0.4656577060385073,0.15409025722393432,0.08180199769680702,1d
ridge,288,0.8,2.0,valid,0.007029035977164801,0.07862108218794968,0.08940395860185892,-0.31472761723923615,0.21037038086177628,0.2173196631270597,0.4502929329915782,0.15250823874038813,0.10680863862170668,1d
ridge,288,0.8,2.0,test,-0.012296464371672988,0.0592785740150519,-0.2074352255597561,-0.518581535993454,-0.36805170756309136,0.21592677345537759,0.4439359267734554,0.17546910755148742,0.1236725394353545,1d
ridge,576,0.8,2.0,train,1.6978423686531997e-05,0.09974250071433206,0.0001702225587381163,-0.753801395089981,0.0015244763821586904,0.24144875354712722,0.4918683062276874,0.13218197906813536,0.08180199769680702,1d
ridge,576,0.8,2.0,valid,0.01152038576712643,0.08157047229523248,0.14123230432490405,-0.3249937382361747,0.3447909427947726,0.22381911387770048,0.4653972903698279,0.13548150860490663,0.10680863862170668,1d
ridge,576,0.8,2.0,test,-0.004840773790029559,0.058532144146346325,-0.08270282697873332,-0.40972518255539847,-0.14489165385225733,0.21327231121281465,0.4319450800915332,0.15679633867276888,0.1236725394353545,1d
ridge,1152,0.8,2.0,train,0.001494753290010959,0.09828361003810618,0.015208571291097452,-1.009645807485732,0.1342124645850249,0.24715467000274616,0.5007780795166753,0.11350807066792787,0.08180199769680702,1d
ridge,1152,0.8,2.0,valid,0.004790118910230216,0.08330058604106041,0.057504024135785516,-0.3038224892617851,0.14336235335713332,0.2422189674112047,0.5018308311973636,0.11772244599047968,0.10680863862170668,1d
ridge,1152,0.8,2.0,test,-0.00033950752765397717,0.059588112962792754,-0.005697571390890799,-0.3103657056001081,-0.010161971889373178,0.2122654462242563,0.43240274599542333,0.1414187643020595,0.1236725394353545,1d
ridge,-1,0.6,5.0,train,0.017386653118722714,0.12082079120563653,0.14390447989312283,-1.0681290602559836,1.5611309113970622,0.40161108229335124,0.7999877948311109,0.07381075885637567,0.08180199769680702,1d
ridge,-1,0.6,5.0,valid,-0.006875249116053564,0.09684881078918349,-0.07098950477584412,-0.4905950601193054,-0.20576772970895651,0.3609483705602343,0.7320578542658367,0.10829366532405713,0.10680863862170668,1d
ridge,-1,0.6,5.0,test,-0.010291119103374952,0.07833317700900129,-0.13137625073207992,-0.7168512594123012,-0.3080287019297665,0.37180778032036615,0.7536842105263157,0.09135011441647597,0.1236725394353545,1d
ridge,288,0.6,5.0,train,-0.018933408124819407,0.1235108288664247,-0.15329350712475287,-1.8311604020906866,-1.700012560204473,0.40182467274890915,0.8253135202758368,0.1817654776797974,0.08180199769680702,1d
ridge,288,0.6,5.0,valid,-0.0191722847138859,0.10052962531825572,-0.19071278394990993,-0.5932115303264671,-0.573802844423257,0.3911570853167338,0.8174661296228488,0.1974551446356646,0.10680863862170668,1d
ridge,288,0.6,5.0,test,-0.02411676465675528,0.0796572550343856,-0.302756662231768,-0.8529575527346586,-0.7218511065069408,0.3977116704805492,0.8174828375286041,0.21556064073226544,0.1236725394353545,1d
ridge,576,0.6,5.0,train,-0.015650560504385277,0.12295376147493467,-0.12728817985430887,-1.5309989057224123,-1.405248820301812,0.4081103347267568,0.8351997070759467,0.1553717999572819,0.08180199769680702,1d
ridge,576,0.6,5.0,valid,-0.013306670964639932,0.10160970270706829,-0.13095866447913815,-0.5022460313298931,-0.3982522564869222,0.40021969974368365,0.827718784328085,0.17548517026730134,0.10680863862170668,1d
ridge,576,0.6,5.0,test,-0.04269140758013761,0.07859371030811207,-0.5431911461206483,-1.3256832866587205,-1.2778181583917294,0.3876430205949657,0.8016475972540046,0.20878718535469107,0.1236725394353545,1d
ridge,1152,0.6,5.0,train,-0.016495866542501264,0.12291646769821006,-0.1342038772461526,-1.7371127279001828,-1.4811480388968468,0.4132975315045922,0.8385256155982058,0.12534708449028165,0.08180199769680702,1d
ridge,1152,0.6,5.0,valid,-0.00016099495011949003,0.10298835483112857,-0.0015632345072748824,-0.4902334868639877,-0.004818380370151587,0.4165140974002197,0.8505126327352618,0.13062980593189308,0.10680863862170668,1d
ridge,1152,0.6,5.0,test,-0.027051490431613628,0.07956029631239854,-0.3400124394383128,-0.8564159680669373,-0.8096918711379899,0.3962471395881007,0.8183066361556064,0.18681922196796338,0.1236725394353545,1d
ridge,-1,0.65,5.0,train,0.014172779769747599,0.11450288557782545,0.12377661661735702,-1.271691559250916,1.272560305188935,0.35230219998169227,0.7000274616300003,0.06282610685625363,0.08180199769680702,1d
ridge,-1,0.65,5.0,valid,-0.008282174818903913,0.08749466933524688,-0.09465919331804905,-0.41384245263570885,-0.24787528142933246,0.278469425119004,0.5670999633833761,0.10444891980959356,0.10680863862170668,1d
ridge,-1,0.65,5.0,test,-0.009140447488435625,0.07284565355277933,-0.12547690963899497,-0.5882431590014753,-0.2735873666059132,0.297116704805492,0.6044851258581235,0.09501144164759726,0.1236725394353545,1d
ridge,288,0.65,5.0,train,-0.02077321434792315,0.11842789605989129,-0.1754081178425878,-1.9676525643808775,-1.8652069967792118,0.35849632319287217,0.7412809324749031,0.1779818753241998,0.08180199769680702,1d
ridge,288,0.65,5.0,valid,-0.014634186634565269,0.09571448734268502,-0.15289416514524837,-0.5361262065424358,-0.43798316382463165,0.3444708897839619,0.7215305748809959,0.18894177956792385,0.10680863862170668,1d
ridge,288,0.65,5.0,test,-0.02803308263722232,0.0750978045612644,-0.3732876453712182,-0.931835187821645,-0.8390724049633835,0.3516704805491991,0.725675057208238,0.2065903890160183,0.1236725394353545,1d
ridge,576,0.65,5.0,train,-0.013149975838917492,0.11767794150865699,-0.11174546113172887,-1.3144433354107452,-1.1807237210103707,0.3676807127818631,0.7530589204528118,0.15219845604613555,0.08180199769680702,1d
ridge,576,0.65,5.0,valid,-0.010455793648493167,0.09739237771476676,-0.10735741229272654,-0.4874839118850607,-0.3129290131949023,0.3560966678872208,0.740388136213841,0.16523251556206517,0.10680863862170668,1d
ridge,576,0.65,5.0,test,-0.029458483508719276,0.07423117922595414,-0.39684784501469206,-0.9577875519852123,-0.8817368009116244,0.34324942791762014,0.7079176201372998,0.19816933638443937,0.1236725394353545,1d
ridge,1152,0.65,5.0,train,-0.0182364963947813,0.11738920233035109,-0.15535071397334332,-1.9705636028772788,-1.6374375242359551,0.37360021969304,0.7598938150306654,0.12296707655692185,0.08180199769680702,1d
ridge,1152,0.65,5.0,valid,-0.004221866625193558,0.0992524556318813,-0.042536646557663954,-0.3898024799275184,-0.12635526305099842,0.37541193701940684,0.7694983522519224,0.13017209813255218,0.10680863862170668,1d
ridge,1152,0.65,5.0,test,-0.03336140549848649,0.07503740463541428,-0.44459700679388114,-1.0720984010303471,-0.9985571371806764,0.34901601830663614,0.7244851258581235,0.1822425629290618,0.1236725394353545,1d
ridge,-1,0.7,5.0,train,0.013714493218042318,0.10711750448314063,0.12803223230616675,-0.7684178806291828,1.2314111951641844,0.3025661367589174,0.6000061025844445,0.059286607878436516,0.08180199769680702,1d
ridge,-1,0.7,5.0,valid,0.0024334399274959203,0.07724149837346839,0.031504307642118194,-0.27308688100475376,0.0728298568985355,0.2021237641889418,0.410563896008788,0.08549981691688026,0.10680863862170668,1d
ridge,-1,0.7,5.0,test,-0.003274778856723297,0.067140860177924,-0.0487747527816161,-0.434858997118861,-0.09801906578000552,0.22581235697940502,0.4591304347826087,0.0831121281464531,0.1236725394353545,1d
ridge,288,0.7,5.0,train,-0.029951268952819927,0.11235296164341615,-0.266581926410438,-2.7515539820297414,-2.689295718878766,0.31229975894791445,0.6498642174961096,0.1754798157019498,0.08180199769680702,1d
ridge,288,0.7,5.0,valid,-0.017685435219637172,0.08924751229428796,-0.19816166036449936,-0.5417226781617461,-0.5293032721625051,0.29897473452947637,0.6266019772976932,0.1775906261442695,0.10680863862170668,1d
ridge,288,0.7,5.0,test,-0.028522685180242306,0.07049560582639738,-0.4046023130928519,-0.948152830504663,-0.8537269468332496,0.3074599542334096,0.6335926773455377,0.19395881006864987,0.1236725394353545,1d
ridge,576,0.7,5.0,train,-0.015662089714300803,0.1124493676140041,-0.1392812609499308,-1.5006666514924558,-1.4062840170047146,0.3264577548591829,0.6697586427852196,0.1474994660238611,0.08180199769680702,1d
ridge,576,0.7,5.0,valid,-0.005775627489440482,0.09259565853490322,-0.062374711523471744,-0.4991475518836248,-0.1728574101223228,0.31380446722812155,0.6543390699377517,0.15470523617722445,0.10680863862170668,1d
ridge,576,0.7,5.0,test,-0.02527100387558286,0.07022204416451588,-0.35987280313825765,-0.8703712361535775,-0.7563992255910376,0.2995881006864989,0.6186727688787186,0.1837070938215103,0.1236725394353545,1d
ridge,1152,0.7,5.0,train,-0.015153136056653993,0.11183721721350695,-0.13549278526597583,-1.6703875227224116,-1.360585556122415,0.33173649040368597,0.6764104598297379,0.12101424953467793,0.08180199769680702,1d
ridge,1152,0.7,5.0,valid,-0.008893904575065212,0.09520896308753099,-0.09341457239575797,-0.48334786553125053,-0.26618359884386955,0.332845111680703,0.6871109483705602,0.12943976565360674,0.10680863862170668,1d
ridge,1152,0.7,5.0,test,-0.03207343811495733,0.07134439060705415,-0.44955795181725305,-1.031036268706489,-0.9600063326188841,0.3002288329519451,0.6270938215102975,0.17272311212814645,0.1236725394353545,1d
ridge,-1,0.75,5.0,train,0.011438987784553808,0.09995277183761186,0.11444392760951287,-0.6189263744195297,1.0270957442827577,0.25078570774723097,0.4999847435388887,0.06007994385622311,0.08180199769680702,1d
ridge,-1,0.75,5.0,valid,0.01187262180008539,0.06741054109947994,0.17612411362437477,-0.22890919608784333,0.35533293299762403,0.1420725009154156,0.28798974734529476,0.06700842182350787,0.10680863862170668,1d
ridge,-1,0.75,5.0,test,-0.004030514266251546,0.06140038512076349,-0.06564314308980719,-0.35720487966826886,-0.12063936536657027,0.16302059496567506,0.33491990846681924,0.07157894736842105,0.1236725394353545,1d
ridge,288,0.75,5.0,train,-0.032773847452269425,0.10571121552375265,-0.3100318853575697,-3.1011942370962906,-2.9427323357622335,0.2683001251029811,0.5607054587617856,0.16812620144631252,0.08180199769680702,1d
ridge,288,0.75,5.0,valid,-0.00650695486688108,0.08484580099879127,-0.07669153676766843,-0.48954009452994174,-0.19474513689262718,0.2582387403881362,0.5418344928597584,0.16056389600878798,0.10680863862170668,1d
ridge,288,0.75,5.0,test,-0.026724516617540668,0.0654804407145206,-0.40812976097783626,-0.904948823401753,-0.7999050521825237,0.26077803203661326,0.5409610983981693,0.1811441647597254,0.1236725394353545,1d
ridge,576,0.75,5.0,train,-0.015064460495571303,0.10651195581823868,-0.1414344556894497,-1.4860327400206108,-1.3526234625241387,0.283678637903152,0.5819119397064657,0.1396271320904403,0.08180199769680702,1d
ridge,576,0.75,5.0,valid,0.0034632458559863675,0.08714466009320183,0.039741343328236076,-0.3428756820957999,0.10365067871450706,0.26958989381179055,0.5612413035518126,0.14463566459172464,0.10680863862170668,1d
ridge,576,0.75,5.0,test,-0.023750081592443836,0.06578208122353388,-0.36104180881323533,-0.8379965501973768,-0.7108757298559927,0.254279176201373,0.5264988558352403,0.17418764302059497,0.1236725394353545,1d
ridge,1152,0.75,5.0,train,-0.007732775132859379,0.10540514266445263,-0.07336240848775227,-1.097296155968953,-0.6943184641895226,0.2894150672809935,0.591279406828792,0.1187562932902084,0.08180199769680702,1d
ridge,1152,0.75,5.0,valid,-0.008032189907265772,0.09023293882584105,-0.08901616207767248,-0.4008819803701258,-0.2403935412245789,0.28844745514463566,0.5990479677773709,0.12248260710362505,0.10680863862170668,1d
ridge,1152,0.75,5.0,test,-0.03198737849758919,0.06565491219806574,-0.4872046496854742,-1.0216853710837948,-0.9574304385921732,0.25382151029748284,0.5283295194508009,0.16045766590389016,0.1236725394353545,1d
ridge,-1,0.8,5.0,train,-0.001991222100056573,0.09155597568479612,-0.021748685273278532,-1.3274818384722566,-0.17878992297302077,0.1994934854911055,0.400024410337778,0.05931712080065908,0.08180199769680702,1d
ridge,-1,0.8,5.0,valid,0.006637194862303494,0.058076289948621684,0.114284071316801,-0.17269224426198115,0.19864305938576265,0.09154155986818015,0.18665324057121932,0.056572683998535336,0.10680863862170668,1d
ridge,-1,0.8,5.0,test,-0.004920128395318005,0.053813230701146686,-0.0914297159120975,-0.3684043812703597,-0.14726685676397044,0.11130434782608696,0.22837528604118992,0.05894736842105263,0.1236725394353545,1d
ridge,288,0.8,5.0,train,-0.024703681787586317,0.09861842751452328,-0.25049762412758275,-2.3868017145720506,-2.218119899245253,0.22265279345802946,0.4656577060385073,0.15409025722393432,0.08180199769680702,1d
ridge,288,0.8,5.0,valid,-0.009670616164907733,0.078931324145154,-0.12251937072693164,-0.4170276172392353,-0.28942961913822485,0.21475649945075065,0.4502929329915782,0.15250823874038813,0.10680863862170668,1d
ridge,288,0.8,5.0,test,-0.03151033164856089,0.05970801925681278,-0.5277403611905198,-1.0519815359934197,-0.9431517075630561,0.21244851258581235,0.4439359267734554,0.17546910755148742,0.1236725394353545,1d
ridge,576,0.8,5.0,train,-0.01445694828427432,0.10006264235332045,-0.14447897781098906,-1.4571986197988758,-1.2980755236177384,0.23992310743599915,0.4918683062276874,0.13218197906813536,0.08180199769680702,1d
ridge,576,0.8,5.0,valid,-0.0033148394251108692,0.08186786781977562,-0.04049011551648292,-0.44459090644757193,-0.09920905720523598,0.22153057488099598,0.4653972903698279,0.13548150860490663,0.10680863862170668,1d
ridge,576,0.8,5.0,test,-0.022009972874697775,0.05891013094561572,-0.37361948651950544,-0.7577874864371249,-0.6587916538522354,0.20997711670480548,0.4319450800915332,0.15679633867276888,0.1236725394353545,1d
ridge,1152,0.8,5.0,train,-0.010934380448127168,0.0985733829512718,-0.11092629795948473,-1.2324511497748465,-0.9817875354149015,0.2457815885027309,0.5007780795166753,0.11350807066792787,0.08180199769680702,1d
ridge,1152,0.8,5.0,valid,-0.008100488925727336,0.08353760815359768,-0.09696816924460239,-0.4520949556012115,-0.24243764664286416,0.24057121933357745,0.5018308311973636,0.11772244599047968,0.10680863862170668,1d
ridge,1152,0.8,5.0,test,-0.015824862218729516,0.05991717654720691,-0.2641122818305965,-0.5878699495411551,-0.47366197188936887,0.20988558352402745,0.43240274599542333,0.1414187643020595,0.1236725394353545,1d
ridge,-1,0.6,10.0,train,0.003916189627434148,0.12112156378243119,0.03233272016260242,-1.3920331881138908,0.3516309113969829,0.39978030695999756,0.7999877948311109,0.07381075885637567,0.08180199769680702,1d
ridge,-1,0.6,10.0,valid,-0.026622136703018048,0.09731073849167239,-0.2735786113194106,-0.873046562814504,-0.796767729708957,0.3592090809227389,0.7320578542658367,0.10829366532405713,0.10680863862170668,1d
ridge,-1,0.6,10.0,test,-0.026945810178889827,0.07859686279848314,-0.34283569622844867,-1.0638512594123142,-0.8065287019297792,0.36878718535469107,0.7536842105263157,0.09135011441647597,0.1236725394353545,1d
ridge,288,0.6,10.0,train,-0.052105607801382445,0.12440167859745024,-0.4188497164092962,-4.754687863695823,-4.678512560204511,0.39663747597107374,0.8253135202758368,0.1817654776797974,0.08180199769680702,1d
ridge,288,0.6,10.0,valid,-0.05522455494457064,0.10143185746505634,-0.5444498042796436,-1.6574081507307172,-1.6528028444232052,0.38548150860490665,0.8174661296228488,0.1974551446356646,0.10680863862170668,1d
ridge,288,0.6,10.0,test,-0.06343987678490172,0.08077308043752253,-0.7854086589401783,-1.9740802737413594,-1.8988511065068807,0.39102974828375286,0.8174828375286041,0.21556064073226544,0.1236725394353545,1d
ridge,576,0.6,10.0,train,-0.04400591399658924,0.12371684274122705,-0.35569865041443416,-3.9560353291914887,-3.951248820301703,0.40435724529338174,0.8351997070759467,0.1553717999572819,0.08180199769680702,1d
ridge,576,0.6,10.0,valid,-0.04533271453842243,0.10239259677033431,-0.4427342988488055,-1.3557522564868996,-1.3567522564868995,0.3959172464298792,0.827718784328085,0.17548517026730134,0.10680863862170668,1d
ridge,576,0.6,10.0,test,-0.08077836410187675,0.07970044886326642,-1.0135245817807073,-2.463683286658676,-2.4178181583916842,0.3802288329519451,0.8016475972540046,0.20878718535469107,0.1236725394353545,1d
ridge,1152,0.6,10.0,train,-0.03937170946197768,0.1235810147701293,-0.3185902748509733,-3.5903292108260567,-3.5351480388967675,0.41018521343789094,0.8385256155982058,0.12534708449028165,0.08180199769680702,1d
ridge,1152,0.6,10.0,valid,-0.02400093453268998,0.10353462903190329,-0.23181552642927133,-0.8420206876616371,-0.7183183803701522,0.4134016843647016,0.8505126327352618,0.13062980593189308,0.10680863862170668,1d
ridge,1152,0.6,10.0,test,-0.06112929363527496,0.08046323336103245,-0.7597170916683454,-1.830879219247495,-1.8296918711379515,0.3897482837528604,0.8183066361556064,0.18681922196796338,0.1236725394353545,1d
ridge,-1,0.65,10.0,train,0.002707015268481307,0.11478906034266091,0.02358251962687472,-1.5476163739532818,0.24306030518887045,0.3508375797150093,0.7000274616300003,0.06282610685625363,0.08180199769680702,1d
ridge,-1,0.65,10.0,valid,-0.027327396349478793,0.08797361018082815,-0.3106317484676124,-0.8358345187216617,-0.817875281429333,0.2757231783229586,0.5670999633833761,0.10444891980959356,0.10680863862170668,1d
ridge,-1,0.65,10.0,test,-0.02646333078363013,0.07313856362887204,-0.36182458980071514,-0.9396085457804606,-0.7920873666059162,0.29363844393592675,0.6044851258581235,0.09501144164759726,0.1236725394353545,1d
ridge,288,0.65,10.0,train,-0.053254906594589625,0.1192459938609691,-0.44659702913525473,-4.84276448835578,-4.781706996779252,0.3542245140817136,0.7412809324749031,0.1779818753241998,0.08180199769680702,1d
ridge,288,0.65,10.0,valid,-0.04913276774038732,0.09653241985077264,-0.5089768578923081,-1.4668405953174557,-1.4704831638245954,0.33925302087147563,0.7215305748809959,0.18894177956792385,0.10680863862170668,1d
ridge,288,0.65,10.0,test,-0.06573582863264564,0.07608518598437779,-0.8639767095547728,-2.016602486412442,-1.9675724049633279,0.34443935926773456,0.725675057208238,0.2065903890160183,0.1236725394353545,1d
ridge,576,0.65,10.0,train,-0.040926194067337246,0.11838469162301514,-0.34570512036862705,-3.6926827002247213,-3.6747237210102326,0.36389711042626555,0.7530589204528118,0.15219845604613555,0.08180199769680702,1d
ridge,576,0.65,10.0,valid,-0.040610727738570065,0.09806157322132394,-0.4141349807524715,-1.2144290131948905,-1.2154290131948904,0.3503295496155254,0.740388136213841,0.16523251556206517,0.10680863862170668,1d
ridge,576,0.65,10.0,test,-0.06560768259338746,0.07521393399636274,-0.8722809605539338,-2.0046591756819656,-1.9637368009115752,0.33702517162471396,0.7079176201372998,0.19816933638443937,0.1236725394353545,1d
ridge,1152,0.65,10.0,train,-0.04067798786641955,0.11800887686192767,-0.3447027795545709,-3.7091713165450124,-3.652437524235881,0.370609953315229,0.7598938150306654,0.12296707655692185,0.08180199769680702,1d
ridge,1152,0.65,10.0,valid,-0.027978274534384336,0.09975124027361157,-0.280480467788086,-0.8853960711723069,-0.837355263050999,0.3725741486634932,0.7694983522519224,0.13017209813255218,0.10680863862170668,1d
ridge,1152,0.65,10.0,test,-0.06662067323304027,0.07595085251460186,-0.877155042074507,-2.02709840103032,-1.9940571371806444,0.34352402745995425,0.7244851258581235,0.1822425629290618,0.1236725394353545,1d
ridge,-1,0.7,10.0,train,0.0028946872802276496,0.10740175650819271,0.02695195473834583,-1.3957065831244884,0.259911195164118,0.30149818448112775,0.6000061025844445,0.059286607878436516,0.08180199769680702,1d
ridge,-1,0.7,10.0,valid,-0.013153570325158787,0.07761900678651311,-0.1694632651167126,-0.4806187381237963,-0.393670143101465,0.20010984987184183,0.410563896008788,0.08549981691688026,0.10680863862170668,1d
ridge,-1,0.7,10.0,test,-0.018442742243450983,0.06742239779247049,-0.2735402899822499,-0.708526006608501,-0.5520190657800058,0.2231578947368421,0.4591304347826087,0.0831121281464531,0.1236725394353545,1d
ridge,288,0.7,10.0,train,-0.06197633531842577,0.11314764647910357,-0.5477474542952313,-5.6146590978875155,-5.564795718878755,0.3082720532145364,0.6498642174961096,0.1754798157019498,0.08180199769680702,1d
ridge,288,0.7,10.0,valid,-0.0501124308256423,0.08998199382066518,-0.5569162084307308,-1.4921803586320728,-1.4998032721624586,0.2951299890150128,0.6266019772976932,0.1775906261442695,0.10680863862170668,1d
ridge,288,0.7,10.0,test,-0.0639201680177709,0.07144777672488893,-0.8946418061949886,-1.9734787365183166,-1.9132269468331957,0.30151029748283753,0.6335926773455377,0.19395881006864987,0.1236725394353545,1d
ridge,576,0.7,10.0,train,-0.04258074226365547,0.11312298051471244,-0.37641107111845895,-3.827259441213464,-3.823284017004593,0.32243004912580475,0.6697586427852196,0.1474994660238611,0.08180199769680702,1d
ridge,576,0.7,10.0,valid,-0.03400933309178395,0.0932249723559499,-0.36480925906773276,-1.0168574101223231,-1.017857410122323,0.30913584767484437,0.6543390699377517,0.15470523617722445,0.10680863862170668,1d
ridge,576,0.7,10.0,test,-0.05879754849800849,0.07114689169795108,-0.8264246981811824,-1.8223547035763974,-1.7598992255909969,0.2944622425629291,0.6186727688787186,0.1837070938215103,0.1236725394353545,1d
ridge,1152,0.7,10.0,train,-0.037238236596732734,0.11243636064103293,-0.33119389834771007,-3.3890747805157813,-3.3435855561223122,0.32892930155921035,0.6764104598297379,0.12101424953467793,0.08180199769680702,1d
ridge,1152,0.7,10.0,valid,-0.032516661806848444,0.09569328863106806,-0.33980086035303725,-1.0337789952246523,-0.9731835988438677,0.3291834492859758,0.6871109483705602,0.12943976565360674,0.10680863862170668,1d
ridge,1152,0.7,10.0,test,-0.06359540607834407,0.07220403890995016,-0.8807735278861283,-1.9132029120718341,-1.9035063326188495,0.29574370709382153,0.6270938215102975,0.17272311212814645,0.1236725394353545,1d
ridge,-1,0.75,10.0,train,0.0004743980307930833,0.10024074316206391,0.004732586928511711,-1.1126846670496509,0.042595744282689196,0.2494126262472157,0.4999847435388887,0.06007994385622311,0.08180199769680702,1d
ridge,-1,0.75,10.0,valid,-0.000373121517380744,0.06774378099412234,-0.005507834252905328,-0.3109091960878432,-0.01116706700237613,0.14051629439765653,0.28798974734529476,0.06700842182350787,0.10680863862170668,1d
ridge,-1,0.75,10.0,test,-0.017093672160988387,0.06171812761918819,-0.2769635570680203,-0.644426001690395,-0.5116393653665706,0.16045766590389016,0.33491990846681924,0.07157894736842105,0.1236725394353545,1d
ridge,288,0.75,10.0,train,-0.06345687921622148,0.10645493858890609,-0.596091454819875,-5.791960052236675,-5.697732335762235,0.2643029322918256,0.5607054587617856,0.16812620144631252,0.08180199769680702,1d
ridge,288,0.75,10.0,valid,-0.0358098658884849,0.08551834781836522,-0.41873898177432595,-1.0740127791052565,-1.0717451368926232,0.25521786891248627,0.5418344928597584,0.16056389600878798,0.10680863862170668,1d
ridge,288,0.75,10.0,test,-0.05978332668619056,0.06639786263691433,-0.9003802880388747,-1.8529488234017104,-1.7894050521824774,0.25546910755148744,0.5409610983981693,0.1811441647597254,0.1236725394353545,1d
ridge,576,0.75,10.0,train,-0.04054641210207667,0.10715877592907071,-0.3783769621343443,-3.708805746480415,-3.6406234625240264,0.2798950355475544,0.5819119397064657,0.1396271320904403,0.08180199769680702,1d
ridge,576,0.75,10.0,valid,-0.022932762932003383,0.08770367892634154,-0.26148005662639995,-0.6871134969172049,-0.6863493212854936,0.2665690223361406,0.5612413035518126,0.14463566459172464,0.10680863862170668,1d
ridge,576,0.75,10.0,test,-0.05553932644370242,0.06663195698915657,-0.8335238668247532,-1.7009740775245332,-1.6623757298559418,0.2500686498855835,0.5264988558352403,0.17418764302059497,0.1236725394353545,1d
ridge,1152,0.75,10.0,train,-0.029405798658322425,0.10598526507724103,-0.27745176310019853,-2.685807688582829,-2.64031846418936,0.2864858267476276,0.591279406828792,0.1187562932902084,0.08180199769680702,1d
ridge,1152,0.75,10.0,valid,-0.030385265703677347,0.09071684278758883,-0.3349462433875005,-0.9592692360162168,-0.9093935412245795,0.2855181252288539,0.5990479677773709,0.12248260710362505,0.10680863862170668,1d
ridge,1152,0.75,10.0,test,-0.06127090252504914,0.0664805651113955,-0.9216363071280006,-1.8446853710837756,-1.833930438592151,0.24961098398169337,0.5283295194508009,0.16045766590389016,0.1236725394353545,1d
ridge,-1,0.8,10.0,train,-0.012816596646176858,0.09187295309402095,-0.1395034796917936,-1.9038752127149052,-1.1507899229729714,0.19799835230219998,0.400024410337778,0.05931712080065908,0.08180199769680702,1d
ridge,-1,0.8,10.0,valid,-0.003687319967429205,0.05841868102225807,-0.06311885004771507,-0.2376922442619812,-0.11035694061423762,0.09044306114976199,0.18665324057121932,0.056572683998535336,0.10680863862170668,1d
ridge,-1,0.8,10.0,test,-0.01567802313216011,0.05406499019884117,-0.2899847586117966,-0.5620775640936988,-0.46926685676397073,0.10901601830663615,0.22837528604118992,0.05894736842105263,0.1236725394353545,1d
ridge,288,0.8,10.0,train,-0.052825153730954345,0.099330091609128,-0.5318142052946617,-4.85382915588509,-4.743119899245238,0.2191743203246575,0.4656577060385073,0.15409025722393432,0.08180199769680702,1d
ridge,288,0.8,10.0,valid,-0.037503369735028574,0.07956623500130261,-0.4713477989050832,-1.122992440739952,-1.1224296191382217,0.21228487733430979,0.4502929329915782,0.15250823874038813,0.10680863862170668,1d
ridge,288,0.8,10.0,test,-0.06353344377670735,0.060595745036272124,-1.0484802808955767,-1.9723501417956701,-1.9016517075630106,0.2065903890160183,0.4439359267734554,0.17546910755148742,0.1236725394353545,1d
ridge,576,0.8,10.0,train,-0.03858015946420903,0.10067866409112503,-0.3832009474151329,-3.53793007640469,-3.4640755236176255,0.236871815213743,0.4918683062276874,0.13218197906813536,0.08180199769680702,1d
ridge,576,0.8,10.0,valid,-0.028040214745506335,0.08246587109757003,-0.3400220524237278,-0.8515048440631894,-0.8392090572052366,0.21905895276455511,0.4653972903698279,0.13548150860490663,0.10680863862170668,1d
ridge,576,0.8,10.0,test,-0.0506253046824781,0.05969892367431667,-0.8480103420065147,-1.5806490949628662,-1.5152916538521937,0.20530892448512586,0.4319450800915332,0.15679633867276888,0.1236725394353545,1d
ridge,1152,0.8,10.0,train,-0.03164960334502401,0.09912925939553277,-0.319276100094119,-2.8843664426376145,-2.841787535414786,0.24331004180270344,0.5007780795166753,0.11350807066792787,0.08180199769680702,1d
ridge,1152,0.8,10.0,valid,-0.029584835318989876,0.08402177211968442,-0.3521091566224989,-0.9220949556012119,-0.8854376466428647,0.23690955693885024,0.5018308311973636,0.11772244599047968,0.10680863862170668,1d
ridge,1152,0.8,10.0,test,-0.04163378670385537,0.06060983545661836,-0.6869146961082719,-1.3178699495411417,-1.2461619718893506,0.20558352402745994,0.43240274599542333,0.1414187643020595,0.1236725394353545,1d
tree,-1,0.6,2.0,train,0.029034006124639293,0.07336932982889202,0.39572401972800936,-0.28978879458772566,2.6069355691035727,0.1206480944680072,0.23000640771366673,0.019101089311323344,0.02048522990343997,1d
tree,-1,0.6,2.0,valid,0.008576615103483223,0.04723879196654317,0.18155873057798774,-0.26004666027023937,0.25668751613822094,0.09831563529842549,0.19406810692054194,0.020322226290735993,0.03650576255905234,1d
tree,-1,0.6,2.0,test,-0.006479133505412975,0.021187073061481355,-0.30580597360530215,-0.2792033648651815,-0.19393022889489542,0.02919908466819222,0.06260869565217392,0.01391304347826087,0.03329083409963131,1d
tree,288,0.6,2.0,train,0.015224906801205177,0.06688106144485155,0.2276415247051552,-0.32697318509343254,1.3670297824545177,0.10642907271229365,0.20770146156897445,0.027949836755866108,0.02048522990343997,1d
tree,288,0.6,2.0,valid,0.0028364293592351374,0.05057429932234388,0.05608440249773257,-0.36471066841512645,0.08489083375420381,0.11689857195166606,0.23178322958623215,0.026180886122299525,0.03650576255905234,1d
tree,288,0.6,2.0,test,-0.005885143935266958,0.02319268349734407,-0.25375002146435105,-0.25671301440094274,-0.1761512260076482,0.04292906178489703,0.09080091533180779,0.014462242562929061,0.03329083409963131,1d
tree,576,0.6,2.0,train,0.022623376615133656,0.07695102586337366,0.29399707620924254,-0.5080011557501698,2.0313312926240505,0.14176303664601958,0.2745247612363836,0.025691880511396578,0.02048522990343997,1d
tree,576,0.6,2.0,valid,-0.003183035492555558,0.062044010458826786,-0.051302864998835976,-0.5010739942650788,-0.0952643280018538,0.14491028927132918,0.29256682533870376,0.025814719882826805,0.03650576255905234,1d
tree,576,0.6,2.0,test,-0.00631510959902077,0.023271231016829933,-0.27136981255755804,-0.3113766822331623,-0.18902074621726572,0.04274599542334096,0.08823798627002288,0.01299771167048055,0.03329083409963131,1d
tree,1152,0.6,2.0,train,0.01679968884564561,0.07470796609335435,0.22487145245866927,-0.4267927932589768,1.5084279521598525,0.14707228511274525,0.28633326213651483,0.020992890489122142,0.02048522990343997,1d
tree,1152,0.6,2.0,valid,0.0007594174634366108,0.061772221318494615,0.012293834465189307,-0.493997562721848,0.022728428412551294,0.16147931160746978,0.3214024166971805,0.024533138044672283,0.03650576255905234,1d
tree,1152,0.6,2.0,test,-0.008402796251266692,0.024036214096403212,-0.34958900838398216,-0.3475449170139241,-0.25150835354818846,0.0445766590389016,0.09446224256292907,0.016842105263157894,0.03329083409963131,1d
tree,-1,0.65,2.0,train,0.029034006124639293,0.07336932982889202,0.39572401972800936,-0.28978879458772566,2.6069355691035727,0.1206480944680072,0.23000640771366673,0.019101089311323344,0.02048522990343997,1d
tree,-1,0.65,2.0,valid,0.008576615103483223,0.04723879196654317,0.18155873057798774,-0.26004666027023937,0.25668751613822094,0.09831563529842549,0.19406810692054194,0.020322226290735993,0.03650576255905234,1d
tree,-1,0.65,2.0,test,-0.006479133505412975,0.021187073061481355,-0.30580597360530215,-0.2792033648651815,-0.19393022889489542,0.02919908466819222,0.06260869565217392,0.01391304347826087,0.03329083409963131,1d
tree,288,0.65,2.0,train,0.015561188007928441,0.06392732061338259,0.24341999412174412,-0.33787522098843925,1.397224149544769,0.09462057181216245,0.18448112775760533,0.027766759222530742,0.02048522990343997,1d
tree,288,0.65,2.0,valid,-0.006130495625833519,0.04709996279688446,-0.13015924560855566,-0.400787407350778,-0.1834781759359051,0.09868180153789821,0.1992859758330282,0.025448553643354084,0.03650576255905234,1d
tree,288,0.65,2.0,test,-0.0033097364274489983,0.022096229691165425,-0.14978738335492167,-0.19695723960213873,-0.09906539854761742,0.035148741418764305,0.07276887871853546,0.012265446224256293,0.03329083409963131,1d
tree,576,0.65,2.0,train,0.021950241353510275,0.07336997069553536,0.2991720065501671,-0.4059101608156037,1.9708911229550559,0.12452323559027248,0.24007567204711194,0.02532572544472584,0.02048522990343997,1d
tree,576,0.65,2.0,valid,0.002688821104388186,0.058199738240607646,0.04619988312098829,-0.41290961073127286,0.08047310066941415,0.1272427682167704,0.25384474551446357,0.025265470523617724,0.03650576255905234,1d
tree,576,0.65,2.0,test,-0.005409903920722752,0.022207172671419622,-0.24361065682554164,-0.3011494017823644,-0.1619265762572497,0.03679633867276888,0.07505720823798627,0.01208237986270023,0.03329083409963131,1d
tree,1152,0.65,2.0,train,0.02181729073965653,0.06925470261058399,0.3150297368589416,-0.34673469888981745,1.958953614824015,0.13392121563482134,0.25993958441399934,0.021420071400238,0.02048522990343997,1d
tree,1152,0.65,2.0,valid,-0.0018486287309162977,0.05755039804049238,-0.03212191042737193,-0.3735493799625955,-0.055327178785013253,0.14372024899304284,0.2867997070670084,0.022702306847308677,0.03650576255905234,1d
tree,1152,0.65,2.0,test,-0.006650933065884023,0.02140626519081103,-0.3107003022993025,-0.28434558458613,-0.19907244861584394,0.03304347826086956,0.07066361556064073,0.01482837528604119,0.03329083409963131,1d
tree,-1,0.7,2.0,train,0.029034006124639293,0.07336932982889202,0.39572401972800936,-0.28978879458772566,2.6069355691035727,0.1206480944680072,0.23000640771366673,0.019101089311323344,0.02048522990343997,1d
tree,-1,0.7,2.0,valid,0.008576615103483223,0.04723879196654317,0.18155873057798774,-0.26004666027023937,0.25668751613822094,0.09831563529842549,0.19406810692054194,0.020322226290735993,0.03650576255905234,1d
tree,-1,0.7,2.0,test,-0.006479133505412975,0.021187073061481355,-0.30580597360530215,-0.2792033648651815,-0.19393022889489542,0.02919908466819222,0.06260869565217392,0.01391304347826087,0.03329083409963131,1d
tree,288,0.7,2.0,train,0.015573480050314536,0.059103720944639206,0.2634940711245875,-0.2623226074085576,1.3983278402437276,0.0818966832453544,0.1579959112684222,0.026302138955847803,0.02048522990343997,1d
tree,288,0.7,2.0,valid,-0.008556906539183902,0.043612719170400396,-0.196202087417457,-0.4195472754754157,-0.25609766310697335,0.08321127792017576,0.16916880263639691,0.02361772244599048,0.03650576255905234,1d
tree,288,0.7,2.0,test,-0.0022622580282800633,0.020548646932200033,-0.11009279763014818,-0.1981695821115701,-0.06771279166838284,0.03102974828375286,0.06334096109839817,0.010983981693363844,0.03329083409963131,1d
tree,576,0.7,2.0,train,0.020009029369014518,0.0692113605710435,0.2891003616158624,-0.3815951063936034,1.7965915603033284,0.10652061147896134,0.20489427272449884,0.02361700180026241,0.02048522990343997,1d
tree,576,0.7,2.0,valid,0.00578141559345597,0.04976491375687777,0.1161745325572266,-0.44039706570516435,0.17303064093948706,0.10481508604906628,0.21017942145734164,0.023983888685463202,0.03650576255905234,1d
tree,576,0.7,2.0,test,-0.004135857657474307,0.02024170030819504,-0.20432362867263018,-0.2490439622737305,-0.12379245180248455,0.028924485125858122,0.06032036613272311,0.011899313501144164,0.03329083409963131,1d
tree,1152,0.7,2.0,train,0.01777050237108894,0.06324655887909535,0.28097184552063525,-0.3465091351915124,1.5955963676923313,0.10957190370121747,0.21102737009123362,0.020260580355780673,0.02048522990343997,1d
tree,1152,0.7,2.0,valid,9.830157669857474e-05,0.05140513091058494,0.0019122911459862318,-0.3287886519984644,0.0029420449968631246,0.12046869278652508,0.24112046869278653,0.022885389967045037,0.03650576255905234,1d
tree,1152,0.7,2.0,test,-0.007477811018871739,0.01983404601616547,-0.37701894070312486,-0.30909528769952954,-0.22382215172924347,0.027917620137299773,0.06032036613272311,0.01391304347826087,0.03329083409963131,1d
tree,-1,0.75,2.0,train,0.029034006124639293,0.07336932982889202,0.39572401972800936,-0.28978879458772566,2.6069355691035727,0.1206480944680072,0.23000640771366673,0.019101089311323344,0.02048522990343997,1d
tree,-1,0.75,2.0,valid,0.008576615103483223,0.04723879196654317,0.18155873057798774,-0.26004666027023937,0.25668751613822094,0.09831563529842549,0.19406810692054194,0.020322226290735993,0.03650576255905234,1d
tree,-1,0.75,2.0,test,-0.006479133505412975,0.021187073061481355,-0.30580597360530215,-0.2792033648651815,-0.19393022889489542,0.02919908466819222,0.06260869565217392,0.01391304347826087,0.03329083409963131,1d
tree,288,0.75,2.0,train,0.011357488708846038,0.055539339733927086,0.2044944855890704,-0.2508782020347957,1.0197780204246945,0.06798279071186647,0.13148018185701646,0.023494950111372166,0.02048522990343997,1d
tree,288,0.75,2.0,valid,-0.006448205687408557,0.04016742847045875,-0.16053319649653222,-0.42731534434521434,-0.19298684638151098,0.06700842182350787,0.13758696448187477,0.023068473086781397,0.03650576255905234,1d
tree,288,0.75,2.0,test,-0.002856938445658638,0.018891223146042604,-0.1512309935451225,-0.20429161611736502,-0.08551247265430317,0.02562929061784897,0.052723112128146454,0.010617848970251717,0.03329083409963131,1d
tree,576,0.75,2.0,train,0.023189649570148317,0.06124768381931824,0.37862084121512574,-0.30074905853920963,2.082176398253352,0.08680926372318677,0.16504439630183382,0.022457510755805085,0.02048522990343997,1d
tree,576,0.75,2.0,valid,-0.0017461885701421003,0.04271284303779049,-0.04088204965886133,-0.38360625516241265,-0.052261271069130144,0.0844013181984621,0.1715488831929696,0.021603808128890515,0.03650576255905234,1d
tree,576,0.75,2.0,test,-0.004345561949206894,0.01872929002836753,-0.2320195769634125,-0.2432628076484391,-0.1300692172468092,0.0259954233409611,0.055011441647597255,0.011533180778032037,0.03329083409963131,1d
tree,1152,0.75,2.0,train,0.020069838477350884,0.06099737256506286,0.32902791765241013,-0.3590421579638423,1.8020515518307487,0.09803801910108931,0.1878985750465322,0.02190827815579898,0.02048522990343997,1d
tree,1152,0.75,2.0,valid,0.0008907749712723262,0.04751929304970481,0.018745543422554342,-0.3287886519984644,0.026659796674462166,0.10756133284511168,0.2140241669718052,0.022702306847308677,0.03650576255905234,1d
tree,1152,0.75,2.0,test,-0.0062714412011261505,0.018393428867850076,-0.3409609619926831,-0.27298682123687046,-0.18771368526658438,0.02508009153318078,0.054279176201373,0.012265446224256293,0.03329083409963131,1d
tree,-1,0.8,2.0,train,0.025928572393398148,0.0643467264732289,0.4029509163016333,-0.23963855369978804,2.3281016521885927,0.1020657248344674,0.1934214139688158,0.01800262411131114,0.02048522990343997,1d
tree,-1,0.8,2.0,valid,0.00434638925889485,0.04226999612026638,0.10282445369828105,-0.3185582777567755,0.13008207195662247,0.08009886488465763,0.15873306481142438,0.01867447821310875,0.03650576255905234,1d
tree,-1,0.8,2.0,test,-0.006479133505412975,0.021187073061481355,-0.30580597360530215,-0.2792033648651815,-0.19393022889489542,0.02919908466819222,0.06260869565217392,0.01391304347826087,0.03329083409963131,1d
tree,288,0.8,2.0,train,0.010666855283871263,0.051439855258307035,0.2073655773389578,-0.2898314507510087,0.9577667074474396,0.05495377292283282,0.10618496933451317,0.021481097244683122,0.02048522990343997,1d
tree,288,0.8,2.0,valid,-0.008846516845223015,0.038326121178664456,-0.23082212791592724,-0.4320691889887138,-0.2647653425129213,0.054833394361039914,0.11369461735627975,0.02380080556572684,0.03650576255905234,1d
tree,288,0.8,2.0,test,-0.003613046964856865,0.017307811836807595,-0.20875238296577686,-0.23562079286952164,-0.10814393997551042,0.018947368421052633,0.038993135011441644,0.010068649885583524,0.03329083409963131,1d
tree,576,0.8,2.0,train,0.018373995639375553,0.05447631235906463,0.3372841303623628,-0.20134452822455362,1.6497834495596075,0.0663961187562933,0.12714734690141274,0.019955451133555062,0.02048522990343997,1d
tree,576,0.8,2.0,valid,0.0015270540161446942,0.037070857191383276,0.041192843431191055,-0.30507201684279606,0.045702844033875145,0.06645917246429879,0.13273526180886122,0.021420725009154155,0.03650576255905234,1d
tree,576,0.8,2.0,test,-0.004319678568769119,0.01763669359955532,-0.24492564575017806,-0.21661810387567315,-0.12929448866795257,0.022608695652173914,0.04897025171624714,0.010434782608695653,0.03329083409963131,1d
tree,1152,0.8,2.0,train,0.016630612371812722,0.05657214945822854,0.2939717251523623,-0.2682245180829288,1.4932467377025258,0.0811948860342355,0.15555487749061728,0.020138528666890428,0.02048522990343997,1d
tree,1152,0.8,2.0,valid,-0.0037061514830408994,0.042983374466698566,-0.08622290662433323,-0.3287886519984644,-0.1109205446595588,0.08916147931160746,0.1811607469791285,0.022702306847308677,0.03650576255905234,1d
tree,1152,0.8,2.0,test,-0.0051040936768621,0.018076310069881977,-0.28236369353756197,-0.23804635081882997,-0.1527732148485439,0.02297482837528604,0.049061784897025174,0.011533180778032037,0.03329083409963131,1d
tree,-1,0.6,5.0,train,0.02694243684504939,0.07342921502697727,0.36691713012526367,-0.3107887945877257,2.419135569103567,0.12034296524578159,0.23000640771366673,0.019101089311323344,0.02048522990343997,1d
tree,-1,0.6,5.0,valid,0.006351331324647627,0.047385356150163475,0.1340357410107957,-0.2768466602702395,0.19008751613822117,0.09794946905895277,0.19406810692054194,0.020322226290735993,0.03650576255905234,1d
tree,-1,0.6,5.0,test,-0.008002611766282542,0.02136134728179273,-0.3746304790945251,-0.3161920172881898,-0.23953022889489528,0.029107551487414188,0.06260869565217392,0.01391304347826087,0.03329083409963131,1d
tree,288,0.6,5.0,train,0.012164399676437832,0.06693215191945875,0.18174224685134252,-0.35697318509343234,1.0922297824545235,0.10618496933451317,0.20770146156897445,0.027949836755866108,0.02048522990343997,1d
tree,288,0.6,5.0,valid,-3.037767115666815e-05,0.05071649049582455,-0.000598970292693441,-0.39171066841512614,-0.0009091662457957339,0.11662394727206152,0.23178322958623215,0.026180886122299525,0.03650576255905234,1d
tree,288,0.6,5.0,test,-0.007468759495907694,0.0233360654257463,-0.32005221787163546,-0.3002130144009426,-0.2235512260076481,0.04292906178489703,0.09080091533180779,0.014462242562929061,0.03329083409963131,1d
tree,576,0.6,5.0,train,0.01981011569913573,0.0769936841651369,0.2572953342075017,-0.5296011557501696,1.7787312926240557,0.1414273945015714,0.2745247612363836,0.025691880511396578,0.02048522990343997,1d
tree,576,0.6,5.0,valid,-0.006009747319725097,0.06217967902536888,-0.09665130817534716,-0.5376739942650799,-0.1798643280018547,0.14454412303185646,0.29256682533870376,0.025814719882826805,0.03650576255905234,1d
tree,576,0.6,5.0,test,-0.007738359026938393,0.023400188669639416,-0.330696437374393,-0.341076682233162,-0.23162074621726558,0.042562929061784896,0.08823798627002288,0.01299771167048055,0.03329083409963131,1d
tree,1152,0.6,5.0,train,0.01450096733708673,0.07476258671396051,0.19396021425217685,-0.4495927932589776,1.3020279521598561,0.14673664296829708,0.28633326213651483,0.020992890489122142,0.02048522990343997,1d
tree,1152,0.6,5.0,valid,-0.0019269611524550076,0.061902415306135154,-0.031129013996066584,-0.5221975627218478,-0.057671571587447956,0.16120468692786524,0.3214024166971805,0.024533138044672283,0.03650576255905234,1d
tree,1152,0.6,5.0,test,-0.010247006777582484,0.024203213133876536,-0.42337381904223476,-0.38384491701392354,-0.30670835354818804,0.044393592677345536,0.09446224256292907,0.016842105263157894,0.03329083409963131,1d
tree,-1,0.65,5.0,train,0.02694243684504939,0.07342921502697727,0.36691713012526367,-0.3107887945877257,2.419135569103567,0.12034296524578159,0.23000640771366673,0.019101089311323344,0.02048522990343997,1d
tree,-1,0.65,5.0,valid,0.006351331324647627,0.047385356150163475,0.1340357410107957,-0.2768466602702395,0.19008751613822117,0.09794946905895277,0.19406810692054194,0.020322226290735993,0.03650576255905234,1d
tree,-1,0.65,5.0,test,-0.008002611766282542,0.02136134728179273,-0.3746304790945251,-0.3161920172881898,-0.23953022889489528,0.029107551487414188,0.06260869565217392,0.01391304347826087,0.03329083409963131,1d
tree,288,0.65,5.0,train,0.012520727873061318,0.0639818062324385,0.1956920038733349,-0.36607522098843925,1.1242241495447738,0.09437646843438197,0.18448112775760533,0.027766759222530742,0.02048522990343997,1d
tree,288,0.65,5.0,valid,-0.008917112249780796,0.047254418683383335,-0.18870430529529364,-0.4355298454084562,-0.26687817593590524,0.09831563529842549,0.1992859758330282,0.025448553643354084,0.03650576255905234,1d
tree,288,0.65,5.0,test,-0.004652802789005064,0.022221261428547294,-0.20938517842320523,-0.2280675763918012,-0.13926539854761733,0.035148741418764305,0.07276887871853546,0.012265446224256293,0.03329083409963131,1d
tree,576,0.65,5.0,train,0.01917707441731279,0.07340056537631504,0.2612660313853777,-0.42691016081560385,1.7218911229550593,0.12424861929026942,0.24007567204711194,0.02532572544472584,0.02048522990343997,1d
tree,576,0.65,5.0,valid,-7.774791794795896e-05,0.05832725848362211,-0.0013329602653927245,-0.4405096107312727,-0.0023268993305849417,0.12696814353716587,0.25384474551446357,0.025265470523617724,0.03650576255905234,1d
tree,576,0.65,5.0,test,-0.00673292451568843,0.022346638908439524,-0.3012947290764897,-0.3302494017823643,-0.20152657625724957,0.03679633867276888,0.07505720823798627,0.01208237986270023,0.03329083409963131,1d
tree,1152,0.65,5.0,train,0.01947179292133047,0.06929490751696513,0.2809989019259934,-0.3695346988898167,1.748353614824023,0.13361608641259573,0.25993958441399934,0.021420071400238,0.02048522990343997,1d
tree,1152,0.65,5.0,valid,-0.004334531330696602,0.05765716877126277,-0.07517766520747025,-0.39814937996259525,-0.12972717878501283,0.1434456243134383,0.2867997070670084,0.022702306847308677,0.03650576255905234,1d
tree,1152,0.65,5.0,test,-0.008274640159705537,0.021577959310736434,-0.3834764928668842,-0.3243342370091383,-0.2476724486158438,0.032951945080091534,0.07066361556064073,0.01482837528604119,0.03329083409963131,1d
tree,-1,0.7,5.0,train,0.02694243684504939,0.07342921502697727,0.36691713012526367,-0.3107887945877257,2.419135569103567,0.12034296524578159,0.23000640771366673,0.019101089311323344,0.02048522990343997,1d
tree,-1,0.7,5.0,valid,0.006351331324647627,0.047385356150163475,0.1340357410107957,-0.2768466602702395,0.19008751613822117,0.09794946905895277,0.19406810692054194,0.020322226290735993,0.03650576255905234,1d
tree,-1,0.7,5.0,test,-0.008002611766282542,0.02136134728179273,-0.3746304790945251,-0.3161920172881898,-0.23953022889489528,0.029107551487414188,0.06260869565217392,0.01391304347826087,0.03329083409963131,1d
tree,288,0.7,5.0,train,0.012693395834649197,0.059156577113501765,0.21457285823510036,-0.28512260740855755,1.1397278402437339,0.08162206694535136,0.1579959112684222,0.026302138955847803,0.02048522990343997,1d
tree,288,0.7,5.0,valid,-0.011143047147019865,0.04376936585898735,-0.2545855286759156,-0.44663056561597236,-0.3334976631069726,0.08293665324057121,0.16916880263639691,0.02361772244599048,0.03650576255905234,1d
tree,288,0.7,5.0,test,-0.003465004023703406,0.0206791279859807,-0.16756045158444235,-0.2221695821115699,-0.10371279166838276,0.030938215102974828,0.06334096109839817,0.010983981693363844,0.03329083409963131,1d
tree,576,0.7,5.0,train,0.017422967671885777,0.06924908444065583,0.25159852744070116,-0.40379510639360294,1.5643915603033363,0.1061544564122906,0.20489427272449884,0.02361700180026241,0.02048522990343997,1d
tree,576,0.7,5.0,valid,0.003155179782397746,0.04991697729684604,0.0632085505425246,-0.467997065705164,0.09443064093948772,0.10454046136946174,0.21017942145734164,0.023983888685463202,0.03650576255905234,1d
tree,576,0.7,5.0,test,-0.005438832485849596,0.020389150884591214,-0.26675129909210243,-0.2781439622737304,-0.16279245180248447,0.028924485125858122,0.06032036613272311,0.011899313501144164,0.03329083409963131,1d
tree,1152,0.7,5.0,train,0.015551968822130953,0.0632784376781294,0.24577042975108246,-0.3693091351915121,1.3963963676923408,0.10929728740121442,0.21102737009123362,0.020260580355780673,0.02048522990343997,1d
tree,1152,0.7,5.0,valid,-0.0024076486246928618,0.05151684108827847,-0.04673517579556464,-0.3521886519984643,-0.0720579550031365,0.12019406810692054,0.24112046869278653,0.022885389967045037,0.03650576255905234,1d
tree,1152,0.7,5.0,test,-0.009001289279741307,0.02001532696593077,-0.4497198219675809,-0.34608394012253774,-0.2694221517292432,0.02782608695652174,0.06032036613272311,0.01391304347826087,0.03329083409963131,1d
tree,-1,0.75,5.0,train,0.02694243684504939,0.07342921502697727,0.36691713012526367,-0.3107887945877257,2.419135569103567,0.12034296524578159,0.23000640771366673,0.019101089311323344,0.02048522990343997,1d
tree,-1,0.75,5.0,valid,0.006351331324647627,0.047385356150163475,0.1340357410107957,-0.2768466602702395,0.19008751613822117,0.09794946905895277,0.19406810692054194,0.020322226290735993,0.03650576255905234,1d
tree,-1,0.75,5.0,test,-0.008002611766282542,0.02136134728179273,-0.3746304790945251,-0.3161920172881898,-0.23953022889489528,0.029107551487414188,0.06260869565217392,0.01391304347826087,0.03329083409963131,1d
tree,288,0.75,5.0,train,0.008784791671650777,0.05558178895169616,0.15805161793704187,-0.2718782020347956,0.7887780204246937,0.06767766148964087,0.13148018185701646,0.023494950111372166,0.02048522990343997,1d
tree,288,0.75,5.0,valid,-0.008974203490411125,0.04032249910092645,-0.22256069664603037,-0.453715344345214,-0.26858684638151,0.06682533870377151,0.13758696448187477,0.023068473086781397,0.03650576255905234,1d
tree,288,0.75,5.0,test,-0.004019592907901202,0.01901638458233574,-0.21137524278063818,-0.22889161611736486,-0.12031247265430312,0.02553775743707094,0.052723112128146454,0.010617848970251717,0.03329083409963131,1d
tree,576,0.75,5.0,train,0.020730552142387653,0.06127479544578819,0.33832103382097206,-0.31994905853920885,1.8613763982533622,0.08656516034540628,0.16504439630183382,0.022457510755805085,0.02048522990343997,1d
tree,576,0.75,5.0,valid,-0.0041118055602556184,0.04285583265701058,-0.09594506290809374,-0.4040062551624124,-0.12306127106912979,0.0839436103991212,0.1715488831929696,0.021603808128890515,0.03650576255905234,1d
tree,576,0.75,5.0,test,-0.005608445244401405,0.018888870851517667,-0.2969179729422938,-0.2723628076484391,-0.16786921724680914,0.0259954233409611,0.055011441647597255,0.011533180778032037,0.03329083409963131,1d
tree,1152,0.75,5.0,train,0.017670882019290894,0.06102564046459433,0.2895648760875051,-0.37914215796384165,1.5866515518307596,0.09776340280108627,0.1878985750465322,0.02190827815579898,0.02048522990343997,1d
tree,1152,0.75,5.0,valid,-0.0015951276285079783,0.047634070485933926,-0.03348711567656202,-0.3521886519984643,-0.04774020332553741,0.10728670816550714,0.2140241669718052,0.022702306847308677,0.03650576255905234,1d
tree,1152,0.75,5.0,test,-0.007614507562682217,0.018563540682244955,-0.4101861650759917,-0.3045754736598787,-0.22791368526658418,0.02508009153318078,0.054279176201373,0.012265446224256293,0.03329083409963131,1d
tree,-1,0.8,5.0,train,0.02395728505320957,0.06434541397019235,0.3723231163654903,-0.258238553699788,2.1511016521885993,0.10188264730113203,0.1934214139688158,0.01800262411131114,0.02048522990343997,1d
tree,-1,0.8,5.0,valid,0.002301533894559439,0.042374615149209295,0.05431397751826863,-0.33775827775677514,0.06888207195662277,0.07982424020505309,0.15873306481142438,0.01867447821310875,0.03650576255905234,1d
tree,-1,0.8,5.0,test,-0.008002611766282542,0.02136134728179273,-0.3746304790945251,-0.3161920172881898,-0.23953022889489528,0.029107551487414188,0.06260869565217392,0.01391304347826087,0.03329083409963131,1d
tree,288,0.8,5.0,train,0.008314675135578455,0.05147191602142638,0.16153809258076343,-0.3066314507510086,0.7465667074474358,0.05470966954505233,0.10618496933451317,0.021481097244683122,0.02048522990343997,1d
tree,288,0.8,5.0,valid,-0.011452705054670111,0.038495931453218,-0.2975042977876235,-0.4686270346776129,-0.34276534251292134,0.054650311241303554,0.11369461735627975,0.02380080556572684,0.03650576255905234,1d
tree,288,0.8,5.0,test,-0.004715564127328263,0.017448429977657644,-0.2702572170313573,-0.26262079286952167,-0.14114393997551034,0.018947368421052633,0.038993135011441644,0.010068649885583524,0.03329083409963131,1d
tree,576,0.8,5.0,train,0.016188873740251266,0.054497325719244843,0.2970581313228445,-0.22174452822455493,1.4535834495596127,0.06621304122295792,0.12714734690141274,0.019955451133555062,0.02048522990343997,1d
tree,576,0.8,5.0,valid,-0.0008185153723576918,0.03720308208867169,-0.02200127856092141,-0.3266720168427957,-0.02449715596612445,0.06618454778469425,0.13273526180886122,0.021420725009154155,0.03650576255905234,1d
tree,576,0.8,5.0,test,-0.005462287264421295,0.017791422459004842,-0.30701801820554525,-0.24391810387567314,-0.16349448866795246,0.022608695652173914,0.04897025171624714,0.010434782608695653,0.03329083409963131,1d
tree,1152,0.8,5.0,train,0.014425443482788215,0.056589965435457086,0.25491168569878275,-0.28772451808292865,1.2952467377025334,0.08095078265645501,0.15555487749061728,0.020138528666890428,0.02048522990343997,1d
tree,1152,0.8,5.0,valid,-0.006192054082821206,0.043109883314172884,-0.14363421115513655,-0.3532268783009358,-0.1853205446595585,0.08879531307213474,0.1811607469791285,0.022702306847308677,0.03650576255905234,1d
tree,1152,0.8,5.0,test,-0.00636697697205661,0.018244168977570457,-0.34898695467490065,-0.26723500324183824,-0.19057321484854373,0.02297482837528604,0.049061784897025174,0.011533180778032037,0.03329083409963131,1d
tree,-1,0.6,10.0,train,0.023456488045732873,0.07355399605083855,0.31890161385005344,-0.3457887945877256,2.1061355691035875,0.11997681017911085,0.23000640771366673,0.019101089311323344,0.02048522990343997,1d
tree,-1,0.6,10.0,valid,0.002642525026588307,0.04766866984204519,0.0554352583225958,-0.31317253575633,0.07908751613822096,0.09730867813987551,0.19406810692054194,0.020322226290735993,0.03650576255905234,1d
tree,-1,0.6,10.0,test,-0.010541742201065154,0.021694904280617003,-0.4859086753603942,-0.3856920172881897,-0.31553022889489535,0.02874141876430206,0.06260869565217392,0.01391304347826087,0.03329083409963131,1d
tree,288,0.6,10.0,train,0.007063554468492265,0.0670557078149013,0.10533860127150253,-0.4069731850934326,0.6342297824545122,0.10554419796783938,0.20770146156897445,0.027949836755866108,0.02048522990343997,1d
tree,288,0.6,10.0,valid,-0.004808389388476335,0.05099618898647746,-0.09428919070308106,-0.4367106684151263,-0.14390916624579586,0.11634932259245698,0.23178322958623215,0.026180886122299525,0.03650576255905234,1d
tree,288,0.6,10.0,test,-0.01010811876364225,0.023617198398563303,-0.42799821524373327,-0.3727130144009425,-0.30255122600764817,0.04247139588100687,0.09080091533180779,0.014462242562929061,0.03329083409963131,1d
tree,576,0.6,10.0,train,0.01512134750580585,0.07709554543220085,0.19613775894618743,-0.5656011557501721,1.3577312926240523,0.14087816190156532,0.2745247612363836,0.025691880511396578,0.02048522990343997,1d
tree,576,0.6,10.0,valid,-0.010720933698340993,0.062440117484901136,-0.17169944788994768,-0.5986739942650798,-0.3208643280018548,0.14445258147198828,0.29256682533870376,0.025814719882826805,0.03650576255905234,1d
tree,576,0.6,10.0,test,-0.010110441406801094,0.02365318293694311,-0.4274452801449371,-0.390576682233162,-0.30262074621726565,0.0422883295194508,0.08823798627002288,0.01299771167048055,0.03329083409963131,1d
tree,1152,0.6,10.0,train,0.010669764822821937,0.0748784526034478,0.14249446204942867,-0.48759279325897853,0.9580279521598452,0.14621792329051353,0.28633326213651483,0.020992890489122142,0.02048522990343997,1d
tree,1152,0.6,10.0,valid,-0.006404258845607703,0.06215186490592244,-0.10304210268351002,-0.569197562721848,-0.19167157158744808,0.16083852068839252,0.3214024166971805,0.024533138044672283,0.03650576255905234,1d
tree,1152,0.6,10.0,test,-0.013320690988108801,0.02453270643657909,-0.5429768224938771,-0.46887014194148247,-0.3987083535481881,0.043935926773455376,0.09446224256292907,0.016842105263157894,0.03329083409963131,1d
tree,-1,0.65,10.0,train,0.023456488045732873,0.07355399605083855,0.31890161385005344,-0.3457887945877256,2.1061355691035875,0.11997681017911085,0.23000640771366673,0.019101089311323344,0.02048522990343997,1d
tree,-1,0.65,10.0,valid,0.002642525026588307,0.04766866984204519,0.0554352583225958,-0.31317253575633,0.07908751613822096,0.09730867813987551,0.19406810692054194,0.020322226290735993,0.03650576255905234,1d
tree,-1,0.65,10.0,test,-0.010541742201065154,0.021694904280617003,-0.4859086753603942,-0.3856920172881897,-0.31553022889489535,0.02874141876430206,0.06260869565217392,0.01391304347826087,0.03329083409963131,1d
tree,288,0.65,10.0,train,0.0074532943149494555,0.06411167204944407,0.11625487335911847,-0.4130752209884392,0.6692241495447628,0.0937051841454856,0.18448112775760533,0.027766759222530742,0.02048522990343997,1d
tree,288,0.65,10.0,valid,-0.01356147328969292,0.04755585118828729,-0.28516939452937445,-0.49852984540845624,-0.40587817593590536,0.09804101061882095,0.1992859758330282,0.025448553643354084,0.03650576255905234,1d
tree,288,0.65,10.0,test,-0.0068912467249318396,0.022467500238862993,-0.3067206699306831,-0.28506757639180125,-0.20626539854761738,0.034782608695652174,0.07276887871853546,0.012265446224256293,0.03329083409963131,1d
tree,576,0.65,10.0,train,0.014555129523650321,0.07348193853394526,0.19807764756949797,-0.4619101608156053,1.3068911229550553,0.12379092545693102,0.24007567204711194,0.02532572544472584,0.02048522990343997,1d
tree,576,0.65,10.0,valid,-0.0046886962885081965,0.058574900827163504,-0.08004616691273786,-0.4867315877519818,-0.14032689933058506,0.1267850604174295,0.25384474551446357,0.025265470523617724,0.03650576255905234,1d
tree,576,0.65,10.0,test,-0.008937958840631224,0.02261573341551364,-0.39520977172909555,-0.37874940178236427,-0.2675265762572496,0.036521739130434785,0.07505720823798627,0.01208237986270023,0.03329083409963131,1d
tree,1152,0.65,10.0,train,0.01556262989078703,0.06938783836917227,0.22428469104322493,-0.4075346988898192,1.397353614824019,0.13315839257925732,0.25993958441399934,0.021420071400238,0.02048522990343997,1d
tree,1152,0.65,10.0,valid,-0.00847770233033044,0.057863837465097635,-0.14651123571685043,-0.4391493799625953,-0.25372717878501294,0.14326254119370194,0.2867997070670084,0.022702306847308677,0.03650576255905234,1d
tree,1152,0.65,10.0,test,-0.010980818649408057,0.021909851538999627,-0.5011817916639989,-0.3988342370091382,-0.3286724486158439,0.032494279176201374,0.07066361556064073,0.01482837528604119,0.03329083409963131,1d
tree,-1,0.7,10.0,train,0.023456488045732873,0.07355399605083855,0.31890161385005344,-0.3457887945877256,2.1061355691035875,0.11997681017911085,0.23000640771366673,0.019101089311323344,0.02048522990343997,1d
tree,-1,0.7,10.0,valid,0.002642525026588307,0.04766866984204519,0.0554352583225958,-0.31317253575633,0.07908751613822096,0.09730867813987551,0.19406810692054194,0.020322226290735993,0.03650576255905234,1d
tree,-1,0.7,10.0,test,-0.010541742201065154,0.021694904280617003,-0.4859086753603942,-0.3856920172881897,-0.31553022889489535,0.02874141876430206,0.06260869565217392,0.01391304347826087,0.03329083409963131,1d
tree,288,0.7,10.0,train,0.007893255475206968,0.05928302910863668,0.13314527941449325,-0.3231226074085576,0.7087278402437205,0.08107283434534525,0.1579959112684222,0.026302138955847803,0.02048522990343997,1d
tree,288,0.7,10.0,valid,-0.01545328149341313,0.04407379440291557,-0.35062289741023217,-0.5466305656159726,-0.4624976631069727,0.08275357012083485,0.16916880263639691,0.02361772244599048,0.03650576255905234,1d
tree,288,0.7,10.0,test,-0.005469580682742309,0.02093270802797049,-0.2612935065751551,-0.2623595999721948,-0.16371279166838282,0.0305720823798627,0.06334096109839817,0.010983981693363844,0.03329083409963131,1d
tree,576,0.7,10.0,train,0.013112864843337887,0.06934004968147521,0.18910953919955298,-0.44079510639360553,1.1773915603033283,0.10572727550117475,0.20489427272449884,0.02361700180026241,0.02048522990343997,1d
tree,576,0.7,10.0,valid,-0.0012218799026992907,0.05020797103951038,-0.024336372838841693,-0.5139970657051642,-0.03656935906051251,0.10435737824972538,0.21017942145734164,0.023983888685463202,0.03650576255905234,1d
tree,576,0.7,10.0,test,-0.007610457199808407,0.02067412220015558,-0.3681151308930125,-0.3266439622737305,-0.22779245180248453,0.028649885583524028,0.06032036613272311,0.011899313501144164,0.03329083409963131,1d
tree,1152,0.7,10.0,train,0.011854412907200977,0.06335729342278941,0.18710415591927707,-0.40730913519151457,1.064396367692324,0.10893113233454368,0.21102737009123362,0.020260580355780673,0.02048522990343997,1d
tree,1152,0.7,10.0,valid,-0.006584232293678585,0.051734571292432925,-0.1272694859393112,-0.3911886519984643,-0.1970579550031366,0.12001098498718418,0.24112046869278653,0.022885389967045037,0.03650576255905234,1d
tree,1152,0.7,10.0,test,-0.011540419714523917,0.020363114364125766,-0.5667315670954035,-0.41558394012253763,-0.3454221517292433,0.02745995423340961,0.06032036613272311,0.01391304347826087,0.03329083409963131,1d
tree,-1,0.75,10.0,train,0.023456488045732873,0.07355399605083855,0.31890161385005344,-0.3457887945877256,2.1061355691035875,0.11997681017911085,0.23000640771366673,0.019101089311323344,0.02048522990343997,1d
tree,-1,0.75,10.0,valid,0.002642525026588307,0.04766866984204519,0.0554352583225958,-0.31317253575633,0.07908751613822096,0.09730867813987551,0.19406810692054194,0.020322226290735993,0.03650576255905234,1d
tree,-1,0.75,10.0,test,-0.010541742201065154,0.021694904280617003,-0.4859086753603942,-0.3856920172881897,-0.31553022889489535,0.02874141876430206,0.06260869565217392,0.01391304347826087,0.03329083409963131,1d
tree,288,0.75,10.0,train,0.004496963276325355,0.055687833250284854,0.0807530660443204,-0.3068782020347959,0.40377802042468725,0.06725048057852501,0.13148018185701646,0.023494950111372166,0.02048522990343997,1d
tree,288,0.75,10.0,valid,-0.013184199828748733,0.040626409673018685,-0.32452288880217706,-0.5250479881652743,-0.3945868463815101,0.06636763090443061,0.13758696448187477,0.023068473086781397,0.03650576255905234,1d
tree,288,0.75,10.0,test,-0.005957350344972142,0.019263031609744564,-0.3092633841683832,-0.2762777516590853,-0.17831247265430317,0.02517162471395881,0.052723112128146454,0.010617848970251717,0.03329083409963131,1d
tree,576,0.75,10.0,train,0.016632056429453226,0.06134855389799309,0.27110755466393016,-0.3519490585392111,1.493376398253357,0.08598541482317762,0.16504439630183382,0.022457510755805085,0.02048522990343997,1d
tree,576,0.75,10.0,valid,-0.00805450054377814,0.04313167826502629,-0.18674210853300377,-0.43800625516241254,-0.2410612710691299,0.08376052727938484,0.1715488831929696,0.021603808128890515,0.03650576255905234,1d
tree,576,0.75,10.0,test,-0.007713250736392252,0.019195292318312185,-0.4018303346718956,-0.3208628076484392,-0.2308692172468092,0.025720823798627,0.055011441647597255,0.011533180778032037,0.03329083409963131,1d
tree,1152,0.75,10.0,train,0.013672621255857572,0.06110088513447635,0.2237712469429147,-0.4218163912877593,1.2276515518307516,0.09724468312330271,0.1878985750465322,0.02190827815579898,0.02048522990343997,1d
tree,1152,0.75,10.0,valid,-0.005738298628141814,0.04785917000751043,-0.11989966869967272,-0.3911886519984644,-0.17174020332553752,0.1070120834859026,0.2140241669718052,0.022702306847308677,0.03650576255905234,1d
tree,1152,0.75,10.0,test,-0.009852951498608993,0.018890527358745048,-0.5215816007406345,-0.3650754736598786,-0.29491368526658424,0.02480549199084668,0.054279176201373,0.012265446224256293,0.03329083409963131,1d
tree,-1,0.8,10.0,train,0.020671806152895284,0.06436528815815033,0.321163887313036,-0.289238553699788,1.856101652188615,0.10148597931223874,0.1934214139688158,0.01800262411131114,0.02048522990343997,1d
tree,-1,0.8,10.0,valid,-0.0011065583793329107,0.04257984116998428,-0.025987846570760687,-0.37559558600768816,-0.03311792804337732,0.07964115708531673,0.15873306481142438,0.01867447821310875,0.03650576255905234,1d
tree,-1,0.8,10.0,test,-0.010541742201065154,0.021694904280617003,-0.4859086753603942,-0.3856920172881897,-0.31553022889489535,0.02874141876430206,0.06260869565217392,0.01391304347826087,0.03329083409963131,1d
tree,288,0.8,10.0,train,0.004394374888423782,0.05155974490999933,0.08522879420940563,-0.34000067330299566,0.3945667074474317,0.054313001556159035,0.10618496933451317,0.021481097244683122,0.02048522990343997,1d
tree,288,0.8,10.0,valid,-0.015796352070415264,0.0388275564034997,-0.40683353611692824,-0.5626246682867005,-0.47276534251292146,0.05437568656169901,0.11369461735627975,0.02380080556572684,0.03650576255905234,1d
tree,288,0.8,10.0,test,-0.006553092731447258,0.017721418128379494,-0.36978376583491257,-0.3076207928695215,-0.19614393997551038,0.018581235697940502,0.038993135011441644,0.010068649885583524,0.03329083409963131,1d
tree,576,0.8,10.0,train,0.012547003908377468,0.05456095452444412,0.22996305724006758,-0.2557445282245552,1.1265834495596025,0.06572483446739694,0.12714734690141274,0.019955451133555062,0.02048522990343997,1d
tree,576,0.8,10.0,valid,-0.004727797686528328,0.03746507441295826,-0.1261921338902532,-0.3626720168427957,-0.14149715596612455,0.06600146466495789,0.13273526180886122,0.021420725009154155,0.03650576255905234,1d
tree,576,0.8,10.0,test,-0.0073666350905082535,0.0180880813115845,-0.40726459393956266,-0.29065627706124686,-0.22049448866795252,0.022334096109839816,0.04897025171624714,0.010434782608695653,0.03329083409963131,1d
tree,1152,0.8,10.0,train,0.01075016200108071,0.05664720660894085,0.1897739119828721,-0.32939875140684594,0.9652467377025162,0.08052360174533915,0.15555487749061728,0.020138528666890428,0.02048522990343997,1d
tree,1152,0.8,10.0,valid,-0.010335225082455043,0.04335790225876265,-0.23837004430642836,-0.44772687830093605,-0.3093205446595586,0.08861222995239838,0.1811607469791285,0.022702306847308677,0.03650576255905234,1d
tree,1152,0.8,10.0,test,-0.008471782464047459,0.018565437554516562,-0.45632010768237785,-0.3237350032418381,-0.2535732148485438,0.022700228832951946,0.049061784897025174,0.011533180778032037,0.03329083409963131,1d
equal_weight,-1,0.6,2.0,train,0.003915573167917836,0.04623186868244991,0.08469424402488467,-0.4845000237025108,2.4612389339723433,0.3917273450406902,0.7999755246894695,0.11264761671663709,0.1514236923705428,1w
equal_weight,-1,0.6,2.0,valid,0.0011392094502667063,0.037016173827800654,0.030775991477841873,-0.3386126728374128,0.23870819557896383,0.3669236417033774,0.7617474302496329,0.13775697503671072,0.17086047860996464,1w
equal_weight,-1,0.6,2.0,test,-0.0006862107217148848,0.029675155234067777,-0.023124081956851863,-0.4702752492665565,-0.14378753891931806,0.3634361233480176,0.751101321585903,0.13362701908957417,0.1830820966437897,1w
equal_weight,288,0.6,2.0,train,0.0018992909036560444,0.04626731978368731,0.041050376648912486,-0.5253822086611926,1.1938504322481802,0.3879642660466255,0.8109894144281956,0.16921617818026066,0.1514236923705428,1w
equal_weight,288,0.6,2.0,valid,-0.0014117696260312412,0.03760008451227876,-0.037546980128999735,-0.48035016913323236,-0.2958200354853153,0.38472834067547723,0.8106644640234949,0.17667033773861968,0.17086047860996464,1w
equal_weight,288,0.6,2.0,test,-0.0001809090558081663,0.02949684039706587,-0.006133167260387719,-0.4407971301744238,-0.03790740523241376,0.3907856093979442,0.8037812041116006,0.17593612334801761,0.1830820966437897,1w
equal_weight,576,0.6,2.0,train,0.001955653664469551,0.04649494030247644,0.04206164481009964,-0.6508148247065888,1.2292787630164477,0.3944808174753717,0.8186379489689776,0.15257296701951906,0.1514236923705428,1w
equal_weight,576,0.6,2.0,valid,0.0004357108572111863,0.03826394533754428,0.011386982010547416,-0.3874204547651581,0.09129818269563672,0.38509544787077826,0.808186490455213,0.16106828193832598,0.17086047860996464,1w
equal_weight,576,0.6,2.0,test,-0.0011522103389625129,0.02961259031976332,-0.038909474872704145,-0.5978820997941517,-0.24143238179488624,0.3869309838472834,0.8012114537444934,0.17079662261380324,0.1830820966437897,1w
equal_weight,1152,0.6,2.0,train,0.002073278622711028,0.04602909119798779,0.04504278856588991,-0.6481333230062887,1.303215097344927,0.3977543902588264,0.819463990699382,0.1348895551612311,0.1514236923705428,1w
equal_weight,1152,0.6,2.0,valid,0.0004013629840481664,0.038291473003674574,0.010481784913566796,-0.4935029118769585,0.08410098219594175,0.3958333333333333,0.8226872246696035,0.1428964757709251,0.17086047860996464,1w
equal_weight,1152,0.6,2.0,test,-0.0006877759928851234,0.030010283271897246,-0.022918010691661234,-0.5939126838734858,-0.1441155234322229,0.39005139500734215,0.8113069016152716,0.16327092511013216,0.1830820966437897,1w
equal_weight,-1,0.65,2.0,train,0.0038556268496828558,0.04417092259357601,0.08728880048893518,-0.4759934631590004,2.423558061706411,0.3427155357033592,0.6999938811723674,0.10885394358440922,0.1514236923705428,1w
equal_weight,-1,0.65,2.0,valid,0.0005978216124519383,0.034795165006389135,0.017181169060188836,-0.314239124138324,0.12526662094762098,0.3113986784140969,0.6452826725403817,0.12674375917767988,0.17086047860996464,1w
equal_weight,-1,0.65,2.0,test,-0.0015807780415554187,0.02773126863145607,-0.057003452044105694,-0.6203165386779359,-0.33123379886128335,0.3039647577092511,0.6328010279001468,0.1305066079295154,0.1830820966437897,1w
equal_weight,288,0.65,2.0,train,0.0018721024624025714,0.044474780092281896,0.0420935743474863,-0.5652199788119678,1.176760405501811,0.3424707825980542,0.7185951171755491,0.1633421036529401,0.1514236923705428,1w
equal_weight,288,0.65,2.0,valid,-0.0019219793618632177,0.03578827829199755,-0.05370415827723633,-0.508212367389165,-0.40272859859349097,0.3398494860499266,0.7180616740088106,0.1741005873715125,0.17086047860996464,1w
equal_weight,288,0.65,2.0,test,0.00021466854884429778,0.027835390029279556,0.007712072603203753,-0.3695710031072986,0.04498131746552714,0.3415014684287812,0.7038362701908958,0.16694199706314244,0.1830820966437897,1w
equal_weight,576,0.65,2.0,train,0.002303248536503527,0.044672318722077164,0.05155874157401317,-0.5351887053903588,1.4477688781568712,0.35183258887597135,0.7316282200330416,0.14590344489995716,0.1514236923705428,1w
equal_weight,576,0.65,2.0,valid,-5.833460011666234e-05,0.0362111475289906,-0.0016109569593164572,-0.35452207538399827,-0.01222334236290934,0.3408590308370044,0.7173274596182085,0.15170704845814978,0.17086047860996464,1w
equal_weight,576,0.65,2.0,test,-0.00047055048367393735,0.028160239670792574,-0.016709747117741546,-0.49075163358207763,-0.09859842442521305,0.33792217327459617,0.7015418502202643,0.16675844346549193,0.1830820966437897,1w
equal_weight,1152,0.65,2.0,train,0.0017426420747318628,0.044134660114554726,0.03948466058668421,-0.5314573875541113,1.0953845933594053,0.3528727895735177,0.7293030655326439,0.13342103652940096,0.1514236923705428,1w
equal_weight,1152,0.65,2.0,valid,0.00016755004513919366,0.03651657632150055,0.004588328425535942,-0.3709363514099612,0.03510817868916449,0.3496696035242291,0.7301762114537445,0.1373898678414097,0.17086047860996464,1w
equal_weight,1152,0.65,2.0,test,-0.0003690315600149297,0.028461440853962537,-0.012966018196635022,-0.5427345917887969,-0.07732630534465867,0.3437958883994126,0.7138399412628488,0.1573972099853157,0.1830820966437897,1w
equal_weight,-1,0.7,2.0,train,0.0033189922648770203,0.04210541406888918,0.0788257837684906,-0.4380149753923961,2.0862419455725436,0.2928164963592976,0.6000122376552652,0.10034877317505966,0.1514236923705428,1w
equal_weight,-1,0.7,2.0,valid,-0.0005745183550710655,0.03255663673865264,-0.01764673543164158,-0.30424609263970037,-0.12038369224720302,0.25504772393538916,0.5306534508076358,0.11756607929515418,0.17086047860996464,1w
equal_weight,-1,0.7,2.0,test,-0.00151490670726601,0.02582562448042401,-0.058659054243366655,-0.5700840052986312,-0.31743122081479747,0.24587004405286345,0.5146842878120411,0.11912628487518355,0.1830820966437897,1w
equal_weight,288,0.7,2.0,train,0.0017900989175792844,0.04201240288280306,0.042608820128020475,-0.8061607148399386,1.1252148696153865,0.29532521568867404,0.6237226947316894,0.15388851496053357,0.1514236923705428,1w
equal_weight,288,0.7,2.0,valid,-0.0017896020128099963,0.0336911922513972,-0.05311780003083091,-0.569435551681355,-0.3749904525303416,0.2947870778267254,0.6221549192364171,0.16106828193832598,0.17086047860996464,1w
equal_weight,288,0.7,2.0,test,0.0002133188215831786,0.02639690651713259,0.00808120532778061,-0.26601205694711405,0.04469849769173151,0.29634728340675476,0.6127936857562408,0.15831497797356828,0.1830820966437897,1w
equal_weight,576,0.7,2.0,train,0.002058765654804871,0.042351704828339554,0.048611163662702246,-0.5568202237532378,1.2940925806337518,0.30747108853943583,0.6424463072875237,0.1396010524383528,0.1514236923705428,1w
equal_weight,576,0.7,2.0,valid,-0.0010452615380781368,0.034592365904124824,-0.030216537977632196,-0.4641153586565592,-0.21902249459422363,0.2966226138032305,0.6287628487518355,0.14748531571218795,0.17086047860996464,1w
equal_weight,576,0.7,2.0,test,0.0007034363421799503,0.026503939273221633,0.02654082228790307,-0.309280791713459,0.1473969689306247,0.29194199706314244,0.6012298091042585,0.15005506607929514,0.1830820966437897,1w
equal_weight,1152,0.7,2.0,train,0.001104785706972414,0.04194533912958648,0.02633870007724278,-0.5290538504365376,0.6944428003481464,0.30670623508535766,0.6374594627669339,0.12540537233066146,0.1514236923705428,1w
equal_weight,1152,0.7,2.0,valid,0.0001877802708635759,0.03495884757049043,0.005371466278599114,-0.4054600263551593,0.0393471890640249,0.3059838472834068,0.6429882525697503,0.13059838472834068,0.17086047860996464,1w
equal_weight,1152,0.7,2.0,test,0.0005444015645588735,0.0271970038073685,0.020016968354851592,-0.34253298335667104,0.11407306629679725,0.30130323054331865,0.6233480176211453,0.14473201174743025,0.1830820966437897,1w
equal_weight,-1,0.75,2.0,train,0.0021686120909023463,0.03984930850234709,0.05442031925785154,-0.5233040239807263,1.3631395154468517,0.24371290460747722,0.5000305941381631,0.09673866487181056,0.1514236923705428,1w
equal_weight,-1,0.75,2.0,valid,-0.0004105215199667377,0.029823172414187315,-0.013765186153416953,-0.3440095543913815,-0.08602004772226257,0.20383627019089573,0.42465124816446403,0.10416666666666667,0.17086047860996464,1w
equal_weight,-1,0.75,2.0,test,-0.0006412644374266742,0.024066587839638248,-0.026645424008570767,-0.338546233409699,-0.13436956365771358,0.19309838472834068,0.4040932452276065,0.09820117474302496,0.1830820966437897,1w
equal_weight,288,0.75,2.0,train,0.0009164903240500119,0.03941304534269015,0.023253476509649904,-0.7152207799206228,0.5760846679211764,0.24888331395704583,0.529156213669461,0.14501621489322647,0.1514236923705428,1w
equal_weight,288,0.75,2.0,valid,-0.001481140784413129,0.03156690522023122,-0.04692068399102571,-0.5485262572855449,-0.31035596128779974,0.25,0.5291850220264317,0.15308370044052863,0.17086047860996464,1w
equal_weight,288,0.75,2.0,test,-0.0006212556132987198,0.024420275147040645,-0.02544015616359696,-0.3305720310879201,-0.1301769454327526,0.24651248164464024,0.5179882525697503,0.14950440528634362,0.1830820966437897,1w
equal_weight,576,0.75,2.0,train,0.002188575434318558,0.03994540638791176,0.054789164317548725,-0.5960519137814813,1.3756880124257562,0.26307899406473717,0.5491953741663097,0.12965795753533624,0.1514236923705428,1w
equal_weight,576,0.75,2.0,valid,-0.0009741506346168198,0.032395804803658085,-0.030070271151492436,-0.5183460822786516,-0.20412202528432855,0.24963289280469897,0.5312958883994127,0.13582966226138032,0.17086047860996464,1w
equal_weight,576,0.75,2.0,test,0.0012398538582657152,0.024897145748850266,0.0497990360329947,-0.23410093084314054,0.25979706999352015,0.246420704845815,0.5084434654919237,0.13280102790014683,0.1830820966437897,1w
equal_weight,1152,0.75,2.0,train,0.0015986481833445332,0.039483357445315004,0.04048916522761984,-0.6158530869279537,1.0048733561692877,0.2633849354463685,0.5471761610475433,0.11567643639478675,0.1514236923705428,1w
equal_weight,1152,0.75,2.0,valid,0.0008149608374078001,0.03288518984573061,0.02478200190514041,-0.3681998189758269,0.1707656400845292,0.260003671071953,0.5477239353891337,0.12362334801762115,0.17086047860996464,1w
equal_weight,1152,0.75,2.0,test,5.9819942297682615e-05,0.025555309823767598,0.0023408028589834333,-0.35504903650716035,0.012534578678374375,0.25367107195301025,0.526431718061674,0.13555433186490456,0.1830820966437897,1w
equal_weight,-1,0.8,2.0,train,0.0020028500246000577,0.03694904752212198,0.05420572812874052,-0.47939258548055497,1.2589453058476874,0.1943339656121887,0.39998776234473477,0.08615309306736829,0.1514236923705428,1w
equal_weight,-1,0.8,2.0,valid,0.0005694886237081979,0.026950113286575754,0.021131214464759542,-0.31539585855200447,0.11932977007547252,0.1584985315712188,0.326082966226138,0.08232378854625551,0.17086047860996464,1w
equal_weight,-1,0.8,2.0,test,0.0012033084040361144,0.0220616310472654,0.05454303906443344,-0.22367541626372955,0.2521393917380257,0.1459251101321586,0.3022209985315712,0.0802129221732746,0.1830820966437897,1w
equal_weight,288,0.8,2.0,train,0.0016749994292129548,0.03681031570198184,0.04550353337835606,-0.5472576121222374,1.0528659873703483,0.2048277550021416,0.4355381508902894,0.12959676925900998,0.1514236923705428,1w
equal_weight,288,0.8,2.0,valid,-0.00012095781310012683,0.029519534852992926,-0.004097551458805021,-0.3789872503911522,-0.025345314068062064,0.20255139500734215,0.43034140969163,0.13601321585903084,0.17086047860996464,1w
equal_weight,288,0.8,2.0,test,-3.8923445321410464e-05,0.0224258532580849,-0.0017356505847721938,-0.23840618550168013,-0.008155958850426304,0.20062408223201175,0.42309104258443464,0.1280286343612335,0.1830820966437897,1w
equal_weight,576,0.8,2.0,train,0.001562670841923935,0.03747260845623101,0.04170168307736505,-0.4664246803610368,0.9822588295986345,0.21443431438536376,0.4505292785902221,0.121948234718228,0.1514236923705428,1w
equal_weight,576,0.8,2.0,valid,-0.0003792141812547163,0.03027057178186445,-0.01252748656310183,-0.5635531936516965,-0.07945995613368528,0.2064977973568282,0.4359397944199706,0.12151248164464024,0.17086047860996464,1w
equal_weight,576,0.8,2.0,test,9.819119153448168e-06,0.023049522176952927,0.0004260009850992158,-0.2886763244396018,0.0020574831210720124,0.2000734214390602,0.4188693098384728,0.12417400881057268,0.1830820966437897,1w
equal_weight,1152,0.8,2.0,train,0.001882799624153834,0.03682602440485215,0.051126877108834984,-0.6109213526173172,1.1834843945210545,0.2181056109649391,0.4536804748210243,0.10588631218258582,0.1514236923705428,1w
equal_weight,1152,0.8,2.0,valid,7.683638764285927e-05,0.030698046220883644,0.002502973221487564,-0.30933160832677187,0.016100178456853298,0.21227973568281938,0.450715859030837,0.11187591776798825,0.17086047860996464,1w
equal_weight,1152,0.8,2.0,test,0.0008478033093384484,0.023621212928576715,0.035891607763832656,-0.2944489484249859,0.17764740112599164,0.20613069016152716,0.42887298091042586,0.11692364170337739,0.1830820966437897,1w
equal_weight,-1,0.6,5.0,train,0.002158270347138294,0.046349695132316605,0.04656493081512145,-0.5716020592272453,1.3566389339724907,0.3903812029615126,0.7999755246894695,0.11264761671663709,0.1514236923705428,1w
equal_weight,-1,0.6,5.0,valid,-0.0010097993603059854,0.03715990532929698,-0.027174433071277405,-0.43237909061125124,-0.21159180442103875,0.36481277533039647,0.7617474302496329,0.13775697503671072,0.17086047860996464,1w
equal_weight,-1,0.6,5.0,test,-0.0027693605014505714,0.029820178973136862,-0.09286867473013208,-0.7996752492665525,-0.5802875389193014,0.36104992657856094,0.751101321585903,0.13362701908957417,0.1830820966437897,1w
equal_weight,288,0.6,5.0,train,-0.000740481475956027,0.04645583566623583,-0.015939471658115278,-1.249930128938815,-0.4654495677518776,0.3853025760264333,0.8109894144281956,0.16921617818026066,0.1514236923705428,1w
equal_weight,288,0.6,5.0,valid,-0.00416639517669204,0.037806429523943176,-0.11020334977820166,-0.9111756475892001,-0.8730200354852871,0.38188325991189426,0.8106644640234949,0.17667033773861968,0.17086047860996464,1w
equal_weight,288,0.6,5.0,test,-0.0029240808619755716,0.02971823764665348,-0.0983934813612626,-0.8601971301744162,-0.6127074052323837,0.388215859030837,0.8037812041116006,0.17593612334801761,0.1830820966437897,1w
equal_weight,576,0.6,5.0,train,-0.00042448462103495104,0.04666234585034255,-0.009096941298158821,-1.0868748291553407,-0.2668212369836216,0.3923086336657896,0.8186379489689776,0.15257296701951906,0.1514236923705428,1w
equal_weight,576,0.6,5.0,valid,-0.00207552262296503,0.03844682947580956,-0.05398423358344626,-0.5260204547651597,-0.4349018173043647,0.3827092511013216,0.808186490455213,0.16106828193832598,0.17086047860996464,1w
equal_weight,576,0.6,5.0,test,-0.003815205933676173,0.02981896773683592,-0.12794560721708614,-1.0064820997941377,-0.799432381794861,0.3837187958883994,0.8012114537444934,0.17079662261380324,0.1830820966437897,1w
equal_weight,1152,0.6,5.0,train,-3.0998437804181793e-05,0.04617717788067957,-0.0006712934663153478,-0.8285367321648975,-0.01948490265514402,0.39604111852169127,0.819463990699382,0.1348895551612311,0.1514236923705428,1w
equal_weight,1152,0.6,5.0,valid,-0.0018263903199165965,0.038457400457318484,-0.04749125781248775,-0.6099029118769624,-0.38269901780406224,0.3941813509544787,0.8226872246696035,0.1428964757709251,0.17086047860996464,1w
equal_weight,1152,0.6,5.0,test,-0.003233370706541515,0.030205159189903397,-0.1070469679107775,-0.9965126838734722,-0.6775155234321925,0.38729809104258445,0.8113069016152716,0.16327092511013216,0.1830820966437897,1w
equal_weight,-1,0.65,5.0,train,0.0021575053297660687,0.044281972770483694,0.04872197860173388,-0.617565866309342,1.3561580617065463,0.3412470170715291,0.6999938811723674,0.10885394358440922,0.1514236923705428,1w
equal_weight,-1,0.65,5.0,valid,-0.001379381030719872,0.03493867034714783,-0.03948006655703988,-0.40243912413832517,-0.28903337905237936,0.309654919236417,0.6452826725403817,0.12674375917767988,0.17086047860996464,1w
equal_weight,-1,0.65,5.0,test,-0.0036152494071941886,0.027870096289693426,-0.1297178656871428,-0.937648013990424,-0.7575337988612643,0.30176211453744495,0.6328010279001468,0.1305066079295154,0.1830820966437897,1w
equal_weight,288,0.65,5.0,train,-0.0006760343545832994,0.044647364437475454,-0.01514164079113838,-0.9428005486089364,-0.4249395944982477,0.3396255277488833,0.7185951171755491,0.1633421036529401,0.1514236923705428,1w
equal_weight,288,0.65,5.0,valid,-0.004636516806797144,0.035981187191469526,-0.12885947264953995,-1.011164703337334,-0.9715285985934601,0.3374632892804699,0.7180616740088106,0.1741005873715125,0.17086047860996464,1w
equal_weight,288,0.65,5.0,test,-0.0023881948872790538,0.028022806701010126,-0.08522325806832788,-0.7406407656837853,-0.5004186825344475,0.33856461086637296,0.7038362701908958,0.16694199706314244,0.1830820966437897,1w
equal_weight,576,0.65,5.0,train,2.715479606419007e-05,0.04482596389414283,0.0006057827585886724,-0.9564731862729343,0.017068878156814016,0.3498133757572049,0.7316282200330416,0.14590344489995716,0.1514236923705428,1w
equal_weight,576,0.65,5.0,valid,-0.0024235328380021307,0.03637572305357901,-0.06662500796018347,-0.550365253525461,-0.5078233423629044,0.3388399412628488,0.7173274596182085,0.15170704845814978,0.17086047860996464,1w
equal_weight,576,0.65,5.0,test,-0.003070550483673941,0.028351963637756696,-0.10830115765191119,-0.8933516335820597,-0.6433984244251764,0.33480176211453744,0.7015418502202643,0.16675844346549193,0.1830820966437897,1w
equal_weight,1152,0.65,5.0,train,-0.00033872609512679687,0.04427257256618866,-0.00765092416123758,-0.8704201025477843,-0.21291540664066255,0.3513430826653613,0.7293030655326439,0.13342103652940096,0.1514236923705428,1w
equal_weight,1152,0.65,5.0,valid,-0.0019743001751251284,0.03666639089208545,-0.053844955205320934,-0.46896185603735185,-0.4136918213108346,0.3479258443465492,0.7301762114537445,0.1373898678414097,0.17086047860996464,1w
equal_weight,1152,0.65,5.0,test,-0.0028229963177241846,0.028642593493719528,-0.09855938214335179,-0.924334591788784,-0.591526305344627,0.34140969162995594,0.7138399412628488,0.1573972099853157,0.1830820966437897,1w
equal_weight,-1,0.7,5.0,train,0.0017535514033460862,0.042214326649770074,0.04153924846165081,-0.6123392901329789,1.102241945572617,0.29159273083277243,0.6000122376552652,0.10034877317505966,0.1514236923705428,1w
equal_weight,-1,0.7,5.0,valid,-0.002408549192075474,0.03269909617207671,-0.07365797450182268,-0.5358556612485439,-0.5046836922471981,0.2533039647577093,0.5306534508076358,0.11756607929515418,0.17086047860996464,1w
equal_weight,-1,0.7,5.0,test,-0.0033718450332572026,0.025964000760481432,-0.1298661583152211,-0.8436916636263575,-0.7065312208147845,0.24458516886930984,0.5146842878120411,0.11912628487518355,0.1830820966437897,1w
equal_weight,288,0.7,5.0,train,-0.0006105619158050445,0.042178011308600834,-0.014475834608175095,-1.153184336970286,-0.38378513038468176,0.2932754084317445,0.6237226947316894,0.15388851496053357,0.1514236923705428,1w
equal_weight,288,0.7,5.0,valid,-0.004302267211047886,0.03387274878809472,-0.1270126389199334,-0.9457210729077472,-0.9014904525303238,0.2935022026431718,0.6221549192364171,0.16106828193832598,0.17086047860996464,1w
equal_weight,288,0.7,5.0,test,-0.002254963116742816,0.026573985917711523,-0.08485603641566944,-0.6226627340264206,-0.47250150230825716,0.2939610866372981,0.6127936857562408,0.15831497797356828,0.1830820966437897,1w
equal_weight,576,0.7,5.0,train,-0.00011901076323343774,0.04249334366105123,-0.0028006918961879963,-0.8793374037424149,-0.07480741936631052,0.30536009300618,0.6424463072875237,0.1396010524383528,0.1514236923705428,1w
equal_weight,576,0.7,5.0,valid,-0.003344600745126599,0.03475671702616694,-0.09622890282211012,-0.7431548615379262,-0.7008224945942094,0.2949706314243759,0.6287628487518355,0.14748531571218795,0.17086047860996464,1w
equal_weight,576,0.7,5.0,test,-0.001635990970595383,0.026671902229804388,-0.061337618760736644,-0.6484342629488583,-0.3428030310693656,0.28918869309838474,0.6012298091042585,0.15005506607929514,0.1830820966437897,1w
equal_weight,1152,0.7,5.0,train,-0.0008515381013859088,0.04207976478829158,-0.020236284724263563,-1.0092087909538932,-0.5352571996518797,0.3048093985192437,0.6374594627669339,0.12540537233066146,0.1514236923705428,1w
equal_weight,1152,0.7,5.0,valid,-0.0018481228128368688,0.03510429523426411,-0.05264662915189304,-0.6034600263551592,-0.38725281093597164,0.3044236417033774,0.6429882525697503,0.13059838472834068,0.17086047860996464,1w
equal_weight,1152,0.7,5.0,test,-0.0017119861006393675,0.02736450061221434,-0.06256230014573005,-0.6583930540374295,-0.35872693370319453,0.29873348017621143,0.6233480176211453,0.14473201174743025,0.1830820966437897,1w
equal_weight,-1,0.75,5.0,train,0.0006594889189020986,0.039964673962688185,0.016501796549568015,-0.8785040239807307,0.41453951544682655,0.24245854494278896,0.5000305941381631,0.09673866487181056,0.1514236923705428,1w
equal_weight,-1,0.75,5.0,valid,-0.002035521519966741,0.029953076053713404,-0.06795701103674756,-0.528398107306969,-0.4265200477222617,0.20291850220264318,0.42465124816446403,0.10416666666666667,0.17086047860996464,1w
equal_weight,-1,0.75,5.0,test,-0.002171771045356192,0.024199679594727356,-0.08974379337771808,-0.5736250566151699,-0.45506956365770757,0.19181350954478707,0.4040932452276065,0.09820117474302496,0.1830820966437897,1w
equal_weight,288,0.75,5.0,train,-0.0013457626282843255,0.03957256024600554,-0.0340074693150582,-1.2658879594098111,-0.8459153320787667,0.24664994187113748,0.529156213669461,0.14501621489322647,0.1514236923705428,1w
equal_weight,288,0.75,5.0,valid,-0.00386924651128538,0.03174229580147698,-0.12189561005556955,-0.8599919765049362,-0.8107559612877853,0.24843979441997063,0.5291850220264317,0.15308370044052863,0.17086047860996464,1w
equal_weight,288,0.75,5.0,test,-0.0029535243357656834,0.02459861926497252,-0.12006870401752133,-0.7222707360200807,-0.6188769454327235,0.24467694566813508,0.5179882525697503,0.14950440528634362,0.1830820966437897,1w
equal_weight,576,0.75,5.0,train,0.00016591129676730805,0.04008456257997501,0.0041390322380664354,-0.7502762911882117,0.10428801242569774,0.26127393991311265,0.5491953741663097,0.12965795753533624,0.1514236923705428,1w
equal_weight,576,0.75,5.0,valid,-0.0030930933658943577,0.03255950421793334,-0.09499817150749866,-0.7296401307682883,-0.6481220252843181,0.24825624082232012,0.5312958883994127,0.13582966226138032,0.17086047860996464,1w
equal_weight,576,0.75,5.0,test,-0.000831842176976579,0.02506441724679291,-0.03318817145381732,-0.4141669693992036,-0.17430293000647712,0.24522760646108663,0.5084434654919237,0.13280102790014683,0.1830820966437897,1w
equal_weight,1152,0.75,5.0,train,-0.00020590422441414417,0.03961049719922496,-0.005198223677388554,-0.8736092419213806,-0.12942664383078284,0.2617634461237227,0.5471761610475433,0.11567643639478675,0.1514236923705428,1w
equal_weight,1152,0.75,5.0,valid,-0.001112131673605419,0.03302450979200119,-0.03367594797348927,-0.5033632804600418,-0.23303435991547394,0.2580763582966226,0.5477239353891337,0.12362334801762115,0.17086047860996464,1w
equal_weight,1152,0.75,5.0,test,-0.0020533959167331577,0.025720730696887434,-0.07983427613048517,-0.58312785187376,-0.43026542132161905,0.2516519823788546,0.526431718061674,0.13555433186490456,0.1830820966437897,1w
equal_weight,-1,0.8,5.0,train,0.0006588617727491096,0.037051960623000424,0.017782102800252726,-0.7835925854805557,0.4141453058476696,0.19317138836198985,0.39998776234473477,0.08615309306736829,0.1514236923705428,1w
equal_weight,-1,0.8,5.0,valid,-0.000714762477613391,0.027077543416215176,-0.026396873107231766,-0.4479958585520065,-0.14977022992452893,0.1576725403817915,0.326082966226138,0.08232378854625551,0.17086047860996464,1w
equal_weight,-1,0.8,5.0,test,-4.6581463805297194e-05,0.022174091771282604,-0.0021007157490718193,-0.3254563002657038,-0.009760608261971448,0.144640234948605,0.3022209985315712,0.0802129221732746,0.1830820966437897,1w
equal_weight,288,0.8,5.0,train,-0.00034671017122760443,0.03696103666095482,-0.009380423347104459,-0.8126936631488568,-0.2179340126297209,0.2033898305084746,0.4355381508902894,0.12959676925900998,0.1514236923705428,1w
equal_weight,288,0.8,5.0,valid,-0.002242763980501012,0.02968631384478621,-0.07554875260792634,-0.5817872503911488,-0.4699453140680574,0.20044052863436124,0.43034140969163,0.13601321585903084,0.17086047860996464,1w
equal_weight,288,0.8,5.0,test,-0.002036170141356656,0.022600718361768524,-0.09009316025994335,-0.4852024603728664,-0.4266559588504255,0.19933920704845814,0.42309104258443464,0.1280286343612335,0.1830820966437897,1w
equal_weight,576,0.8,5.0,train,-0.0003397216196804252,0.037611201959445596,-0.009032458469333982,-0.7425339438159146,-0.2135411704014304,0.21284341920088112,0.4505292785902221,0.121948234718228,0.1514236923705428,1w
equal_weight,576,0.8,5.0,valid,-0.0022748088949111076,0.03041802047553889,-0.07478490905548668,-0.7531862899506312,-0.47665995613367973,0.20512114537444934,0.4359397944199706,0.12151248164464024,0.17086047860996464,1w
equal_weight,576,0.8,5.0,test,-0.001927295418291489,0.023215618076980107,-0.08301719178446237,-0.5586763244395976,-0.4038425168789228,0.19823788546255505,0.4188693098384728,0.12417400881057268,0.1830820966437897,1w
equal_weight,1152,0.8,5.0,train,0.00023097315410549137,0.036947660756568676,0.0062513606917436095,-0.7500707501899242,0.14518439452100296,0.21679006302392462,0.4536804748210243,0.10588631218258582,0.1514236923705428,1w
equal_weight,1152,0.8,5.0,valid,-0.0016698596475994345,0.030832917189442977,-0.05415834114363935,-0.4767316083267693,-0.34989982154314303,0.21145374449339208,0.450715859030837,0.11187591776798825,0.17086047860996464,1w
equal_weight,1152,0.8,5.0,test,-0.0009747737831725678,0.023773655638313535,-0.04100226729967544,-0.4312263584625202,-0.20425259887400582,0.20429515418502203,0.42887298091042586,0.11692364170337739,0.1830820966437897,1w
equal_weight,-1,0.6,10.0,train,-0.000770567687494272,0.04656842275259799,-0.01654699991855067,-1.657406735729904,-0.48436106602765017,0.38879030777702994,0.7999755246894695,0.11264761671663709,0.1514236923705428,1w
equal_weight,-1,0.6,10.0,valid,-0.004591480711260466,0.037431964091668615,-0.12266203023747851,-1.0246073919098246,-0.9620918044210395,0.3626101321585903,0.7617474302496329,0.13775697503671072,0.17086047860996464,1w
equal_weight,-1,0.6,10.0,test,-0.0062412768010100435,0.030101542642452288,-0.20734076240358373,-1.4619269679782665,-1.307787538919293,0.35884728340675476,0.751101321585903,0.13362701908957417,0.1830820966437897,1w
equal_weight,288,0.6,10.0,train,-0.005140102108642806,0.0468030324872297,-0.10982412539284273,-3.416303423027288,-3.2309495677516846,0.38257969772991496,0.8109894144281956,0.16921617818026066,0.1514236923705428,1w
equal_weight,288,0.6,10.0,valid,-0.008757437761126696,0.03819122911314123,-0.2293049468290966,-1.8666342442887613,-1.8350200354852435,0.3783039647577093,0.8106644640234949,0.17667033773861968,0.17086047860996464,1w
equal_weight,288,0.6,10.0,test,-0.007496033872254573,0.030139503960680027,-0.24871125556790494,-1.7655369035186435,-1.5707074052323429,0.38408590308370044,0.8037812041116006,0.17593612334801761,0.1830820966437897,1w
equal_weight,576,0.6,10.0,train,-0.004391381763542448,0.046971227599021906,-0.09349088767767037,-2.8982014761989614,-2.760321236983435,0.38979991433641314,0.8186379489689776,0.15257296701951906,0.1514236923705428,1w
equal_weight,576,0.6,10.0,valid,-0.006260911756592052,0.03878875972257091,-0.1614104653351128,-1.34121205699314,-1.311901817304349,0.3793135095447871,0.808186490455213,0.16106828193832598,0.17086047860996464,1w
equal_weight,576,0.6,10.0,test,-0.008253531924865602,0.030213628270047515,-0.27317248531345034,-1.8654714468531224,-1.7294323817948198,0.38023127753303965,0.8012114537444934,0.17079662261380324,0.1830820966437897,1w
equal_weight,1152,0.6,10.0,train,-0.003538126871996192,0.04645080166545829,-0.07616933928240922,-2.488920149452637,-2.2239849026549567,0.3937159640212935,0.819463990699382,0.1348895551612311,0.1514236923705428,1w
equal_weight,1152,0.6,10.0,valid,-0.005539312493191196,0.03876758820403806,-0.1428851458088439,-1.1775182340465444,-1.1606990178040522,0.39051027900146845,0.8226872246696035,0.1428964757709251,0.17086047860996464,1w
equal_weight,1152,0.6,10.0,test,-0.007476028562635494,0.03057748613373059,-0.2444945451022067,-1.667512683873453,-1.5665155234321526,0.38454478707782674,0.8113069016152716,0.16327092511013216,0.1830820966437897,1w
equal_weight,-1,0.65,10.0,train,-0.0006726972034285728,0.04448926593669968,-0.015120438363395371,-1.4459951374416522,-0.42284193829358396,0.33947255705806767,0.6999938811723674,0.10885394358440922,0.1514236923705428,1w
equal_weight,-1,0.65,10.0,valid,-0.00467471876933955,0.035209580735816676,-0.1327683735973666,-1.041477182634116,-0.9795333790523794,0.3073604992657856,0.6452826725403817,0.12674375917767988,0.17086047860996464,1w
equal_weight,-1,0.65,10.0,test,-0.007006035016592135,0.02814216818961395,-0.24895150115611053,-1.551868014551675,-1.4680337988612362,0.29900881057268724,0.6328010279001468,0.1305066079295154,0.1830820966437897,1w
equal_weight,288,0.65,10.0,train,-0.004922929049559744,0.04496639794269014,-0.10948017352499609,-3.2142786716809684,-3.0944395944980414,0.3369026494523649,0.7185951171755491,0.1633421036529401,0.1514236923705428,1w
equal_weight,288,0.65,10.0,valid,-0.009160745881687011,0.03634279092972506,-0.2520650078691222,-1.953774799550168,-1.9195285985934205,0.3337922173274596,0.7180616740088106,0.1741005873715125,0.17086047860996464,1w
equal_weight,288,0.65,10.0,test,-0.006726300614151301,0.028385483778641186,-0.236962690740277,-1.5406814354314422,-1.409418682534409,0.3344346549192364,0.7038362701908958,0.16694199706314244,0.1830820966437897,1w
equal_weight,576,0.65,10.0,train,-0.0037663347713346985,0.04511049027267294,-0.08349132870356478,-2.69323180306682,-2.3674311218429738,0.3475800036712966,0.7316282200330416,0.14590344489995716,0.1514236923705428,1w
equal_weight,576,0.65,10.0,valid,-0.00636552990114457,0.03668574498368689,-0.1735150779676177,-1.3574291820572078,-1.3338233423628785,0.33636196769456683,0.7173274596182085,0.15170704845814978,0.17086047860996464,1w
equal_weight,576,0.65,10.0,test,-0.007403883817007274,0.028720993201042298,-0.25778648270208787,-1.6864152561355037,-1.551398424425146,0.331773127753304,0.7015418502202643,0.16675844346549193,0.1830820966437897,1w
equal_weight,1152,0.65,10.0,train,-0.0038076730448912233,0.04452914729444716,-0.08550967795797079,-2.626606832372449,-2.3934154066404814,0.3494462460992474,0.7293030655326439,0.13342103652940096,0.1514236923705428,1w
equal_weight,1152,0.65,10.0,valid,-0.005544050542232326,0.03694907066850898,-0.1500457370625405,-1.1717890738804635,-1.1616918213108234,0.345356093979442,0.7301762114537445,0.1373898678414097,0.17086047860996464,1w
equal_weight,1152,0.65,10.0,test,-0.006912937580572936,0.028990779773219386,-0.23845297141537578,-1.5667061061569874,-1.4485263053445951,0.33819750367107193,0.7138399412628488,0.1573972099853157,0.1830820966437897,1w
equal_weight,-1,0.7,10.0,train,-0.0008555166992054659,0.04241744214051543,-0.020168983701832198,-1.3125426698066187,-0.5377580544274979,0.2897876766811479,0.6000122376552652,0.10034877317505966,0.1514236923705428,1w
equal_weight,-1,0.7,10.0,valid,-0.005465267253749485,0.0329680213387055,-0.16577480333443878,-1.1728634946458045,-1.1451836922471896,0.2511013215859031,0.5306534508076358,0.11756607929515418,0.17086047860996464,1w
equal_weight,-1,0.7,10.0,test,-0.006466742243242518,0.02623468400576624,-0.24649590754823514,-1.4635293862609067,-1.3550312208147741,0.24192364170337738,0.5146842878120411,0.11912628487518355,0.1830820966437897,1w
equal_weight,288,0.7,10.0,train,-0.004611663304778918,0.0424850908277319,-0.10854780382789439,-2.9737088577473276,-2.898785130384466,0.2906749066878786,0.6237226947316894,0.15388851496053357,0.1514236923705428,1w
equal_weight,288,0.7,10.0,valid,-0.008490042541444365,0.034214580581529,-0.2481410672626447,-1.8157210729077244,-1.7789904525303004,0.2904735682819383,0.6221549192364171,0.16106828193832598,0.17086047860996464,1w
equal_weight,288,0.7,10.0,test,-0.006368766347286136,0.02691867553655794,-0.236592856830448,-1.413004997133447,-1.3345015023082025,0.2904735682819383,0.6127936857562408,0.15831497797356828,0.1830820966437897,1w
equal_weight,576,0.7,10.0,train,-0.003748638126630612,0.04275790365016104,-0.08767123283922956,-2.4922629169651884,-2.3563074193660833,0.3026066205714985,0.6424463072875237,0.1396010524383528,0.1514236923705428,1w
equal_weight,576,0.7,10.0,valid,-0.0071768327568740315,0.03506665185637901,-0.2046626175281256,-1.5194292636798534,-1.503822494594185,0.29258443465491923,0.6287628487518355,0.14748531571218795,0.17086047860996464,1w
equal_weight,576,0.7,10.0,test,-0.005535036491887601,0.02699909145828948,-0.2050082500160645,-1.301287192628378,-1.159803031069321,0.28680249632892807,0.6012298091042585,0.15005506607929514,0.1830820966437897,1w
equal_weight,1152,0.7,10.0,train,-0.004112077781983108,0.04233008529387706,-0.09714314897867475,-2.712116434332727,-2.5847571996517447,0.3028207795386404,0.6374594627669339,0.12540537233066146,0.1514236923705428,1w
equal_weight,1152,0.7,10.0,valid,-0.005241294619004271,0.03537891587412623,-0.14814740614585659,-1.12950628650165,-1.0982528109359626,0.30240455212922174,0.6429882525697503,0.13059838472834068,0.17086047860996464,1w
equal_weight,1152,0.7,10.0,test,-0.005472632209303097,0.027688472387176415,-0.1976502037663039,-1.2669222453980122,-1.1467269337031616,0.2956130690161527,0.6233480176211453,0.14473201174743025,0.1830820966437897,1w
equal_weight,-1,0.75,10.0,train,-0.0018557163677649774,0.040178885545506714,-0.04618635740065981,-1.7881928030867404,-1.1664604845531472,0.24092883803463255,0.5000305941381631,0.09673866487181056,0.1514236923705428,1w
equal_weight,-1,0.75,10.0,valid,-0.004743854853300075,0.03020049396687064,-0.15707871727210795,-1.0256549579247478,-0.9940200477222617,0.20145007342143906,0.42465124816446403,0.10416666666666667,0.17086047860996464,1w
equal_weight,-1,0.75,10.0,test,-0.004722615391905384,0.024457545485811725,-0.19309441311864517,-1.0996250566151697,-0.9895695636577073,0.18970264317180616,0.4040932452276065,0.09820117474302496,0.1830820966437897,1w
equal_weight,288,0.75,10.0,train,-0.005116184215508215,0.03986964260066693,-0.12832280105321617,-3.2475340675382496,-3.2159153320786515,0.24444716392339227,0.529156213669461,0.14501621489322647,0.1514236923705428,1w
equal_weight,288,0.75,10.0,valid,-0.007849422722739127,0.032074667942560045,-0.24472342899374766,-1.6862498484680737,-1.6447559612877671,0.2453193832599119,0.5291850220264317,0.15308370044052863,0.17086047860996464,1w
equal_weight,288,0.75,10.0,test,-0.006840638873210618,0.024946321013979717,-0.27421433683055624,-1.513270736020051,-1.4333769454326908,0.24192364170337738,0.5179882525697503,0.14950440528634362,0.1830820966437897,1w
equal_weight,576,0.75,10.0,train,-0.0032051955991514356,0.04034475979319362,-0.07944515261910592,-2.2338734292728724,-2.014711987574098,0.2588264088600624,0.5491953741663097,0.12965795753533624,0.1514236923705428,1w
equal_weight,576,0.75,10.0,valid,-0.006624664584690246,0.03286780474696395,-0.2015548235025394,-1.4057750542736513,-1.3881220252843036,0.2459618208516887,0.5312958883994127,0.13582966226138032,0.17086047860996464,1w
equal_weight,576,0.75,10.0,test,-0.004284668902380396,0.025388275067050395,-0.16876565623558876,-0.9829637654672447,-0.8978029300064776,0.24265785609397944,0.5084434654919237,0.13280102790014683,0.1830820966437897,1w
equal_weight,1152,0.75,10.0,train,-0.0032134915706786013,0.0398482984535798,-0.08064313146073405,-2.3000615145639878,-2.019926643830635,0.25940769748516185,0.5471761610475433,0.11567643639478675,0.1514236923705428,1w
equal_weight,1152,0.75,10.0,valid,-0.004323952525294113,0.03328925844353902,-0.12989032280871765,-0.934388061385629,-0.9060343599154745,0.25587371512481644,0.5477239353891337,0.12362334801762115,0.17086047860996464,1w
equal_weight,1152,0.75,10.0,test,-0.00557542234845122,0.026041277243360098,-0.21409941979220007,-1.2962674614379326,-1.1682654213216002,0.24954111600587373,0.526431718061674,0.13555433186490456,0.1830820966437897,1w
equal_weight,-1,0.8,10.0,train,-0.001581118647002467,0.03724487575032937,-0.042451978027836075,-1.6769612042997128,-0.9938546941523378,0.19173346386832282,0.39998776234473477,0.08615309306736829,0.1514236923705428,1w
equal_weight,-1,0.8,10.0,valid,-0.0028551809798160344,0.027317383771059356,-0.1045188296121123,-0.7839607845967251,-0.5982702299245294,0.15611233480176212,0.326082966226138,0.08232378854625551,0.17086047860996464,1w
equal_weight,-1,0.8,10.0,test,-0.00212973124354098,0.02239452578854308,-0.09510052874754504,-0.591155405978349,-0.4462606082619719,0.1430800293685756,0.3022209985315712,0.0802129221732746,0.1830820966437897,1w
equal_weight,288,0.8,10.0,train,-0.003716226171961865,0.03724261806539379,-0.09978423550773459,-2.4725202795733807,-2.3359340126295227,0.20085051704093496,0.4355381508902894,0.12959676925900998,0.1514236923705428,1w
equal_weight,288,0.8,10.0,valid,-0.005779107592835815,0.030003044987886692,-0.1926173691759969,-1.2453602968009252,-1.2109453140680455,0.19832966226138032,0.43034140969163,0.13601321585903084,0.17086047860996464,1w
equal_weight,288,0.8,10.0,test,-0.005364914634748726,0.022939947354497357,-0.233867783209927,-1.161453901462341,-1.124155958850412,0.1973201174743025,0.42309104258443464,0.1280286343612335,0.1830820966437897,1w
equal_weight,576,0.8,10.0,train,-0.0035103757223543543,0.03787054816003815,-0.092694082681871,-2.260619579668832,-2.2065411704012536,0.21100777091109343,0.4505292785902221,0.121948234718228,0.1514236923705428,1w
equal_weight,576,0.8,10.0,valid,-0.005434133417671754,0.030698443329481004,-0.17701657896291853,-1.185580738842602,-1.1386599561336737,0.20255139500734215,0.4359397944199706,0.12151248164464024,0.17086047860996464,1w
equal_weight,576,0.8,10.0,test,-0.005155819647366379,0.023537940596420007,-0.2190429373481617,-1.1141008829789807,-1.080342516878913,0.19575991189427314,0.4188693098384728,0.12417400881057268,0.1830820966437897,1w
equal_weight,1152,0.8,10.0,train,-0.002522070962641741,0.037176015553778634,-0.06784134676814212,-2.0043725805013244,-1.5853156054789195,0.2149238205959738,0.4536804748210243,0.10588631218258582,0.1514236923705428,1w
equal_weight,1152,0.8,10.0,valid,-0.004581019706336587,0.031089682693243047,-0.14734855133572058,-0.9533254934528727,-0.9598998215431436,0.20980176211453744,0.450715859030837,0.11187591776798825,0.17086047860996464,1w
equal_weight,1152,0.8,10.0,test,-0.004012402270690923,0.02407020479901781,-0.16669580937070588,-1.0112451638661502,-0.8407525988740063,0.20255139500734215,0.42887298091042586,0.11692364170337739,0.1830820966437897,1w
ic_weight,-1,0.6,2.0,train,0.0038477291832043304,0.046050085624315125,0.08355531007248926,-0.691444901335925,2.4185937708118486,0.39989597993024534,0.7999755246894695,0.05057211038365049,0.08727603864803171,1w
ic_weight,-1,0.6,2.0,valid,0.0009656074543157014,0.03604172149888499,0.026791379938540787,-0.39064250873342377,0.20233190042738292,0.33966593245227605,0.6915381791483113,0.0691079295154185,0.10872544530158622,1w
ic_weight,-1,0.6,2.0,test,0.001110557544229428,0.029146436914304834,0.0381026863590443,-0.3048281851983283,0.2327045192677648,0.33526064610866374,0.6811674008810573,0.059930249632892806,0.12423094902805833,1w
ic_weight,288,0.6,2.0,train,0.0023758897442982168,0.04707096224318933,0.05047463725137641,-0.5008549196415737,1.4934294650410314,0.40420975341124643,0.8332619470109527,0.1285259744233005,0.08727603864803171,1w
ic_weight,288,0.6,2.0,valid,0.0007316794963639913,0.037857354859771215,0.019327274688742294,-0.34118152816111413,0.15331499600734766,0.3986784140969163,0.8312224669603524,0.13592143906020557,0.10872544530158622,1w
ic_weight,288,0.6,2.0,test,-0.0011168857375553863,0.029610466936050347,-0.03771928824923706,-0.5116499201809137,-0.23403051916159123,0.39886196769456683,0.8197503671071953,0.1506057268722467,0.12423094902805833,1w
ic_weight,576,0.6,2.0,train,0.0017628278993053808,0.046840092270913264,0.03763502191903368,-0.6417008449768364,1.1080729368595836,0.41913969283485286,0.853423484060454,0.0974423300495625,0.08727603864803171,1w
ic_weight,576,0.6,2.0,valid,0.002986936774347352,0.038875933040309604,0.07683254241770256,-0.3138941062802376,0.6258781364094057,0.42033773861967694,0.859673274596182,0.09425477239353891,0.10872544530158622,1w
ic_weight,576,0.6,2.0,test,-0.0006490032084085973,0.029967868926974953,-0.021656635311308726,-0.5592342567297469,-0.13599113382345462,0.39941262848751835,0.8205763582966226,0.13188325991189428,0.12423094902805833,1w
ic_weight,1152,0.6,2.0,train,0.0020850715420787642,0.04598611431076999,0.04534132908007926,-1.023403549992092,1.3106278543151526,0.4114605641559077,0.8298965918130087,0.07266107813742886,0.08727603864803171,1w
ic_weight,1152,0.6,2.0,valid,0.00267867455842562,0.03879636050143727,0.06904448055962323,-0.4174511680565376,0.561285345934732,0.42630323054331865,0.8661894273127754,0.07149412628487518,0.10872544530158622,1w
ic_weight,1152,0.6,2.0,test,0.001363030630330937,0.030281568643251926,0.04501188978645202,-0.44055802548747736,0.28560734130934096,0.40583700440528636,0.8317731277533039,0.1038913362701909,0.12423094902805833,1w
ic_weight,-1,0.65,2.0,train,0.0030988451112962845,0.04400147513602712,0.07042593689680737,-0.746807726436765,1.9478625251506116,0.349109710579453,0.6999938811723674,0.052897264884048216,0.08727603864803171,1w
ic_weight,-1,0.65,2.0,valid,0.0019485893450186785,0.033462317721834015,0.05823234843494515,-0.3226898239032221,0.40830441352545677,0.2786343612334802,0.5642437591776799,0.05736049926578561,0.10872544530158622,1w
ic_weight,-1,0.65,2.0,test,0.0002576198962755642,0.02738449241425532,0.009407510366759879,-0.4166651137445103,0.05398127672728226,0.27487151248164465,0.5561674008810573,0.055892070484581495,0.12423094902805833,1w
ic_weight,288,0.65,2.0,train,0.0022395467755826084,0.045275233555698256,0.04946516229071431,-0.5783786831127398,1.4077274212826056,0.364896285871627,0.752279263293153,0.12246833506700117,0.08727603864803171,1w
ic_weight,288,0.65,2.0,valid,0.0005058459770016563,0.03631913341655168,0.01392780965338583,-0.332500398168991,0.1059941877963464,0.3569199706314244,0.7458700440528634,0.1296806167400881,0.10872544530158622,1w
ic_weight,288,0.65,2.0,test,-0.0010452916540362614,0.028326075700360578,-0.03690209915039362,-0.48317258401155105,-0.21902880504573974,0.3535242290748899,0.7297173274596183,0.1491372980910426,0.12423094902805833,1w
ic_weight,576,0.65,2.0,train,0.002413020346265031,0.04503431545501213,0.05358181470917578,-0.6454468169992185,1.5167689045773192,0.3825491035917518,0.7801199290215994,0.09309796243039833,0.08727603864803171,1w
ic_weight,576,0.65,2.0,valid,0.0031667397977817105,0.037743532289911605,0.08390152181459026,-0.3120498606516193,0.663553785319809,0.3859214390602056,0.7924008810572687,0.09700807635829663,0.10872544530158622,1w
ic_weight,576,0.65,2.0,test,-0.0006633869595512477,0.02875132184933098,-0.023073268179726634,-0.5057461288966081,-0.13900508290903812,0.35508443465491923,0.731093979441997,0.1269273127753304,0.12423094902805833,1w
ic_weight,1152,0.65,2.0,train,0.0019234932383808746,0.04390720854579029,0.043808142263812716,-0.8764088959688818,1.2090634613407492,0.37162699626751516,0.7503518325888759,0.07235513675579759,0.08727603864803171,1w
ic_weight,1152,0.65,2.0,valid,0.0021458766910557128,0.03746225230333941,0.05728103782122112,-0.366063931940084,0.4496437004950651,0.3880323054331865,0.7912077826725403,0.07204478707782673,0.10872544530158622,1w
ic_weight,1152,0.65,2.0,test,0.0014316241363547754,0.02919976628663719,0.049028616267039624,-0.293467271536377,0.2999803190331045,0.3694933920704846,0.7516519823788547,0.1026064610866373,0.12423094902805833,1w
ic_weight,-1,0.7,2.0,train,0.0028310968146635068,0.041827222135299214,0.06768550886563088,-0.6883080816028844,1.7795621246940865,0.2996389891696751,0.6000122376552652,0.05005201003487732,0.08727603864803171,1w
ic_weight,-1,0.7,2.0,valid,0.0017870664717792289,0.031187765746402266,0.05730024030289441,-0.31615123580487725,0.3744591591635875,0.22531204111600586,0.456773127753304,0.05387298091042585,0.10872544530158622,1w
ic_weight,-1,0.7,2.0,test,0.00014004380251857933,0.02517087459527587,0.005563724136342211,-0.33226253146085505,0.029344562927737128,0.21668502202643172,0.4412628487518355,0.05185389133627019,0.12423094902805833,1w
ic_weight,288,0.7,2.0,train,0.001862842246678163,0.04332258349881339,0.04299933420935495,-0.5100284278030633,1.1709396475947185,0.3231658814171205,0.6691855840420975,0.11806277917151074,0.08727603864803171,1w
ic_weight,288,0.7,2.0,valid,0.0009009126237454148,0.034936949065124956,0.025786814471579923,-0.28124288277354026,0.18877584516018864,0.31718061674008813,0.6624449339207048,0.12656020558002937,0.10872544530158622,1w
ic_weight,288,0.7,2.0,test,-0.0001733915271635051,0.02668849536438098,-0.006496864090544311,-0.35827840781254605,-0.036332193845648564,0.30901248164464024,0.6339941262848752,0.1373898678414097,0.12423094902805833,1w
ic_weight,576,0.7,2.0,train,0.002439849373305845,0.04291566245737934,0.0568521894711266,-0.622363681639166,1.5336330118437815,0.3419200881111179,0.6981888270207428,0.09413816312794468,0.08727603864803171,1w
ic_weight,576,0.7,2.0,valid,0.0024727483287358193,0.03636429637573765,0.0679993448294972,-0.2733311959532603,0.5181358805751164,0.3448972099853157,0.7115455212922174,0.09645741556534508,0.10872544530158622,1w
ic_weight,576,0.7,2.0,test,6.367704258622066e-05,0.02737714194779881,0.0023259200214411154,-0.41198061670454345,0.013342789538836719,0.3123164464023495,0.6399596182085169,0.11903450807635829,0.12423094902805833,1w
ic_weight,1152,0.7,2.0,train,0.001966599954878504,0.04177358243522557,0.04707759881326742,-0.9015612623760364,1.236159348560776,0.3329560056293214,0.6718166799241265,0.07174325399253503,0.08727603864803171,1w
ic_weight,1152,0.7,2.0,valid,0.0031795622534637868,0.0361232701393639,0.0880197789734154,-0.32572772086056156,0.6662405829565732,0.35058737151248165,0.7132892804698973,0.06763950073421439,0.10872544530158622,1w
ic_weight,1152,0.7,2.0,test,0.0007071327801547237,0.02789568174047728,0.025349184391097266,-0.30668553854304215,0.14817151485703195,0.3251651982378855,0.664647577092511,0.10187224669603524,0.12423094902805833,1w
ic_weight,-1,0.75,2.0,train,0.003488468262897541,0.03959636374254934,0.0881007227223977,-0.5385008669650864,2.1927706469436488,0.250841338799486,0.5000305941381631,0.04301535825735789,0.08727603864803171,1w
ic_weight,-1,0.75,2.0,valid,0.0013062527195228319,0.02817578818078403,0.04636082267305303,-0.28830985407035836,0.27371018522924695,0.16932819383259912,0.3411343612334802,0.05056901615271659,0.10872544530158622,1w
ic_weight,-1,0.75,2.0,test,0.0004901606140761745,0.022947228240045612,0.021360340732602578,-0.3494122006213105,0.10270750098026804,0.16180249632892804,0.33076358296622616,0.04515418502202643,0.12423094902805833,1w
ic_weight,288,0.75,2.0,train,0.0009300254037057532,0.04130916634618279,0.02251377807801471,-0.7945960326241504,0.5845925066447606,0.28076240592302515,0.5845927920210487,0.1149421770788717,0.08727603864803171,1w
ic_weight,288,0.75,2.0,valid,-0.0011827551294562194,0.032864070993894316,-0.03598930667098299,-0.4003683066891126,-0.24783269020298615,0.2709251101321586,0.5723201174743024,0.12619309838472834,0.10872544530158622,1w
ic_weight,288,0.75,2.0,test,-0.00022822352413782822,0.02501456288761612,-0.009123626311727962,-0.32710627761825983,-0.04782160613473074,0.26560205580029367,0.5468061674008811,0.12637665198237885,0.12423094902805833,1w
ic_weight,576,0.75,2.0,train,0.0021552049823847963,0.0409649948848928,0.052610893482122695,-0.7301047222660105,1.3547121164275144,0.29905770054457564,0.6120051398152114,0.0900997368904118,0.08727603864803171,1w
ic_weight,576,0.75,2.0,valid,0.0017889920854779954,0.034475939847978004,0.051891031640227174,-0.2866646058617729,0.3748626492955527,0.30277165932452277,0.624632892804699,0.09370411160058738,0.10872544530158622,1w
ic_weight,576,0.75,2.0,test,0.00014938383465695418,0.02583675399841366,0.005781834462104881,-0.37799891762049165,0.03130165889273573,0.2701908957415565,0.5546071953010279,0.10912261380323054,0.12423094902805833,1w
ic_weight,1152,0.75,2.0,train,0.0018328165204910948,0.03949582278136133,0.04640532571348351,-0.7083596889296904,1.1520661690148795,0.2924187725631769,0.590160925166738,0.0677660160313284,0.08727603864803171,1w
ic_weight,1152,0.75,2.0,valid,0.002533211649432289,0.03450568883297421,0.07341431906183277,-0.27552518003387316,0.5308052717733536,0.3109397944199706,0.6362885462555066,0.06708883994126284,0.10872544530158622,1w
ic_weight,1152,0.75,2.0,test,-2.3886701396213785e-05,0.026245036710065343,-0.000910141664501955,-0.3976828426843355,-0.005005182661792507,0.28001101321585903,0.574614537444934,0.09930249632892804,0.12423094902805833,1w
ic_weight,-1,0.8,2.0,train,0.003267027253152448,0.03684168111491652,0.08867747492200317,-0.48209255162317755,2.05357793839504,0.20081992290277184,0.39998776234473477,0.037141283730037326,0.08727603864803171,1w
ic_weight,-1,0.8,2.0,valid,0.00013321590637619266,0.024503982700606657,0.005436500180556142,-0.3387060548100207,0.027913856074517795,0.1104992657856094,0.22512848751835535,0.04102422907488987,0.10872544530158622,1w
ic_weight,-1,0.8,2.0,test,0.0011749047192260002,0.02056125635274697,0.05714167943191048,-0.18457329399139222,0.24618772732089345,0.10884728340675477,0.22219162995594713,0.032856093979441996,0.12423094902805833,1w
ic_weight,288,0.8,2.0,train,0.0006739317926106119,0.03853221986265724,0.017490084791708042,-0.7783350092520324,0.4236179725629088,0.23765526525117786,0.4952579085847152,0.10723245426176345,0.08727603864803171,1w
ic_weight,288,0.8,2.0,valid,-0.0006181985538215968,0.030763373312554007,-0.02009527848395353,-0.3301629059930492,-0.12953637389308414,0.22733113069016153,0.4797173274596182,0.1138950073421439,0.10872544530158622,1w
ic_weight,288,0.8,2.0,test,-0.0007404606050197042,0.02344868726327509,-0.03157791294267463,-0.45327515262983353,-0.1551549760056652,0.21833700440528633,0.45466226138032306,0.1203193832599119,0.12423094902805833,1w
ic_weight,576,0.8,2.0,train,0.0015079095780902688,0.03824571477374938,0.0394268897054383,-0.6432744684489644,0.9478371628742392,0.25420669399743007,0.5222725325827572,0.08624487548185768,0.08727603864803171,1w
ic_weight,576,0.8,2.0,valid,0.0006358224882952899,0.03250633307352111,0.019559957342995905,-0.2968434174169827,0.13322926600895157,0.25477239353891334,0.5342327459618208,0.09627386196769457,0.10872544530158622,1w
ic_weight,576,0.8,2.0,test,0.0005725038907069418,0.02449432221733963,0.0233729223297987,-0.30492556656660863,0.11996158448351202,0.22769823788546256,0.46686857562408224,0.10223935389133627,0.12423094902805833,1w
ic_weight,1152,0.8,2.0,train,0.0015754231882275527,0.03734098575627614,0.04219018743935439,-0.6276017824057945,0.9902746602001424,0.25175916294437983,0.5094841828305696,0.0658079911888882,0.08727603864803171,1w
ic_weight,1152,0.8,2.0,valid,0.002149548447172587,0.03285349766927669,0.06542829834470747,-0.27756165946690237,0.4504130746229347,0.26670337738619676,0.5516703377386197,0.06763950073421439,0.10872544530158622,1w
ic_weight,1152,0.8,2.0,test,0.0004882402697274993,0.024566705108922934,0.019874064005032745,-0.3125913548275384,0.10230511497982042,0.23531571218795888,0.4848568281938326,0.09030837004405286,0.12423094902805833,1w
ic_weight,-1,0.6,5.0,train,0.0030588042612193812,0.0461102191058035,0.06633679736374092,-0.8456449013359082,1.922693770811926,0.3993146913051459,0.7999755246894695,0.05057211038365049,0.08727603864803171,1w
ic_weight,-1,0.6,5.0,valid,-0.00011104452806315543,0.03612952909688664,-0.003073511635465085,-0.44513090039283454,-0.023268099572618106,0.33856461086637296,0.6915381791483113,0.0691079295154185,0.10872544530158622,1w
ic_weight,-1,0.6,5.0,test,0.00017707736801797301,0.029216323118606415,0.006060905313071421,-0.4039485536359868,0.03710451926776592,0.33480176211453744,0.6811674008810573,0.059930249632892806,0.12423094902805833,1w
ic_weight,288,0.6,5.0,train,0.000370884543294725,0.04722527880206123,0.00785351728359806,-0.6974919278345755,0.2331294650409883,0.40268004650309003,0.8332619470109527,0.1285259744233005,0.08727603864803171,1w
ic_weight,288,0.6,5.0,valid,-0.0013872632349135462,0.038017510662688214,-0.03649011233855081,-0.46115898211773987,-0.29068500399265385,0.39601688693098386,0.8312224669603524,0.13592143906020557,0.10872544530158622,1w
ic_weight,288,0.6,5.0,test,-0.0034649033587007645,0.029810104611499733,-0.11623251256099656,-0.8789995300071447,-0.7260305191615603,0.3969346549192364,0.8197503671071953,0.1506057268722467,0.12423094902805833,1w
ic_weight,576,0.6,5.0,train,0.00024272755053220227,0.04695974489493582,0.00516884303940029,-0.6957008449768382,0.1525729368595301,0.4181300862754696,0.853423484060454,0.0974423300495625,0.08727603864803171,1w
ic_weight,576,0.6,5.0,valid,0.0015179940430698157,0.038986834050515666,0.03893606854824206,-0.35491285658398164,0.3180781364093983,0.4194199706314244,0.859673274596182,0.09425477239353891,0.10872544530158622,1w
ic_weight,576,0.6,5.0,test,-0.002704950344972478,0.030137212650903744,-0.0897544964196071,-0.8868342567297367,-0.5667911338234314,0.39812775330396477,0.8205763582966226,0.13188325991189428,0.12423094902805833,1w
ic_weight,1152,0.6,5.0,train,0.0009515587231348709,0.046077807475419966,0.020651128499169072,-1.1037750335153547,0.5981278543151327,0.4108486813926452,0.8298965918130087,0.07266107813742886,0.08727603864803171,1w
ic_weight,1152,0.6,5.0,valid,0.0015647979064432377,0.038886280669489084,0.04024035931188986,-0.49185116805654006,0.3278853459347246,0.42520190895741555,0.8661894273127754,0.07149412628487518,0.10872544530158622,1w
ic_weight,1152,0.6,5.0,test,-0.00025624249742236936,0.030419946625927258,-0.00842350253185425,-0.562470796078616,-0.053692658690656314,0.40436857562408224,0.8317731277533039,0.1038913362701909,0.12423094902805833,1w
ic_weight,-1,0.65,5.0,train,0.00227364777910513,0.044063627584882484,0.05159919651928934,-0.898007726436749,1.4291625251506517,0.34855901609251666,0.6999938811723674,0.052897264884048216,0.08727603864803171,1w
ic_weight,-1,0.65,5.0,valid,0.0010551972745340946,0.03353875449039501,0.031462029242507704,-0.36048982390322504,0.22110441352545185,0.2779001468428781,0.5642437591776799,0.05736049926578561,0.10872544530158622,1w
ic_weight,-1,0.65,5.0,test,-0.000612864685222235,0.027456798349547697,-0.022321054240190787,-0.5156651137445125,-0.12841872327272064,0.2740455212922173,0.5561674008810573,0.055892070484581495,0.12423094902805833,1w
ic_weight,288,0.65,5.0,train,0.0003290407485373862,0.04541753459837931,0.007244795461643746,-0.6527786831127438,0.20682742128255782,0.36345836137796,0.752279263293153,0.12246833506700117,0.08727603864803171,1w
ic_weight,288,0.65,5.0,valid,-0.0015157399260820484,0.03646498087297351,-0.041567001813662234,-0.47419685816299795,-0.3176058122036538,0.35545154185022027,0.7458700440528634,0.1296806167400881,0.10872544530158622,1w
ic_weight,288,0.65,5.0,test,-0.003370401786194855,0.02851323111042046,-0.11820483526200952,-0.882832801740654,-0.7062288050457158,0.351413362701909,0.7297173274596183,0.1491372980910426,0.12423094902805833,1w
ic_weight,576,0.65,5.0,train,0.0009606921323508139,0.04514338323245304,0.02128090682534808,-0.6952468169992198,0.6038689045773222,0.38172306186134736,0.7801199290215994,0.09309796243039833,0.08727603864803171,1w
ic_weight,576,0.65,5.0,valid,0.001654845524653954,0.03785218263342501,0.04371862887485538,-0.3459776771265115,0.3467537853197977,0.385370778267254,0.7924008810572687,0.09700807635829663,0.10872544530158622,1w
ic_weight,576,0.65,5.0,test,-0.0026420213207847313,0.028905259729842016,-0.09140278777903829,-0.8099461288965997,-0.5536050829090153,0.35389133627019087,0.731093979441997,0.1269273127753304,0.12423094902805833,1w
ic_weight,1152,0.65,5.0,train,0.0007947531049904297,0.04399844417405149,0.01806320927727583,-0.9316088959688822,0.4995634613407187,0.37098451936608945,0.7503518325888759,0.07235513675579759,0.08727603864803171,1w
ic_weight,1152,0.65,5.0,valid,0.0010234097307032872,0.03754964521579373,0.027254844215487597,-0.42786393194008854,0.21444370049505812,0.3867474302496329,0.7912077826725403,0.07204478707782673,0.10872544530158622,1w
ic_weight,1152,0.65,5.0,test,-0.00016760493853509476,0.02933363505081977,-0.005713745952205498,-0.4933457518430646,-0.03511968096689211,0.36784140969163,0.7516519823788547,0.1026064610866373,0.12423094902805833,1w
ic_weight,-1,0.7,5.0,train,0.0020502854581194194,0.04188769683265682,0.048947199611150724,-0.8390393753688685,1.2887621246941343,0.29893532399192313,0.6000122376552652,0.05005201003487732,0.08727603864803171,1w
ic_weight,-1,0.7,5.0,valid,0.0009466479695765836,0.03126926453826699,0.030274072113787198,-0.36175123580487645,0.1983591591635856,0.22476138032305434,0.456773127753304,0.05387298091042585,0.10872544530158622,1w
ic_weight,-1,0.7,5.0,test,-0.0006674451842655633,0.025240985564547434,-0.02644291295832095,-0.38135877432478904,-0.1398554370722611,0.21576725403817915,0.4412628487518355,0.05185389133627019,0.12423094902805833,1w
ic_weight,288,0.7,5.0,train,2.106289160259118e-05,0.04345848756081329,0.00048466692664159074,-0.7622944971946342,0.013239647594659454,0.32181973933794283,0.6691855840420975,0.11806277917151074,0.08727603864803171,1w
ic_weight,288,0.7,5.0,valid,-0.001071994865241373,0.035080199985125966,-0.030558402337954167,-0.40495934266019684,-0.2246241548398077,0.3158957415565345,0.6624449339207048,0.12656020558002937,0.10872544530158622,1w
ic_weight,288,0.7,5.0,test,-0.002315241747427826,0.02686311511224799,-0.08618664431707002,-0.6840836662410202,-0.48513219384563777,0.3073604992657856,0.6339941262848752,0.1373898678414097,0.12423094902805833,1w
ic_weight,576,0.7,5.0,train,0.0009712940285099041,0.043022560481864675,0.022576388239824413,-0.7313068744632101,0.6105330118437924,0.3406045401701034,0.6981888270207428,0.09413816312794468,0.08727603864803171,1w
ic_weight,576,0.7,5.0,valid,0.0009694443639781065,0.036470995238931644,0.02658124237156147,-0.31862401814941155,0.2031358805751049,0.3437958883994126,0.7115455212922174,0.09645741556534508,0.10872544530158622,1w
ic_weight,576,0.7,5.0,test,-0.0017918295653432984,0.027525749897878603,-0.06509648500008328,-0.7047806167045394,-0.37545721046115854,0.3108480176211454,0.6399596182085169,0.11903450807635829,0.12423094902805833,1w
ic_weight,1152,0.7,5.0,train,0.0008474051925949547,0.04186330215517789,0.020242196601066333,-0.9537612623760378,0.5326593485607529,0.33234412286605886,0.6718166799241265,0.07174325399253503,0.08727603864803171,1w
ic_weight,1152,0.7,5.0,valid,0.0021258177600717142,0.03619621497849508,0.058730388283269576,-0.3815277208605621,0.4454405829565693,0.35012848751835535,0.7132892804698973,0.06763950073421439,0.10872544530158622,1w
ic_weight,1152,0.7,5.0,test,-0.000880642550241755,0.028031051746892417,-0.031416678838652026,-0.5062885917200559,-0.18452848514296472,0.32388032305433184,0.664647577092511,0.10187224669603524,0.12423094902805833,1w
ic_weight,-1,0.75,5.0,train,0.002817428674082757,0.03965168085322584,0.07105445755280124,-0.6087008669650784,1.7709706469436908,0.2503824267270391,0.5000305941381631,0.04301535825735789,0.08727603864803171,1w
ic_weight,-1,0.75,5.0,valid,0.0005173760675404514,0.0282516758845395,0.018313110686066635,-0.32430985407035773,0.10841018522924539,0.1685022026431718,0.3411343612334802,0.05056901615271659,0.10872544530158622,1w
ic_weight,-1,0.75,5.0,test,-0.0002128129542057652,0.02301213862007824,-0.009247856434346547,-0.3884122006213101,-0.04459249901973106,0.161435389133627,0.33076358296622616,0.04515418502202643,0.12423094902805833,1w
ic_weight,288,0.75,5.0,train,-0.0008630725587246491,0.04144205119993256,-0.02082600966252495,-0.9553706250571272,-0.5425074933551959,0.27911032246221623,0.5845927920210487,0.1149421770788717,0.08727603864803171,1w
ic_weight,288,0.75,5.0,valid,-0.0031499357461963117,0.033007470900178575,-0.09543099365965874,-0.6713568020482817,-0.6600326902029741,0.2698237885462555,0.5723201174743024,0.12619309838472834,0.10872544530158622,1w
ic_weight,288,0.75,5.0,test,-0.0021982675770012674,0.0251827883198625,-0.08729246138591495,-0.6203205595800646,-0.460621606134724,0.2638582966226138,0.5468061674008811,0.12637665198237885,0.12423094902805833,1w
ic_weight,576,0.75,5.0,train,0.0007496490868943692,0.04107277612986119,0.018251726752634843,-0.8369047222660118,0.4712121164274943,0.29765037018907176,0.6120051398152114,0.0900997368904118,0.08727603864803171,1w
ic_weight,576,0.75,5.0,valid,0.00032863966257050295,0.03458396367203849,0.00950266041472313,-0.32926460586177286,0.06886264929554242,0.3012114537444934,0.624632892804699,0.09370411160058738,0.10872544530158622,1w
ic_weight,576,0.75,5.0,test,-0.0015514972226117712,0.02598530422366337,-0.05970671766078109,-0.6364495070442953,-0.3250983411072612,0.2688142437591777,0.5546071953010279,0.10912261380323054,0.12423094902805833,1w
ic_weight,1152,0.75,5.0,train,0.0007756666704023703,0.039582561203206114,0.01959617181971395,-0.7629179159272957,0.48756616901484984,0.2914703542801199,0.590160925166738,0.0677660160313284,0.08727603864803171,1w
ic_weight,1152,0.75,5.0,valid,0.0014880574644102603,0.03457891153808508,0.04303366989360899,-0.2999448094597108,0.31180527177334993,0.3102973568281938,0.6362885462555066,0.06708883994126284,0.10872544530158622,1w
ic_weight,1152,0.75,5.0,test,-0.0015715739260658205,0.026375848635278552,-0.05958382411869734,-0.5589516030857589,-0.32930518266179143,0.27890969162995594,0.574614537444934,0.09930249632892804,0.12423094902805833,1w
ic_weight,-1,0.8,5.0,train,0.0026876232269638645,0.0368955648911828,0.07284407312614816,-0.5683138193727242,1.6893779383950625,0.20066695221195618,0.39998776234473477,0.037141283730037326,0.08727603864803171,1w
ic_weight,-1,0.8,5.0,valid,-0.0005067620671920907,0.024584970587222737,-0.020612677383289785,-0.36870605481002006,-0.1061861439254812,0.11013215859030837,0.22512848751835535,0.04102422907488987,0.10872544530158622,1w
ic_weight,-1,0.8,5.0,test,0.0006637813712083781,0.0206167329171053,0.03219624437476472,-0.20737329399139204,0.13908772732089392,0.10829662261380323,0.22219162995594713,0.032856093979441996,0.12423094902805833,1w
ic_weight,288,0.8,5.0,train,-0.000998894493872901,0.03866410590418121,-0.02583518926697536,-1.0519350092520159,-0.62788202743704,0.23655387627730526,0.4952579085847152,0.10723245426176345,0.08727603864803171,1w
ic_weight,288,0.8,5.0,valid,-0.002393528950297371,0.03090849425698855,-0.07743919617683036,-0.5595548231954335,-0.5015363738930777,0.22604625550660792,0.4797173274596182,0.1138950073421439,0.10872544530158622,1w
ic_weight,288,0.8,5.0,test,-0.002616011265812659,0.02361557848434159,-0.11077481195504978,-0.7082697423190152,-0.5481549760056549,0.21723568281938327,0.45466226138032306,0.1203193832599119,0.12423094902805833,1w
ic_weight,576,0.8,5.0,train,0.00016248952057328607,0.03835548364840983,0.004236409115910671,-0.7506744684489668,0.1021371628742005,0.25319708743804686,0.5222725325827572,0.08624487548185768,0.08727603864803171,1w
ic_weight,576,0.8,5.0,valid,-0.0008646180403390749,0.032625108553022704,-0.026501614207164632,-0.4154379493032071,-0.18117073399104922,0.25357929515418504,0.5342327459618208,0.09627386196769457,0.10872544530158622,1w
ic_weight,576,0.8,5.0,test,-0.0010209983119362327,0.024642326745754384,-0.04143270732793688,-0.5219977414806379,-0.21393841551648451,0.22668869309838474,0.46686857562408224,0.10223935389133627,0.12423094902805833,1w
ic_weight,1152,0.8,5.0,train,0.0005488185256808945,0.0374321639490898,0.014661683102994627,-0.686367128881911,0.3449746602001129,0.2511472801811173,0.5094841828305696,0.0658079911888882,0.08727603864803171,1w
ic_weight,1152,0.8,5.0,valid,0.0010958039537805142,0.03293797802521346,0.03326870741554612,-0.29856165946690194,0.22961307462293234,0.26624449339207046,0.5516703377386197,0.06763950073421439,0.10872544530158622,1w
ic_weight,1152,0.8,5.0,test,-0.0009191385848980544,0.02468635759942392,-0.037232652941862246,-0.4979913548275364,-0.19259488502017685,0.23476505139500733,0.4848568281938326,0.09030837004405286,0.12423094902805833,1w
ic_weight,-1,0.6,10.0,train,0.0017439293912444676,0.046221114127653916,0.03773014614983245,-1.102644901335924,1.096193770811897,0.3985804319892309,0.7999755246894695,0.05057211038365049,0.08727603864803171,1w
ic_weight,-1,0.6,10.0,valid,-0.0019054644986945804,0.03629382082167387,-0.05250107196089641,-0.7038006789938419,-0.39926809957261844,0.3376468428781204,0.6915381791483113,0.0691079295154185,0.10872544530158622,1w
ic_weight,-1,0.6,10.0,test,-0.0013787229256677833,0.02935237173479019,-0.04697143175090135,-0.6049485536359871,-0.28889548073223426,0.33351688693098386,0.6811674008810573,0.059930249632892806,0.12423094902805833,1w
ic_weight,288,0.6,10.0,train,-0.0029707907917110904,0.04750828402883557,-0.06253205840707576,-2.0390707378375805,-1.8673705349588894,0.40075261579881294,0.8332619470109527,0.1285259744233005,0.08727603864803171,1w
ic_weight,288,0.6,10.0,valid,-0.004918834453709436,0.03831761562552292,-0.12837005574096988,-1.0598146514501354,-1.0306850039926523,0.3938142437591777,0.8312224669603524,0.13592143906020557,0.10872544530158622,1w
ic_weight,288,0.6,10.0,test,-0.0073782660606097235,0.030188982696557107,-0.24440260656584414,-1.6889995300071232,-1.5460305191615382,0.394273127753304,0.8197503671071953,0.1506057268722467,0.12423094902805833,1w
ic_weight,576,0.6,10.0,train,-0.0022907730307564246,0.047179353453154854,-0.048554565993172635,-1.6686503371568289,-1.439927063140387,0.41669216178180263,0.853423484060454,0.0974423300495625,0.08727603864803171,1w
ic_weight,576,0.6,10.0,valid,-0.0009302438423927414,0.03919483101396671,-0.023733839854067944,-0.4485768262815757,-0.19492186359060215,0.4177679882525698,0.859673274596182,0.09425477239353891,0.10872544530158622,1w
ic_weight,576,0.6,10.0,test,-0.006131528905912273,0.030459591861970902,-0.2013004288992968,-1.4328342567297405,-1.284791133823422,0.39500734214390604,0.8205763582966226,0.13188325991189428,0.12423094902805833,1w
ic_weight,1152,0.6,10.0,train,-0.0009376293084382805,0.04624582180143085,-0.02027489775107143,-1.3098302708518317,-0.5893721456848781,0.40974729241877256,0.8298965918130087,0.07266107813742886,0.08727603864803171,1w
ic_weight,1152,0.6,10.0,valid,-0.00029166318019406193,0.039053985365242044,-0.007468205292401258,-0.615851168056543,-0.06111465406527883,0.42419236417033773,0.8661894273127754,0.07149412628487518,0.10872544530158622,1w
ic_weight,1152,0.6,10.0,test,-0.0029550310436778767,0.030682482866450606,-0.09631003646412918,-0.9637990327449265,-0.619192658690657,0.4027165932452276,0.8317731277533039,0.1038913362701909,0.12423094902805833,1w
ic_weight,-1,0.65,10.0,train,0.0008983188921198759,0.04417881626235549,0.020333702170407135,-1.1963608752607824,0.5646625251505868,0.3480083216055804,0.6999938811723674,0.052897264884048216,0.08727603864803171,1w
ic_weight,-1,0.65,10.0,valid,-0.0004337895096068751,0.03368243909101329,-0.01287880335609701,-0.485234692741664,-0.09089558647454843,0.2772577092511013,0.5642437591776799,0.05736049926578561,0.10872544530158622,1w
ic_weight,-1,0.65,10.0,test,-0.002063672321051897,0.027596751184585794,-0.0747795386220884,-0.6994940734398343,-0.4324187232727209,0.27294419970631423,0.5561674008810573,0.055892070484581495,0.12423094902805833,1w
ic_weight,288,0.65,10.0,train,-0.0028551359632046453,0.04567919644198616,-0.06250407593817345,-1.9817036605560685,-1.794672578717309,0.3615921189500092,0.752279263293153,0.12246833506700117,0.08727603864803171,1w
ic_weight,288,0.65,10.0,valid,-0.004885049764554885,0.03673949868815225,-0.13296451881446644,-1.0507327558691282,-1.0236058122036529,0.3534324522760646,0.7458700440528634,0.1296806167400881,0.10872544530158622,1w
ic_weight,288,0.65,10.0,test,-0.007245585339792507,0.028870172530044886,-0.2509713210841432,-1.6750080084092664,-1.5182288050456982,0.34930249632892807,0.7297173274596183,0.1491372980910426,0.12423094902805833,1w
ic_weight,576,0.65,10.0,train,-0.0014598548908395445,0.0453445246330801,-0.03219473360129879,-1.2636611502216857,-0.9176310954227183,0.38040751392033284,0.7801199290215994,0.09309796243039833,0.08727603864803171,1w
ic_weight,576,0.65,10.0,valid,-0.000864978263892303,0.0380567555802106,-0.022728639126086966,-0.4541132639920894,-0.18124621468020274,0.3835352422907489,0.7924008810572687,0.09700807635829663,0.10872544530158622,1w
ic_weight,576,0.65,10.0,test,-0.005939745256173865,0.029200734855155543,-0.20341081433863886,-1.3520462607547745,-1.244605082909004,0.351413362701909,0.731093979441997,0.1269273127753304,0.12423094902805833,1w
ic_weight,1152,0.65,10.0,train,-0.0010864804506603087,0.04416609472691499,-0.024599875931484685,-1.222551432402285,-0.6829365386592859,0.3698831303922169,0.7503518325888759,0.07235513675579759,0.08727603864803171,1w
ic_weight,1152,0.65,10.0,valid,-0.0008473685365507524,0.03771342229513599,-0.022468619525416022,-0.5308639319400886,-0.17755629950494234,0.3854625550660793,0.7912077826725403,0.07204478707782673,0.10872544530158622,1w
ic_weight,1152,0.65,10.0,test,-0.0028329867300182087,0.029588472274047355,-0.0957462995648842,-0.917345751843065,-0.5936196809668927,0.3662812041116006,0.7516519823788547,0.1026064610866373,0.12423094902805833,1w
ic_weight,-1,0.7,10.0,train,0.0007489331972126084,0.04200006992560108,0.017831713102841696,-1.3150107111385632,0.4707621246940681,0.2983540353668237,0.6000122376552652,0.05005201003487732,0.08727603864803171,1w
ic_weight,-1,0.7,10.0,valid,-0.0004540495340944892,0.031421502400899234,-0.014450280839578665,-0.4377512358048764,-0.09514084083641461,0.2242107195301028,0.456773127753304,0.05387298091042585,0.10872544530158622,1w
ic_weight,-1,0.7,10.0,test,-0.0020132601622391316,0.02537753091756681,-0.07933238930054912,-0.5803587743247891,-0.42185543707226125,0.21494126284875184,0.4412628487518355,0.05185389133627019,0.12423094902805833,1w
ic_weight,288,0.7,10.0,train,-0.0030485693668566897,0.04370937631368063,-0.06974634789978724,-2.1893304208326363,-1.9162603524051578,0.3197699320810133,0.6691855840420975,0.11806277917151074,0.08727603864803171,1w
ic_weight,288,0.7,10.0,valid,-0.004360174013552682,0.035350719778989674,-0.12334045928377689,-0.9867181555329616,-0.9136241548398083,0.3137848751835536,0.6624449339207048,0.12656020558002937,0.10872544530158622,1w
ic_weight,288,0.7,10.0,test,-0.005884992114535022,0.02719783050929707,-0.21637726261009485,-1.4140836662409892,-1.2331321938456052,0.30561674008810574,0.6339941262848752,0.1373898678414097,0.12423094902805833,1w
ic_weight,576,0.7,10.0,train,-0.0014762982128166593,0.04322089676134083,-0.034157047248893325,-1.5322214425664078,-0.9279669881562518,0.33922780395276264,0.6981888270207428,0.09413816312794468,0.08727603864803171,1w
ic_weight,576,0.7,10.0,valid,-0.00153606224395141,0.036672893701107934,-0.04188549331478044,-0.5202196482802177,-0.3218641194248957,0.34251101321585903,0.7115455212922174,0.09645741556534508,0.10872544530158622,1w
ic_weight,576,0.7,10.0,test,-0.004884340578559157,0.02781122589827593,-0.1756247853447534,-1.19278061670454,-1.0234572104611472,0.309287812041116,0.6399596182085169,0.11903450807635829,0.12423094902805833,1w
ic_weight,1152,0.7,10.0,train,-0.0010179194112109572,0.042029013252508345,-0.02421944586458276,-1.14616596050712,-0.639840651439257,0.33133451630667565,0.6718166799241265,0.07174325399253503,0.08727603864803171,1w
ic_weight,1152,0.7,10.0,valid,0.00036957693775159576,0.03633549792738726,0.010171236362032444,-0.4745277208605658,0.07744058295656497,0.3482929515418502,0.7132892804698973,0.06763950073421439,0.10872544530158622,1w
ic_weight,1152,0.7,10.0,test,-0.003526934767569215,0.02828926494326482,-0.12467396288460005,-0.9302885917200563,-0.7390284851429652,0.32268722466960353,0.664647577092511,0.10187224669603524,0.12423094902805833,1w
ic_weight,-1,0.75,10.0,train,0.001699029359391451,0.039754475742314166,0.042738064775509677,-0.7962453785561752,1.0679706469436372,0.24964816741112403,0.5000305941381631,0.04301535825735789,0.08727603864803171,1w
ic_weight,-1,0.75,10.0,valid,-0.0007974183524301809,0.028395296177151433,-0.028082762280600256,-0.3843098540703579,-0.1670898147707549,0.1680433186490455,0.3411343612334802,0.05056901615271659,0.10872544530158622,1w
ic_weight,-1,0.75,10.0,test,-0.001384435568008996,0.023139268221355654,-0.059830568312064215,-0.5402905112676403,-0.29009249901973133,0.16033406754772395,0.33076358296622616,0.04515418502202643,0.12423094902805833,1w
ic_weight,288,0.75,10.0,train,-0.0038515691627753145,0.04168823105874396,-0.09238984396694523,-2.6051419318440994,-2.4210074933550843,0.27748883313957046,0.5845927920210487,0.1149421770788717,0.08727603864803171,1w
ic_weight,288,0.75,10.0,valid,-0.006428570107429793,0.03327966985645878,-0.19316808535533483,-1.3533568020482676,-1.347032690202959,0.26734581497797355,0.5723201174743024,0.12619309838472834,0.10872544530158622,1w
ic_weight,288,0.75,10.0,test,-0.005481674331773661,0.025506027512993384,-0.21491682030771606,-1.2867951823710448,-1.148621606134705,0.26165565345080766,0.5468061674008811,0.12637665198237885,0.12423094902805833,1w
ic_weight,576,0.75,10.0,train,-0.0015929440722563387,0.041272588425939546,-0.03859569106296187,-1.3681907323802938,-1.001287883572499,0.29657957535336227,0.6120051398152114,0.0900997368904118,0.08727603864803171,1w
ic_weight,576,0.75,10.0,valid,-0.002105281042275313,0.03478868938125359,-0.060516250531983985,-0.541128994326867,-0.44113735070445814,0.29910058737151246,0.624632892804699,0.09370411160058738,0.10872544530158622,1w
ic_weight,576,0.75,10.0,test,-0.0043862989847263095,0.02626972687302739,-0.16697162501639748,-1.0748563062624636,-0.919098341107263,0.26725403817914833,0.5546071953010279,0.10912261380323054,0.12423094902805833,1w
ic_weight,1152,0.75,10.0,train,-0.0009862497464121689,0.03974327165933963,-0.02481551480879157,-1.1689075606077202,-0.6199338309851572,0.29049134185889985,0.590160925166738,0.0677660160313284,0.08727603864803171,1w
ic_weight,1152,0.75,10.0,valid,-0.0002538661772931179,0.034719336887804965,-0.0073119535120582165,-0.3630369910076948,-0.05319472822665039,0.30882892804698975,0.6362885462555066,0.06708883994126284,0.10872544530158622,1w
ic_weight,1152,0.75,10.0,test,-0.004151052633848493,0.02662758473691511,-0.15589294616322028,-0.962579929532853,-0.8698051826617924,0.276798825256975,0.574614537444934,0.09930249632892804,0.12423094902805833,1w
ic_weight,-1,0.8,10.0,train,0.0017219498499828928,0.03699525166554634,0.04654515843141416,-0.7123138193727354,1.082377938395024,0.2001162577250199,0.39998776234473477,0.037141283730037326,0.08727603864803171,1w
ic_weight,-1,0.8,10.0,valid,-0.0015733920231392276,0.024735908500558186,-0.06360761009055814,-0.5214332826361832,-0.32968614392548135,0.10985682819383259,0.22512848751835535,0.04102422907488987,0.10872544530158622,1w
ic_weight,-1,0.8,10.0,test,-0.0001880908754876575,0.020724774094893882,-0.009075653834702055,-0.29058540329519444,-0.039412272679106186,0.10783773861967695,0.22219162995594713,0.032856093979441996,0.12423094902805833,1w
ic_weight,288,0.8,10.0,train,-0.003786938304678752,0.038908700008250766,-0.09732883144067303,-2.477019642544803,-2.3803820274369283,0.23468763384935445,0.4952579085847152,0.10723245426176345,0.08727603864803171,1w
ic_weight,288,0.8,10.0,valid,-0.0053524129444236564,0.031182517515988044,-0.17164787742616813,-1.1575548231954293,-1.1215363738930717,0.22411894273127753,0.4797173274596182,0.1138950073421439,0.10872544530158622,1w
ic_weight,288,0.8,10.0,test,-0.0057419290338009115,0.023937223430757437,-0.23987448044717613,-1.2942179086427203,-1.2031549760056324,0.2152165932452276,0.45466226138032306,0.1203193832599119,0.12423094902805833,1w
ic_weight,576,0.8,10.0,train,-0.0020798772419550146,0.0385590319697137,-0.053940079294227616,-1.577844134514231,-1.307362837125758,0.252034510187848,0.5222725325827572,0.08624487548185768,0.08727603864803171,1w
ic_weight,576,0.8,10.0,valid,-0.0033653522547296773,0.03284970658490503,-0.1024469502043014,-0.7047474628223626,-0.7051707339910497,0.2522944199706314,0.5342327459618208,0.09627386196769457,0.10872544530158622,1w
ic_weight,576,0.8,10.0,test,-0.003676835316341519,0.02492542165775929,-0.14751346504089807,-0.9390941976206197,-0.770438415516485,0.22531204111600586,0.46686857562408224,0.10223935389133627,0.12423094902805833,1w
ic_weight,1152,0.8,10.0,train,-0.0011621892452301997,0.037600661413338794,-0.030908744728035936,-1.1473306694096315,-0.730525339799891,0.2502600501743866,0.5094841828305696,0.0658079911888882,0.08727603864803171,1w
ic_weight,1152,0.8,10.0,valid,-0.0006604368685396041,0.03309809789164655,-0.019953922146876246,-0.37311045307511226,-0.13838692537706798,0.2651431718061674,0.5516703377386197,0.06763950073421439,0.10872544530158622,1w
ic_weight,1152,0.8,10.0,test,-0.0032647700092739715,0.024918858837378714,-0.131016032097616,-0.8193236500204931,-0.6840948850201773,0.2327459618208517,0.4848568281938326,0.09030837004405286,0.12423094902805833,1w
linear,-1,0.6,2.0,train,0.003883115283940388,0.04603361899327774,0.08435389979891515,-0.9251146414772093,2.4408366571322153,0.40368965306247323,0.7999755246894695,0.02958453160374472,0.05832854364057507,1w
linear,-1,0.6,2.0,valid,0.0016299570811052805,0.03728143976355007,0.04372033621670598,-0.3725203283799776,0.34153869914852253,0.3794970631424376,0.760003671071953,0.04396108663729809,0.0768009066718995,1w
linear,-1,0.6,2.0,test,0.0008832698921856155,0.029540562501688395,0.029900239446528216,-0.43435963655097853,0.18507901433181795,0.3572870778267254,0.7154001468428781,0.0322136563876652,0.0903487433653254,1w
linear,288,0.6,2.0,train,0.00025244216744309934,0.046883687269624934,0.0053844350166257484,-0.9473709980915173,0.15867932086626357,0.412714923820596,0.846233861592119,0.11329009361806278,0.05832854364057507,1w
linear,288,0.6,2.0,valid,0.0009084788614870634,0.03853177390400312,0.023577395210259974,-0.49510223232532,0.19036126297621858,0.40703010279001467,0.8436123348017621,0.11940161527165932,0.0768009066718995,1w
linear,288,0.6,2.0,test,0.000471187573813146,0.03018977902849606,0.015607519795636569,-0.388944854089438,0.09873191931284309,0.4095998531571219,0.8371879588839941,0.13959251101321585,0.0903487433653254,1w
linear,576,0.6,2.0,train,0.0008920362602492399,0.047086719440633466,0.018944540431913327,-1.0933492295955345,0.5607134077405358,0.4307348711986783,0.8735544269717922,0.08183931958636725,0.05832854364057507,1w
linear,576,0.6,2.0,valid,0.0019086495384303059,0.03879591231463472,0.04919718146981992,-0.4596145202645685,0.39993548789878997,0.41841042584434657,0.8543502202643172,0.088931718061674,0.0768009066718995,1w
linear,576,0.6,2.0,test,0.00021688120315260798,0.029950783458543514,0.007241253086177357,-0.46340551505559646,0.0454449536452044,0.40923274596182085,0.832507342143906,0.11995227606461087,0.0903487433653254,1w
linear,1152,0.6,2.0,train,0.0016332873802009959,0.04630325989689087,0.03527370176177739,-0.9214024185204767,1.0266467559471368,0.4292051642905219,0.861561524811846,0.05760876216116992,0.05832854364057507,1w
linear,1152,0.6,2.0,valid,0.0031798865684098307,0.03884792309676862,0.08185473803808921,-0.2653621962257663,0.6663085394114179,0.427496328928047,0.8677496328928047,0.058645374449339205,0.0768009066718995,1w
linear,1152,0.6,2.0,test,0.001171037122941318,0.03019970129161286,0.03877644721163323,-0.3797023122391403,0.245377317145546,0.4107929515418502,0.8313142437591777,0.10159691629955947,0.0903487433653254,1w
linear,-1,0.65,2.0,train,0.0037276135726135506,0.043609710593415306,0.08547668677206008,-0.7232734586019856,2.343091869893205,0.3541883375145322,0.6999938811723674,0.024628281221317997,0.05832854364057507,1w
linear,-1,0.65,2.0,valid,0.0010381788472967294,0.03360098422696833,0.030897274921592367,-0.2819540196982262,0.21753839846432976,0.28193832599118945,0.5697503671071953,0.05093612334801762,0.0768009066718995,1w
linear,-1,0.65,2.0,test,0.0006941463050072678,0.027711705062694283,0.025048848616021576,-0.4013264525581237,0.14545034883382946,0.3002936857562408,0.60178046989721,0.0322136563876652,0.0903487433653254,1w
linear,288,0.65,2.0,train,0.0002842298992321758,0.04507335462668251,0.006305940651329233,-0.6789070967683368,0.17866035550582327,0.3763690876828,0.7720736706846968,0.11108731567031757,0.05832854364057507,1w
linear,288,0.65,2.0,valid,0.001433664632249862,0.037169287672201866,0.03857121623888611,-0.4356407877982905,0.3004078814037454,0.3671071953010279,0.762114537444934,0.12105359765051395,0.0768009066718995,1w
linear,288,0.65,2.0,test,-0.0004743112872219073,0.028773675730040638,-0.016484209096952848,-0.46214447648773815,-0.09938645741480945,0.36573054331864907,0.7494493392070485,0.13812408223201175,0.0903487433653254,1w
linear,576,0.65,2.0,train,0.0008923272123573188,0.04517304911454458,0.019753530696913085,-0.6796343734375329,0.5608962935213961,0.39399131126476167,0.8013216667686471,0.08557180444226886,0.05832854364057507,1w
linear,576,0.65,2.0,valid,0.0016545351322247697,0.037579891236200307,0.04402713998892508,-0.3746601548732643,0.34668874616771883,0.3809654919236417,0.7804698972099853,0.0847099853157122,0.0768009066718995,1w
linear,576,0.65,2.0,test,-0.0002279630817122285,0.02854631018996922,-0.007985728460007122,-0.39267563645781034,-0.04776703342954958,0.36655653450807635,0.7480726872246696,0.11279368575624082,0.0903487433653254,1w
linear,1152,0.65,2.0,train,0.0014363536842712183,0.044226614941016346,0.03247713364875061,-0.9400979346142688,0.902858779309428,0.39365477574496727,0.7916845132472619,0.058832527687695035,0.05832854364057507,1w
linear,1152,0.65,2.0,valid,0.003067747503308178,0.03755585747431068,0.08168492772150412,-0.278957955732578,0.6428110922316541,0.3941813509544787,0.7994676945668135,0.05644273127753304,0.0768009066718995,1w
linear,1152,0.65,2.0,test,0.00029156548457897973,0.02880236050046019,0.01012297185066902,-0.34337157071104885,0.06109418307639225,0.3667400881057269,0.743208516886931,0.10012848751835536,0.0903487433653254,1w
linear,-1,0.7,2.0,train,0.003541536776881305,0.04055935888014209,0.08731737568502952,-0.8444603636192567,2.2261282901758195,0.30465642782842806,0.6000122376552652,0.021079361194395154,0.05832854364057507,1w
linear,-1,0.7,2.0,valid,0.0021264311040083113,0.028361374435429753,0.0749763065555779,-0.2483765160286323,0.4455691021014352,0.18263582966226138,0.3637114537444934,0.030745227606461086,0.0768009066718995,1w
linear,-1,0.7,2.0,test,0.001462453521800178,0.025565589058389734,0.05720398299683425,-0.23839182210545307,0.3064402610295138,0.22990088105726872,0.45980176211453744,0.0309287812041116,0.0903487433653254,1w
linear,288,0.7,2.0,train,0.0006455951535928118,0.043419129260598974,0.014868910652675435,-0.5258883820982043,0.40580621519877513,0.3389218625711314,0.6969344673560546,0.10912929082787738,0.05832854364057507,1w
linear,288,0.7,2.0,valid,0.0010546702031010945,0.03579701369341717,0.029462519195980898,-0.46666040773431283,0.22099397178826408,0.32479809104258445,0.6772209985315712,0.11591409691629956,0.0768009066718995,1w
linear,288,0.7,2.0,test,-0.0005108581868973725,0.027347218371552184,-0.018680444203012264,-0.4692372226096506,-0.10704443854680157,0.3236049926578561,0.6640969162995595,0.13114904552129222,0.0903487433653254,1w
linear,576,0.7,2.0,train,0.0011117497525761201,0.0430237715904561,0.0258403601422693,-0.7975890770115784,0.6988202387058533,0.35669705684390873,0.7260294927491893,0.08416447408676497,0.05832854364057507,1w
linear,576,0.7,2.0,valid,0.0016921000598817645,0.03626373247469051,0.04666094592063101,-0.2896156834444744,0.3545600433167655,0.3438876651982379,0.7059471365638766,0.08214023494860499,0.0768009066718995,1w
linear,576,0.7,2.0,test,-0.0008747770236237333,0.027195748270274392,-0.03216594796105999,-0.5122964601835541,-0.18329943171930752,0.3235132158590308,0.6625367107195301,0.11187591776798825,0.0903487433653254,1w
linear,1152,0.7,2.0,train,0.0015674669405329785,0.04210594541447713,0.03722673663073819,-0.787107884369244,0.9852735465050411,0.35596279752799365,0.7162699626751514,0.05895490424034755,0.05832854364057507,1w
linear,1152,0.7,2.0,valid,0.002117175497958772,0.03640473500725031,0.058156596869531355,-0.3267923937140369,0.44362969664921215,0.35930616740088106,0.730359765051395,0.06011380323054332,0.0768009066718995,1w
linear,1152,0.7,2.0,test,0.0007053493778631041,0.027017640235154065,0.026106994235023422,-0.4077462925306303,0.14779782348454318,0.3251651982378855,0.6590491923641704,0.0881057268722467,0.0903487433653254,1w
linear,-1,0.75,2.0,train,0.0029190326552973127,0.03770589500737806,0.077415816670739,-0.6692816141330342,1.8348365648278615,0.25221807501682675,0.5000305941381631,0.027289971241510128,0.05832854364057507,1w
linear,-1,0.75,2.0,valid,0.0010841818137610332,0.024258853193054434,0.04469221216407072,-0.26282655935517574,0.22717778928346433,0.12050293685756241,0.24174008810572686,0.02909324522760646,0.0768009066718995,1w
linear,-1,0.75,2.0,test,0.0004332196760095414,0.022504344397081356,0.019250490854811425,-0.36875474331135283,0.09077618441922941,0.14711820851688692,0.2983663729809104,0.0315712187958884,0.0903487433653254,1w
linear,288,0.75,2.0,train,0.0004877526921176668,0.04146070549296807,0.011764215932128603,-0.6613734646547254,0.30659008643384134,0.29777274674172427,0.6151563360460136,0.10435660527442941,0.05832854364057507,1w
linear,288,0.75,2.0,valid,0.0006869132650215801,0.03415054862046667,0.020114267347667386,-0.4482315680392611,0.14393474876298518,0.28056167400881055,0.5875550660792952,0.11150881057268723,0.0768009066718995,1w
linear,288,0.75,2.0,test,-0.0013940279480885338,0.025402546941719336,-0.05487748733569237,-0.5839177016296306,-0.29210247158407676,0.28001101321585903,0.5760829662261381,0.12729441997063143,0.0903487433653254,1w
linear,576,0.75,2.0,train,0.0017236091052105264,0.041017866178297314,0.04202093540698354,-0.6405310872718808,1.08342090794063,0.31591507067245916,0.6425380897020131,0.08043198923086337,0.05832854364057507,1w
linear,576,0.75,2.0,valid,0.002446468459693527,0.034958691866369795,0.06998169350973414,-0.25313489767149444,0.5126292372465582,0.30855359765051393,0.6343612334801763,0.07773494860499265,0.0768009066718995,1w
linear,576,0.75,2.0,test,-0.0016239250812531783,0.025656992637814968,-0.06329366438916657,-0.6311908468855825,-0.3402747631794948,0.2779001468428781,0.5740638766519823,0.10792951541850221,0.0903487433653254,1w
linear,1152,0.75,2.0,train,0.0013981704955763517,0.040223059489125315,0.034760421343740903,-0.8411120596386554,0.8788577080463411,0.3192498317322401,0.64348650798507,0.0599951049378939,0.05832854364057507,1w
linear,1152,0.75,2.0,valid,0.00026815021930101565,0.035234491215894226,0.0076104467539481165,-0.40910603358105313,0.05618778441353811,0.31874082232011747,0.6529919236417033,0.06341776798825256,0.0768009066718995,1w
linear,1152,0.75,2.0,test,0.0005785350936462071,0.025317445192258134,0.022851243056037834,-0.3264086325752259,0.12122535346863472,0.2857929515418502,0.578928046989721,0.08131424375917767,0.0903487433653254,1w
linear,-1,0.8,2.0,train,0.0026065026935506806,0.034768435711994415,0.07496749969258724,-0.41459431918848644,1.6383874431038032,0.20179893532399193,0.39998776234473477,0.025821452609679985,0.05832854364057507,1w
linear,-1,0.8,2.0,valid,0.00031465834165812605,0.020297652249807705,0.015502203791135847,-0.20680419514343107,0.06593302482128616,0.07020925110132159,0.14344713656387664,0.022668869309838472,0.0768009066718995,1w
linear,-1,0.8,2.0,test,0.0019871400011354243,0.018650463366991485,0.1065464145331833,-0.13137843692825113,0.4163822586994561,0.08819750367107196,0.177863436123348,0.025330396475770924,0.0903487433653254,1w
linear,288,0.8,2.0,train,0.0010001456655150543,0.039415365822714994,0.025374511808759426,-0.6783126659552094,0.6286684850582154,0.25601174814905464,0.5288808664259927,0.10077709110934345,0.05832854364057507,1w
linear,288,0.8,2.0,valid,0.0006380798861043899,0.03196650744060244,0.019960888354475945,-0.5719300119216497,0.13370227767295617,0.23650881057268722,0.49733847283406757,0.10398311306901616,0.0768009066718995,1w
linear,288,0.8,2.0,test,-0.0020866781850661796,0.023448210791620645,-0.08899093425976307,-0.6285587584856561,-0.4372393366246182,0.23127753303964757,0.4798091042584435,0.12123715124816446,0.0903487433653254,1w
linear,576,0.8,2.0,train,0.0013335547279049278,0.03875658106418392,0.034408471833376045,-0.5804786282007524,0.8382417276211886,0.27241020620449125,0.555467172489751,0.0777397050725081,0.05832854364057507,1w
linear,576,0.8,2.0,valid,0.0017646505281659355,0.032848869632898695,0.05372028163789869,-0.27519044329770104,0.3697621568249265,0.2659691629955947,0.5520374449339207,0.08103891336270191,0.0768009066718995,1w
linear,576,0.8,2.0,test,-0.0014048906464130995,0.023731844680630765,-0.05919854378449266,-0.6009162084724542,-0.29437862467916376,0.23256240822320118,0.48384728340675476,0.10517621145374449,0.0903487433653254,1w
linear,1152,0.8,2.0,train,0.000600934760411888,0.03763817415250852,0.015966097557679658,-0.8647927645213949,0.37773372266967953,0.2734504069020376,0.5539068714434314,0.06458422566236309,0.05832854364057507,1w
linear,1152,0.8,2.0,valid,0.0009903360515706873,0.03328237790947285,0.02975556777416487,-0.3688476816339724,0.20751349265219732,0.27331130690161526,0.5612151248164464,0.06194933920704846,0.0768009066718995,1w
linear,1152,0.8,2.0,test,-0.00018004706095538353,0.023587541802413778,-0.0076331422097133846,-0.3980834814761388,-0.03772678415711628,0.24109765051395007,0.4914647577092511,0.08094713656387666,0.0903487433653254,1w
linear,-1,0.6,5.0,train,0.003421596590921971,0.0460716178904901,0.07426690764485268,-0.9647146414772063,2.150736657132251,0.4033225234045157,0.7999755246894695,0.02958453160374472,0.05832854364057507,1w
linear,-1,0.6,5.0,valid,0.0009455958476251023,0.03733687241712729,0.025326059372646745,-0.3977203283799774,0.19813869914852145,0.3788546255506608,0.760003671071953,0.04396108663729809,0.0768009066718995,1w
linear,-1,0.6,5.0,test,0.00038216857059971174,0.029570869721617588,0.012923819089444297,-0.5255596365509798,0.08007901433181663,0.35655286343612336,0.7154001468428781,0.0322136563876652,0.0903487433653254,1w
linear,288,0.6,5.0,train,-0.0015148832929986835,0.04703339999951435,-0.03220867071090599,-1.2148653285011464,-0.9522206791336493,0.4113075934650921,0.846233861592119,0.11329009361806278,0.05832854364057507,1w
linear,288,0.6,5.0,valid,-0.0009527546186891518,0.0386904337001344,-0.02462506949581809,-0.600222845874073,-0.199638737023779,0.40473568281938327,0.8436123348017621,0.11940161527165932,0.0768009066718995,1w
linear,288,0.6,5.0,test,-0.0017050238799313515,0.030383732709372495,-0.05611634015610601,-0.6790256853705668,-0.35726808068714866,0.407856093979442,0.8371879588839941,0.13959251101321585,0.0903487433653254,1w
linear,576,0.6,5.0,train,-0.00038465712529809216,0.04720303671764001,-0.008148991082905137,-1.200149229595532,-0.24178659225947374,0.42990882946827386,0.8735544269717922,0.08183931958636725,0.05832854364057507,1w
linear,576,0.6,5.0,valid,0.000522746454729862,0.03889510830392114,0.013439902278846777,-0.5322145202645705,0.10953548789878065,0.417859765051395,0.8543502202643172,0.088931718061674,0.0768009066718995,1w
linear,576,0.6,5.0,test,-0.001652942585393651,0.03010819890002253,-0.05490008189737361,-0.7100055150555922,-0.34635504635479086,0.40822320117474303,0.832507342143906,0.11995227606461087,0.0903487433653254,1w
linear,1152,0.6,5.0,train,0.0007345906904867429,0.04638922976887772,0.015835371575399076,-1.1351544447609614,0.46174675594712733,0.4287156580799119,0.861561524811846,0.05760876216116992,0.05832854364057507,1w
linear,1152,0.6,5.0,valid,0.0022664504450618118,0.03891492986230105,0.05824115456668064,-0.29151154635000465,0.4749085394114152,0.42694566813509544,0.8677496328928047,0.058645374449339205,0.0768009066718995,1w
linear,1152,0.6,5.0,test,-0.0004124430532701387,0.030338086656629796,-0.013594893374068709,-0.534037175549676,-0.08642268285445065,0.4095080763582966,0.8313142437591777,0.10159691629955947,0.0903487433653254,1w
linear,-1,0.65,5.0,train,0.003343412385560988,0.04364272666954312,0.07660869612654723,-0.7803079679777629,2.101591869893232,0.35400477268555347,0.6999938811723674,0.024628281221317997,0.05832854364057507,1w
linear,-1,0.65,5.0,valid,0.00024500704112932645,0.0336662059029863,0.007277536465954826,-0.3305872505596995,0.05133839846432964,0.2813876651982379,0.5697503671071953,0.05093612334801762,0.0768009066718995,1w
linear,-1,0.65,5.0,test,0.0001930449834213637,0.027747038826268822,0.006957318387380607,-0.42592645255812345,0.04045034883383036,0.2998348017621145,0.60178046989721,0.0322136563876652,0.0903487433653254,1w
linear,288,0.65,5.0,train,-0.001448732225224782,0.04520931967899257,-0.032044990623868314,-1.073527708811474,-0.9106396444940879,0.3751453221562749,0.7720736706846968,0.11108731567031757,0.05832854364057507,1w
linear,288,0.65,5.0,valid,-0.00045333977303648577,0.03731371410463107,-0.012149414335042593,-0.5274407877982917,-0.09499211859626044,0.36536343612334804,0.762114537444934,0.12105359765051395,0.0768009066718995,1w
linear,288,0.65,5.0,test,-0.002627615251979621,0.028949132412915766,-0.09076663212218755,-0.7573224306206574,-0.5505864574147933,0.3639867841409692,0.7494493392070485,0.13812408223201175,0.0903487433653254,1w
linear,576,0.65,5.0,train,-0.0004425929369420785,0.04528285386306048,-0.009773962972398345,-0.782234373437531,-0.27820370647862913,0.39301229884354155,0.8013216667686471,0.08557180444226886,0.05832854364057507,1w
linear,576,0.65,5.0,valid,0.00033449107936133057,0.03767572944649658,0.008878158015131263,-0.4316601548732656,0.07008874616771266,0.38041483113069013,0.7804698972099853,0.0847099853157122,0.0768009066718995,1w
linear,576,0.65,5.0,test,-0.0019861128614479147,0.0286946977705298,-0.06921532602750408,-0.6212756364578076,-0.41616703342954553,0.36527165932452277,0.7480726872246696,0.11279368575624082,0.0903487433653254,1w
linear,1152,0.65,5.0,train,0.0005185662523431736,0.044307591580393074,0.011703778829916108,-1.0287447683241828,0.3259587793094143,0.39319586367252035,0.7916845132472619,0.058832527687695035,0.05832854364057507,1w
linear,1152,0.65,5.0,valid,0.002188672613440334,0.037616915673258235,0.058183202271319005,-0.3299579557325777,0.45861109223165153,0.39390602055800295,0.7994676945668135,0.05644273127753304,0.0768009066718995,1w
linear,1152,0.65,5.0,test,-0.0012690072026456927,0.0289306942504558,-0.0438636968632614,-0.5377306122672152,-0.26590581692360515,0.36481277533039647,0.743208516886931,0.10012848751835536,0.0903487433653254,1w
linear,-1,0.7,5.0,train,0.0032126987422487416,0.040591749450622126,0.0791465947077948,-0.9086603636192496,2.019428290175842,0.30450345713761245,0.6000122376552652,0.021079361194395154,0.05832854364057507,1w
linear,-1,0.7,5.0,valid,0.001648237271409191,0.028413269404440684,0.058009419752011696,-0.25917651602863223,0.34536910210143357,0.1825440528634361,0.3637114537444934,0.030745227606461086,0.0768009066718995,1w
linear,-1,0.7,5.0,test,0.00098139625307771,0.02560122375932961,0.038333958653834634,-0.2689918221054528,0.20564026102951405,0.2295337738619677,0.45980176211453744,0.0309287812041116,0.0903487433653254,1w
linear,288,0.7,5.0,train,-0.001056821783322079,0.043548764678119946,-0.024267549059848632,-0.9334341202754874,-0.6642937848012225,0.3375757204919537,0.6969344673560546,0.10912929082787738,0.05832854364057507,1w
linear,288,0.7,5.0,valid,-0.0007521579907315082,0.03593255186926011,-0.020932495790118674,-0.5500604077343135,-0.15760602821174052,0.32305433186490456,0.6772209985315712,0.11591409691629956,0.0768009066718995,1w
linear,288,0.7,5.0,test,-0.0025553515789678606,0.027510182065056874,-0.09288748336615481,-0.7668372226096472,-0.5354444385467915,0.32268722466960353,0.6640969162995595,0.13114904552129222,0.0903487433653254,1w
linear,576,0.7,5.0,train,-0.00020121604317741598,0.04312548143717257,-0.004665827173907795,-0.9313890770115756,-0.1264797612941706,0.3557180444226886,0.7260294927491893,0.08416447408676497,0.05832854364057507,1w
linear,576,0.7,5.0,valid,0.00041214411274519765,0.03635762596997619,0.011335836753630247,-0.350815683444474,0.08636004331676306,0.34306167400881055,0.7059471365638766,0.08214023494860499,0.0768009066718995,1w
linear,576,0.7,5.0,test,-0.002618609622742679,0.027340857050404913,-0.09577642785356277,-0.7798964601835539,-0.5486994317192988,0.3218612334801762,0.6625367107195301,0.11187591776798825,0.0903487433653254,1w
linear,1152,0.7,5.0,train,0.0006477704343835547,0.04218662655974092,0.015354876348461765,-0.8327078843692439,0.4071735465050239,0.3555956678700361,0.7162699626751514,0.05895490424034755,0.05832854364057507,1w
linear,1152,0.7,5.0,valid,0.0011808318856239683,0.03646877487766368,0.032379258409012304,-0.36243688839279276,0.2474296966492069,0.35884728340675476,0.730359765051395,0.06011380323054332,0.0768009066718995,1w
linear,1152,0.7,5.0,test,-0.000667668243282273,0.02713793184720666,-0.024602768075379217,-0.5961462925306293,-0.13990217651545467,0.3246145374449339,0.6590491923641704,0.0881057268722467,0.0903487433653254,1w
linear,-1,0.75,5.0,train,0.0024933091039297545,0.03774548039148932,0.0660558317994526,-0.726281614133033,1.5672365648278754,0.25185094535886926,0.5000305941381631,0.027289971241510128,0.05832854364057507,1w
linear,-1,0.75,5.0,valid,0.0006303271882103715,0.024307404737512306,0.025931488573834524,-0.2880265593551756,0.13207778928346547,0.12013582966226138,0.24174008810572686,0.02909324522760646,0.0768009066718995,1w
linear,-1,0.75,5.0,test,-5.785961914464426e-05,0.022550525718900885,-0.00256577695198249,-0.41375474331135254,-0.012123815580770136,0.14656754772393538,0.2983663729809104,0.0315712187958884,0.0903487433653254,1w
linear,288,0.75,5.0,train,-0.0011402103501634354,0.04158828642678057,-0.02741662251871966,-1.0880027707832487,-0.7167099135661547,0.2967937343205042,0.6151563360460136,0.10435660527442941,0.05832854364057507,1w
linear,288,0.75,5.0,valid,-0.0010511924618506702,0.034277348741936255,-0.030667262796921047,-0.5325315680392613,-0.22026525123701712,0.2794603524229075,0.5875550660792952,0.11150881057268723,0.0768009066718995,1w
linear,288,0.75,5.0,test,-0.003378389181568713,0.025570463090983837,-0.1321207664307001,-0.8858232797156,-0.7079024715840659,0.27872613803230545,0.5760829662261381,0.12729441997063143,0.0903487433653254,1w
linear,576,0.75,5.0,train,0.000468870073209055,0.04111742723223205,0.011403195792403729,-0.691204566961295,0.29472090794060035,0.31527259377103345,0.6425380897020131,0.08043198923086337,0.05832854364057507,1w
linear,576,0.75,5.0,valid,0.0012352349795173132,0.035046106971139676,0.035245996952943275,-0.31373489767149354,0.2588292372465508,0.30781938325991187,0.6343612334801763,0.07773494860499265,0.0768009066718995,1w
linear,576,0.75,5.0,test,-0.0033061938037201415,0.025806267256614387,-0.12811592512949477,-0.8987908468855841,-0.6927747631794913,0.27652349486049926,0.5740638766519823,0.10792951541850221,0.0903487433653254,1w
linear,1152,0.75,5.0,train,0.00046224685854520485,0.04030329444084944,0.011469207789542241,-0.9056185015728899,0.29055770804632,0.3185767606926513,0.64348650798507,0.0599951049378939,0.05832854364057507,1w
linear,1152,0.75,5.0,valid,-0.0007197352432540523,0.03530460657990128,-0.02038643998553417,-0.46730603358105527,-0.15081221558646452,0.31791483113069013,0.6529919236417033,0.06341776798825256,0.0768009066718995,1w
linear,1152,0.75,5.0,test,-0.0006885353909352927,0.02542888186652491,-0.02707690391380104,-0.5070086325752251,-0.14427464653136446,0.28469162995594716,0.578928046989721,0.08131424375917767,0.0903487433653254,1w
linear,-1,0.8,5.0,train,0.002203688032839672,0.034810622759284954,0.06330504478699359,-0.4451943191884806,1.3851874431038262,0.2015541822186869,0.39998776234473477,0.025821452609679985,0.05832854364057507,1w
linear,-1,0.8,5.0,valid,-3.897601957535498e-05,0.02035228608721596,-0.0019150683814255782,-0.24050001792295772,-0.008166975178712788,0.07020925110132159,0.14344713656387664,0.022668869309838472,0.0768009066718995,1w
linear,-1,0.8,5.0,test,0.0015934175341750707,0.018684919712223066,0.08527826497069231,-0.13137843692825113,0.3338822586994532,0.08783039647577093,0.177863436123348,0.025330396475770924,0.0903487433653254,1w
linear,288,0.8,5.0,train,-0.000571976955790707,0.03954044714764231,-0.014465616781089246,-1.0927366853998386,-0.3595315149418279,0.2552163005568133,0.5288808664259927,0.10077709110934345,0.05832854364057507,1w
linear,288,0.8,5.0,valid,-0.000984056677772265,0.03209279818279713,-0.030662850654753878,-0.6904300119216478,-0.20619772232703715,0.23522393538913364,0.49733847283406757,0.10398311306901616,0.0768009066718995,1w
linear,288,0.8,5.0,test,-0.003976546026475875,0.023619794113069633,-0.16835650672651367,-0.9764703646769455,-0.8332393366246104,0.23026798825256975,0.4798091042584435,0.12123715124816446,0.0903487433653254,1w
linear,576,0.8,5.0,train,0.00012081532877379846,0.038857921039008474,0.0031091557536625553,-0.6776786282007516,0.07594172762116114,0.27176772930306553,0.555467172489751,0.0777397050725081,0.05832854364057507,1w
linear,576,0.8,5.0,valid,0.0005018751977694565,0.03293703938409589,0.015237410743474228,-0.32799044329770066,0.10516215682492303,0.2648678414096916,0.5520374449339207,0.08103891336270191,0.0768009066718995,1w
linear,576,0.8,5.0,test,-0.003044207827029842,0.023861747044047407,-0.12757690463361337,-0.8547162084724556,-0.6378786246791588,0.23155286343612336,0.48384728340675476,0.10517621145374449,0.0903487433653254,1w
linear,1152,0.8,5.0,train,-0.0004065791599209785,0.03772563285788788,-0.010777265459072842,-0.926592764521396,-0.25556627733032855,0.272838524138775,0.5539068714434314,0.06458422566236309,0.05832854364057507,1w
linear,1152,0.8,5.0,valid,2.5358078002403e-05,0.033350001660161006,0.0007603621211418127,-0.4276476816339744,0.005313492652195828,0.27294419970631423,0.5612151248164464,0.06194933920704846,0.0768009066718995,1w
linear,1152,0.8,5.0,test,-0.0014413906732901874,0.02369709216275607,-0.06082563478212627,-0.5720834814761365,-0.30202678415711315,0.23981277533039647,0.4914647577092511,0.08094713656387666,0.0903487433653254,1w
linear,-1,0.6,10.0,train,0.0026523987692246057,0.04614140656602204,0.05748413337658847,-1.0443000929202122,1.667236657132277,0.40280242305574254,0.7999755246894695,0.02958453160374472,0.05832854364057507,1w
linear,-1,0.6,10.0,valid,-0.00019500620817519234,0.03744083370629227,-0.005208383170763097,-0.45115684177654136,-0.040861300851478766,0.378212187958884,0.760003671071953,0.04396108663729809,0.0768009066718995,1w
linear,-1,0.6,10.0,test,-0.0004530002987101269,0.029632227513573268,-0.015287419702168075,-0.6775596365509798,-0.09492098566818363,0.3558186490455213,0.7154001468428781,0.0322136563876652,0.0903487433653254,1w
linear,288,0.6,10.0,train,-0.0044604257270683175,0.04730726853647134,-0.09428626646726752,-2.958667385910701,-2.80372067913357,0.40953313345163067,0.846233861592119,0.11329009361806278,0.05832854364057507,1w
linear,288,0.6,10.0,valid,-0.004054810418982838,0.03898617798035641,-0.10400635889534737,-0.9282228458740824,-0.849638737023789,0.4027165932452276,0.8436123348017621,0.11940161527165932,0.0768009066718995,1w
linear,288,0.6,10.0,test,-0.0053320429695055075,0.030752601589226547,-0.1733851022013521,-1.2492936174709797,-1.1172680806871282,0.40537812041116006,0.8371879588839941,0.13959251101321585,0.0903487433653254,1w
linear,576,0.6,10.0,train,-0.002512479434543642,0.04741480374046546,-0.05298934586540119,-1.6653227842995801,-1.5792865922593644,0.4285320932509331,0.8735544269717922,0.08183931958636725,0.05832854364057507,1w
linear,576,0.6,10.0,valid,-0.001787092018104207,0.039083036082104214,-0.0457255166755712,-0.664706059883378,-0.3744645121012201,0.4159324522760646,0.8543502202643172,0.088931718061674,0.0768009066718995,1w
linear,576,0.6,10.0,test,-0.004769315566304077,0.030408746569425757,-0.15684025500410956,-1.121005515055593,-0.9993550463547896,0.40583700440528636,0.832507342143906,0.11995227606461087,0.0903487433653254,1w
linear,1152,0.6,10.0,train,-0.0007632371257036758,0.04654516763735908,-0.01639777369909116,-1.4941544447609587,-0.4797532440528771,0.42788961634950745,0.861561524811846,0.05760876216116992,0.05832854364057507,1w
linear,1152,0.6,10.0,valid,0.000744056906148448,0.03904167652443983,0.019058016263278892,-0.36007602074878753,0.15590853941141303,0.42630323054331865,0.8677496328928047,0.058645374449339205,0.0768009066718995,1w
linear,1152,0.6,10.0,test,-0.0030515766802892284,0.030601223633069385,-0.09972074048017887,-0.8770371755496763,-0.6394226828544511,0.4079478707782673,0.8313142437591777,0.10159691629955947,0.0903487433653254,1w
linear,-1,0.65,10.0,train,0.00270307707380672,0.043703414972447195,0.06185047725700324,-0.8963079679777608,1.699091869893261,0.35382120785657467,0.6999938811723674,0.024628281221317997,0.05832854364057507,1w
linear,-1,0.65,10.0,valid,-0.0010769459691496754,0.033789487046164954,-0.03187222012806219,-0.5415330338382499,-0.2256616015356706,0.2812041116005874,0.5697503671071953,0.05093612334801762,0.0768009066718995,1w
linear,-1,0.65,10.0,test,-0.000642123885888475,0.027817455668993362,-0.02308348734439492,-0.4682396552669549,-0.1345496511661698,0.299284140969163,0.60178046989721,0.0322136563876652,0.0903487433653254,1w
linear,288,0.65,10.0,train,-0.0043370024326530405,0.045459301903251925,-0.09540407025790235,-2.8251993768921437,-2.726139644494003,0.373737991800771,0.7720736706846968,0.11108731567031757,0.05832854364057507,1w
linear,288,0.65,10.0,valid,-0.003598347115180394,0.03758516860151079,-0.09573848539383041,-0.7974692226617832,-0.7539921185962611,0.3635279001468429,0.762114537444934,0.12105359765051395,0.0768009066718995,1w
linear,288,0.65,10.0,test,-0.00621645519324247,0.029284903444358242,-0.212275079037014,-1.4475917928456992,-1.3025864574147628,0.36150881057268724,0.7494493392070485,0.13812408223201175,0.0903487433653254,1w
linear,576,0.65,10.0,train,-0.0026674598524410705,0.045484176073741285,-0.05864588704688082,-1.7772166669065355,-1.6767037064785546,0.39166615676436395,0.8013216667686471,0.08557180444226886,0.05832854364057507,1w
linear,576,0.65,10.0,valid,-0.001865582342077731,0.037857165987845345,-0.049279503454556166,-0.5266601548732657,-0.39091125383228775,0.37857929515418504,0.7804698972099853,0.0847099853157122,0.0768009066718995,1w
linear,576,0.65,10.0,test,-0.00491636249434072,0.028978015677560694,-0.1696583558048019,-1.1693601139901,-1.0301670334295405,0.3632525697503671,0.7480726872246696,0.11279368575624082,0.0903487433653254,1w
linear,1152,0.65,10.0,train,-0.0010110794675368985,0.04445556730458514,-0.02274359610821153,-1.325279573925138,-0.6355412206905883,0.3922780395276265,0.7916845132472619,0.058832527687695035,0.05832854364057507,1w
linear,1152,0.65,10.0,valid,0.0007235477969939316,0.0377333225035116,0.019175300476829086,-0.41495795573257777,0.15161109223165137,0.39225403817914833,0.7994676945668135,0.05644273127753304,0.0768009066718995,1w
linear,1152,0.65,10.0,test,-0.0038699616813534753,0.029176880460224253,-0.13263795238936696,-0.941048733883937,-0.8109058169236056,0.36316079295154186,0.743208516886931,0.10012848751835536,0.0903487433653254,1w
linear,-1,0.7,10.0,train,0.002664635351194466,0.040650956071604454,0.06554914345681945,-1.017617095277953,1.6749282901758424,0.3042281098941443,0.6000122376552652,0.021079361194395154,0.05832854364057507,1w
linear,-1,0.7,10.0,valid,0.0008512475504106587,0.028510393069955568,0.02985744701316338,-0.30636421460819463,0.17836910210143353,0.18226872246696035,0.3637114537444934,0.030745227606461086,0.0768009066718995,1w
linear,-1,0.7,10.0,test,0.0001796341385402651,0.025672615806690093,0.006997110847327594,-0.31999182210545296,0.0376402610295139,0.22916666666666666,0.45980176211453744,0.0309287812041116,0.0903487433653254,1w
linear,288,0.7,10.0,train,-0.0038941833448468926,0.04378810008497046,-0.08893245738660187,-2.5963096842630633,-2.447793784801081,0.33567888392583983,0.6969344673560546,0.10912929082787738,0.05832854364057507,1w
linear,288,0.7,10.0,valid,-0.003763538313785841,0.03618808509683606,-0.10399937724571363,-0.8429509285904593,-0.7886060282117412,0.3216776798825257,0.6772209985315712,0.11591409691629956,0.0768009066718995,1w
linear,288,0.7,10.0,test,-0.005962840565752001,0.02782425923975575,-0.21430365906137758,-1.3548350758768095,-1.2494444385467576,0.3202092511013216,0.6640969162995595,0.13114904552129222,0.0903487433653254,1w
linear,576,0.7,10.0,train,-0.002389492369433307,0.043313479022975415,-0.05516740800631168,-1.6855408510732455,-1.5019797612940975,0.3542801199290216,0.7260294927491893,0.08416447408676497,0.05832854364057507,1w
linear,576,0.7,10.0,valid,-0.0017211157991490762,0.03653544436241064,-0.047108111840014726,-0.4528156834444741,-0.36063995668323745,0.342143906020558,0.7059471365638766,0.08214023494860499,0.0768009066718995,1w
linear,576,0.7,10.0,test,-0.005524997287940918,0.02761932399724528,-0.20004100348335732,-1.2591842952962706,-1.1576994317192835,0.3197503671071953,0.6625367107195301,0.11187591776798825,0.0903487433653254,1w
linear,1152,0.7,10.0,train,-0.0008850570758654826,0.04233458056406539,-0.02090624411705499,-1.0902525849886422,-0.5563264534949842,0.3548002202777948,0.7162699626751514,0.05895490424034755,0.05832854364057507,1w
linear,1152,0.7,10.0,valid,-0.00037974080160070193,0.03659140370858563,-0.010377869201874904,-0.44443688839279283,-0.0795703033507934,0.3580212922173275,0.730359765051395,0.06011380323054332,0.0768009066718995,1w
linear,1152,0.7,10.0,test,-0.00295603094519123,0.02736853116453625,-0.10800838844510635,-0.9131878804381103,-0.6194021765154551,0.322870778267254,0.6590491923641704,0.0881057268722467,0.0903487433653254,1w
linear,-1,0.75,10.0,train,0.00178376985165049,0.03781866470975802,0.04716638901294259,-0.8350804780058256,1.1212365648278455,0.2515755981154011,0.5000305941381631,0.027289971241510128,0.05832854364057507,1w
linear,-1,0.75,10.0,valid,-0.00012609718770739705,0.02440015282221541,-0.005167885161464659,-0.36873228879511954,-0.02642221071653461,0.11995227606461087,0.24174008810572686,0.02909324522760646,0.0768009066718995,1w
linear,-1,0.75,10.0,test,-0.0008763251110682861,0.02264129526675986,-0.03870472518216909,-0.4887547433113525,-0.18362381558077023,0.1459251101321586,0.2983663729809104,0.0315712187958884,0.0903487433653254,1w
linear,288,0.75,10.0,train,-0.003853482087298602,0.04182391361365335,-0.09213585612515801,-2.5508314328494297,-2.4222099135660136,0.29529462155051095,0.6151563360460136,0.10435660527442941,0.05832854364057507,1w
linear,288,0.75,10.0,valid,-0.0039480353399710824,0.03451832089559443,-0.11437506916725401,-0.8464200875624228,-0.8272652512370179,0.27762481644640236,0.5875550660792952,0.11150881057268723,0.0768009066718995,1w
linear,288,0.75,10.0,test,-0.006685657904035675,0.02589364107672346,-0.2581969018658255,-1.5418232797155744,-1.4009024715840388,0.27597283406754775,0.5760829662261381,0.12729441997063143,0.0903487433653254,1w
linear,576,0.75,10.0,train,-0.0016223616467933935,0.04130175060142494,-0.039280699320706776,-1.2271065661079792,-1.0197790920593848,0.3142323930734871,0.6425380897020131,0.08043198923086337,0.05832854364057507,1w
linear,576,0.75,10.0,valid,-0.0007834874874430398,0.03521247597879393,-0.022250281062736993,-0.41473489767149363,-0.16417076275344955,0.3071769456681351,0.6343612334801763,0.07773494860499265,0.0768009066718995,1w
linear,576,0.75,10.0,test,-0.006109975007831742,0.026092050149046333,-0.23416998560594376,-1.3611349231071648,-1.2802747631794757,0.27422907488986786,0.5740638766519823,0.10792951541850221,0.0903487433653254,1w
linear,1152,0.75,10.0,train,-0.0010976258698400375,0.04045129381510418,-0.02713450587902316,-1.1080759440389691,-0.6899422919536823,0.3174753717187787,0.64348650798507,0.0599951049378939,0.05832854364057507,1w
linear,1152,0.75,10.0,valid,-0.0023662110141791635,0.035438677861628624,-0.06676916738875262,-0.6352140581855171,-0.4958122155864648,0.3169970631424376,0.6529919236417033,0.06341776798825256,0.0768009066718995,1w
linear,1152,0.75,10.0,test,-0.0028003195319044557,0.025644189943030166,-0.10919898574006447,-0.8536316186036939,-0.5867746465313648,0.28267254038179146,0.578928046989721,0.08131424375917767,0.0903487433653254,1w
linear,-1,0.8,10.0,train,0.001532330264987992,0.034888320621885106,0.043921009600753784,-0.5121866962353008,0.9631874431037977,0.20130942911338187,0.39998776234473477,0.025821452609679985,0.05832854364057507,1w
linear,-1,0.8,10.0,valid,-0.0006283666216311555,0.020454286884883648,-0.030720534290322187,-0.3235000179229579,-0.13166697517871295,0.07020925110132159,0.14344713656387664,0.022668869309838472,0.0768009066718995,1w
linear,-1,0.8,10.0,test,0.000937213422574483,0.01875585384997697,0.04996911524641859,-0.16223145123717986,0.19638225869945325,0.08764684287812041,0.177863436123348,0.025330396475770924,0.0903487433653254,1w
linear,288,0.8,10.0,train,-0.003192181324633638,0.03977211384126224,-0.08026179693073937,-2.154349580436718,-2.0065315149417255,0.25362540537233064,0.5288808664259927,0.10077709110934345,0.05832854364057507,1w
linear,288,0.8,10.0,valid,-0.0036876176175666873,0.03233258488519887,-0.11405266948683697,-0.8995291638814744,-0.7726977223270506,0.23338839941262848,0.49733847283406757,0.10398311306901616,0.0768009066718995,1w
linear,288,0.8,10.0,test,-0.007126325762158694,0.023949790951428702,-0.29755273340845506,-1.6004703646769216,-1.4932393366245855,0.22834067547723935,0.4798091042584435,0.12123715124816446,0.0903487433653254,1w
linear,576,0.8,10.0,train,-0.0019004170031114134,0.039045517558555426,-0.04867183538446925,-1.391532036175285,-1.1945582723787962,0.27026861653307227,0.555467172489751,0.0777397050725081,0.05832854364057507,1w
linear,576,0.8,10.0,valid,-0.0016027503528913375,0.03310684713439776,-0.04841144632060394,-0.4164848906508989,-0.33583784317507737,0.26339941262848754,0.5520374449339207,0.08103891336270191,0.0768009066718995,1w
linear,576,0.8,10.0,test,-0.005776403128057742,0.024117601289432695,-0.23950985252371326,-1.2828086429883991,-1.2103786246791455,0.2288913362701909,0.48384728340675476,0.10517621145374449,0.0903487433653254,1w
linear,1152,0.8,10.0,train,-0.00208576902714242,0.03788761984637857,-0.05505146629953281,-1.5200996073037432,-1.3110662773302866,0.27146178792143427,0.5539068714434314,0.06458422566236309,0.05832854364057507,1w
linear,1152,0.8,10.0,valid,-0.0015829385446114008,0.03348049394116949,-0.047279426265122416,-0.5512583828148101,-0.33168650734780447,0.27211820851688695,0.5612151248164464,0.06194933920704846,0.0768009066718995,1w
linear,1152,0.8,10.0,test,-0.0035436300271815234,0.02391122782342914,-0.14819941716708243,-0.9422663089158017,-0.7425267841571135,0.2387114537444934,0.4914647577092511,0.08094713656387666,0.0903487433653254,1w
ridge,-1,0.6,2.0,train,0.003884987470899347,0.04603331241472924,0.08439513185360677,-0.920563293407024,2.4420134706502985,0.40368965306247323,0.7999755246894695,0.02958453160374472,0.0583352740975371,1w
ridge,-1,0.6,2.0,valid,0.0016299570811052805,0.03728143976355007,0.04372033621670598,-0.3725203283799776,0.34153869914852253,0.3794970631424376,0.760003671071953,0.04396108663729809,0.07680649969404488,1w
ridge,-1,0.6,2.0,test,0.0008725407667628239,0.029541969685821505,0.029535632730054377,-0.4366078009857235,0.18283084989707277,0.3575624082232012,0.7157672540381792,0.0322136563876652,0.0903539033584431,1w
ridge,288,0.6,2.0,train,0.0002552263319560477,0.046892439889042126,0.005442803414792867,-0.943266245439229,0.1604293824291536,0.41280670623508536,0.8464174264210977,0.11347365844704155,0.0583352740975371,1w
ridge,288,0.6,2.0,valid,0.0009084564606486724,0.0385318256362822,0.023576782196202375,-0.49510223232532,0.190356569139005,0.40703010279001467,0.8435205580029369,0.11958516886930984,0.07680649969404488,1w
ridge,288,0.6,2.0,test,0.0005115405104903427,0.030198138183381157,0.016939471810611725,-0.392277814832249,0.10718741158274181,0.4095998531571219,0.8370044052863436,0.13959251101321585,0.0903539033584431,1w
ridge,576,0.6,2.0,train,0.0008732133402372528,0.047085664739404336,0.018545205745104227,-1.0933492295955345,0.5488817545960778,0.43070427706051523,0.8735544269717922,0.081778131310041,0.0583352740975371,1w
ridge,576,0.6,2.0,valid,0.001888231033609954,0.03880023968754905,0.04866544765742478,-0.4596145202645685,0.3956570258118175,0.4183186490455213,0.8544419970631424,0.088931718061674,0.07680649969404488,1w
ridge,576,0.6,2.0,test,0.0002340570844652638,0.029951302870348195,0.007814587748601094,-0.45754931386158604,0.049043961391025404,0.40941629955947134,0.8326908957415565,0.11958516886930984,0.0903539033584431,1w
ridge,1152,0.6,2.0,train,0.0016382122904494364,0.046307261625557,0.03537700639040393,-0.9241704631865925,1.0297424408775315,0.4291745701523588,0.8615309306736829,0.05773113871382243,0.0583352740975371,1w
ridge,1152,0.6,2.0,valid,0.003191988290262746,0.038847566399080505,0.08216700777267474,-0.2653621962257663,0.668844315590444,0.427496328928047,0.8676578560939795,0.058461820851688696,0.07680649969404488,1w
ridge,1152,0.6,2.0,test,0.0011239777692343903,0.030205338175367812,0.03721122944258192,-0.38070685126440873,0.23551657256880176,0.4107929515418502,0.8318649045521292,0.10159691629955947,0.0903539033584431,1w
ridge,-1,0.65,2.0,train,0.0037192126679487644,0.043607768226506534,0.08528784707877068,-0.7232734586019856,2.33781125508795,0.3541883375145322,0.6999938811723674,0.024628281221317997,0.0583352740975371,1w
ridge,-1,0.65,2.0,valid,0.0010365535437699708,0.03360101071463318,0.03084887989153712,-0.282315456222465,0.21719783486379995,0.28203010279001467,0.5697503671071953,0.050752569750367106,0.07680649969404488,1w
ridge,-1,0.65,2.0,test,0.000686702363179159,0.02771160338268107,0.024780318688031155,-0.4028862446765674,0.14389055671538564,0.30020190895741555,0.6016886930983847,0.0322136563876652,0.0903539033584431,1w
ridge,288,0.65,2.0,train,0.0002899447484592674,0.045073936403480244,0.0064326475918105135,-0.6825745580461267,0.1822525778488373,0.3764302759591262,0.7721348589610231,0.11114850394664383,0.0583352740975371,1w
ridge,288,0.65,2.0,valid,0.0013821198651830942,0.03707268276247895,0.03728135549396845,-0.47189275425843114,0.2896072702122203,0.36719897209985314,0.7622063142437592,0.12068649045521292,0.07680649969404488,1w
ridge,288,0.65,2.0,test,-0.0004246974479808033,0.028777293599298943,-0.014758074678403725,-0.45352785037051324,-0.08899044986921245,0.36591409691629956,0.7493575624082232,0.13775697503671072,0.0903539033584431,1w
ridge,576,0.65,2.0,train,0.0008439627979385922,0.045173182719015645,0.018682827889019347,-0.6831919656770753,0.5304955387196539,0.39393012298843544,0.8013828550449734,0.08563299271859512,0.0583352740975371,1w
ridge,576,0.65,2.0,valid,0.0015988924369564166,0.03758399959181629,0.04254183839722493,-0.381715266789724,0.3350294614053344,0.38087371512481644,0.7804698972099853,0.0847099853157122,0.07680649969404488,1w
ridge,576,0.65,2.0,test,-0.0001781207119161418,0.028543540223959985,-0.006240316040636891,-0.3917380109144507,-0.03732313994304626,0.3666483113069016,0.7480726872246696,0.1124265785609398,0.0903539033584431,1w
ridge,1152,0.65,2.0,train,0.0014115736862779621,0.04422685112162941,0.03191666714855997,-0.9372393404444809,0.8872826444169752,0.3935629933304779,0.7915927308327725,0.05889371596402129,0.0583352740975371,1w
ridge,1152,0.65,2.0,valid,0.003052119517312801,0.03755676987889878,0.08126682691707282,-0.2789050522484201,0.6395364280892382,0.394273127753304,0.7995594713656388,0.05644273127753304,0.07680649969404488,1w
ridge,1152,0.65,2.0,test,0.00030241796696109873,0.028803318441190055,0.010499414071978155,-0.3433715707110486,0.06336819553861428,0.3668318649045521,0.7433002936857562,0.09976138032305433,0.0903539033584431,1w
ridge,-1,0.7,2.0,train,0.0035405488440313675,0.04055937419214533,0.08729298502630806,-0.8444603636192567,2.225507298384799,0.30465642782842806,0.6000122376552652,0.02114054947072141,0.0583352740975371,1w
ridge,-1,0.7,2.0,valid,0.0021264311040083113,0.028361374435429753,0.0749763065555779,-0.2483765160286323,0.4455691021014352,0.18263582966226138,0.3637114537444934,0.030745227606461086,0.07680649969404488,1w
ridge,-1,0.7,2.0,test,0.0014852288887586274,0.0255607669380834,0.058105803020556505,-0.23200436891538412,0.3112125763829612,0.22990088105726872,0.45980176211453744,0.030745227606461086,0.0903539033584431,1w
ridge,288,0.7,2.0,train,0.0006225498090420454,0.043416971896234724,0.014338858327796812,-0.5258883820982043,0.39132044342980654,0.3389218625711314,0.6969038732178915,0.10919047910420364,0.0583352740975371,1w
ridge,288,0.7,2.0,valid,0.0011335698367708452,0.0357973421160881,0.03166631290934291,-0.4541738380138661,0.2375264796433716,0.3247063142437592,0.6771292217327459,0.11554698972099853,0.07680649969404488,1w
ridge,288,0.7,2.0,test,-0.0004974617574813667,0.02734778614659127,-0.01819020211781831,-0.46643015539971255,-0.1042373713368634,0.32369676945668135,0.6640969162995595,0.1309654919236417,0.0903539033584431,1w
ridge,576,0.7,2.0,train,0.0011368245197561858,0.04302203183823055,0.026424240585168565,-0.7973455326559188,0.714581658706769,0.35675824512023496,0.7260294927491893,0.08391972098145996,0.0583352740975371,1w
ridge,576,0.7,2.0,valid,0.001722148975282236,0.03626267375910296,0.04749095410676736,-0.287849753007673,0.36085644682067963,0.34397944199706315,0.7059471365638766,0.08195668135095448,0.07680649969404488,1w
ridge,576,0.7,2.0,test,-0.0009068866967350584,0.02720351035020539,-0.033337120285588856,-0.5099459077378753,-0.19002764322355747,0.32369676945668135,0.6629038179148311,0.11187591776798825,0.0903539033584431,1w
ridge,1152,0.7,2.0,train,0.001564254826247466,0.042106542120382215,0.0371499236811058,-0.7878838369398071,0.9832544855908822,0.3559933916661568,0.7162393685369883,0.058771339411368785,0.0583352740975371,1w
ridge,1152,0.7,2.0,valid,0.002117175497958772,0.03640473500725031,0.058156596869531355,-0.3267923937140369,0.44362969664921215,0.35930616740088106,0.730359765051395,0.06011380323054332,0.07680649969404488,1w
ridge,1152,0.7,2.0,test,0.0006951214819863862,0.02701749760869889,0.025728566429578444,-0.40356902480079393,0.1456546859177601,0.3251651982378855,0.6590491923641704,0.08847283406754772,0.0903539033584431,1w
ridge,-1,0.75,2.0,train,0.0029203374585342417,0.037705861375613915,0.07745049050710603,-0.6689540140753485,1.8356567340317507,0.25221807501682675,0.5000305941381631,0.02722878296518387,0.0583352740975371,1w
ridge,-1,0.75,2.0,valid,0.0010841818137610332,0.024258853193054434,0.04469221216407072,-0.26282655935517574,0.22717778928346433,0.12050293685756241,0.24174008810572686,0.02909324522760646,0.07680649969404488,1w
ridge,-1,0.75,2.0,test,0.00044930968988719604,0.022505366746246567,0.01996455756323685,-0.3653832665572966,0.09414766117328566,0.1472099853157122,0.29845814977973567,0.03138766519823789,0.0903539033584431,1w
ridge,288,0.75,2.0,train,0.0004988126065915224,0.04145822967725281,0.012031690944710299,-0.6669262887652097,0.31354209344331085,0.2978033408798874,0.615248118460503,0.10441779355075567,0.0583352740975371,1w
ridge,288,0.75,2.0,valid,0.0007712105694048637,0.034166757575762145,0.02257195660708406,-0.4463099237031637,0.16159827623529788,0.2806534508076358,0.5876468428781204,0.11132525697503672,0.07680649969404488,1w
ridge,288,0.75,2.0,test,-0.0015359546722204045,0.025444867435078476,-0.06036402728917056,-0.5798840355663306,-0.32184157900986265,0.2801027900146843,0.5764500734214391,0.12784508076358297,0.0903539033584431,1w
ridge,576,0.75,2.0,train,0.0017288269717519974,0.0410176574385,0.04214835950454073,-0.6405310872718808,1.086700738436293,0.315884476534296,0.64250749556385,0.0802484244018846,0.0583352740975371,1w
ridge,576,0.75,2.0,valid,0.0023852269406475016,0.03493004395124572,0.06828582706556934,-0.2609138026364508,0.499796783563375,0.30855359765051393,0.6342694566813509,0.07773494860499265,0.07680649969404488,1w
ridge,576,0.75,2.0,test,-0.0017036599503293054,0.025673694593652527,-0.06635819181048108,-0.6392554534832916,-0.35698228497667706,0.2781754772393539,0.5744309838472834,0.10811306901615271,0.0903539033584431,1w
ridge,1152,0.75,2.0,train,0.0013414252364953568,0.04024532938586656,0.03333120282440629,-0.8468560561880984,0.843188947694006,0.3193722082848926,0.6435782903995595,0.059933916661567645,0.0583352740975371,1w
ridge,1152,0.75,2.0,valid,0.0002453519764885832,0.03523554395654638,0.006963195368607314,-0.4102055431590731,0.05141067568884061,0.31874082232011747,0.6531754772393539,0.06360132158590308,0.07680649969404488,1w
ridge,1152,0.75,2.0,test,0.0005961031600518389,0.025317756113098198,0.023544865405486847,-0.3227274469683843,0.12490653907547622,0.2857929515418502,0.578928046989721,0.0816813509544787,0.0903539033584431,1w
ridge,-1,0.8,2.0,train,0.002624285171158855,0.03476873399363492,0.07547830679251308,-0.41459431918848555,1.6495650981634347,0.20182952946215504,0.39998776234473477,0.025699076057027474,0.0583352740975371,1w
ridge,-1,0.8,2.0,valid,0.00031465834165812605,0.020297652249807705,0.015502203791135847,-0.20680419514343107,0.06593302482128616,0.07020925110132159,0.14344713656387664,0.022668869309838472,0.07680649969404488,1w
ridge,-1,0.8,2.0,test,0.001998611567210582,0.01865117909317797,0.10715738437907193,-0.13137843692825113,0.4187859930062816,0.08828928046989722,0.17795521292217328,0.025330396475770924,0.0903539033584431,1w
ridge,288,0.8,2.0,train,0.0010202895988494782,0.03941686707812652,0.025884593943684184,-0.6758387167620825,0.641330496692234,0.256103530563544,0.5290032429786453,0.10065471455669094,0.0583352740975371,1w
ridge,288,0.8,2.0,valid,0.0006554086562169826,0.0319695451257862,0.020501031642403283,-0.5673569125064452,0.13733332150270217,0.23669236417033773,0.49752202643171806,0.10398311306901616,0.07680649969404488,1w
ridge,288,0.8,2.0,test,-0.002055253539079959,0.023452341888239272,-0.08763532225797092,-0.6310891498746655,-0.4306546646502748,0.23155286343612336,0.47999265785609396,0.12105359765051395,0.0903539033584431,1w
ridge,576,0.8,2.0,train,0.0013734441676664984,0.038779694168139756,0.03541658069069764,-0.5804786282007521,0.8633153089297791,0.27244080034265433,0.5555589549042403,0.07792326990148687,0.0583352740975371,1w
ridge,576,0.8,2.0,valid,0.0017279877750622575,0.03285835568038171,0.05258899111905237,-0.28833349376496176,0.3620798999438173,0.2659691629955947,0.5522209985315712,0.0808553597650514,0.07680649969404488,1w
ridge,576,0.8,2.0,test,-0.0014192185961369368,0.023736044193658896,-0.05979170684709469,-0.6030160881113685,-0.297380881221297,0.2327459618208517,0.4841226138032305,0.10535976505139501,0.0903539033584431,1w
ridge,1152,0.8,2.0,train,0.0006144080555739416,0.03765174490286173,0.016318182786988003,-0.8647927645213953,0.38620272508635134,0.2735115951783638,0.5539068714434314,0.06452303738603683,0.0583352740975371,1w
ridge,1152,0.8,2.0,valid,0.0009849109759898812,0.03328233641058676,0.029592603230721246,-0.36823148160448105,0.20637673066126538,0.27321953010279,0.5610315712187959,0.06213289280469897,0.07680649969404488,1w
ridge,1152,0.8,2.0,test,-0.00018269471582275907,0.023587696344162072,-0.0077453394836488896,-0.39710101701265543,-0.03828156968471097,0.24109765051395007,0.4914647577092511,0.08094713656387666,0.0903539033584431,1w
ridge,-1,0.6,5.0,train,0.0034234687778809288,0.04607109429948028,0.07430838858801642,-0.9601632934070201,2.151913470650338,0.4033225234045157,0.7999755246894695,0.02958453160374472,0.0583352740975371,1w
ridge,-1,0.6,5.0,valid,0.0009455958476251023,0.03733687241712729,0.025326059372646745,-0.3977203283799774,0.19813869914852145,0.3788546255506608,0.760003671071953,0.04396108663729809,0.07680649969404488,1w
ridge,-1,0.6,5.0,test,0.00037143944517692006,0.029572028366345204,0.012560499421123276,-0.5278078009857248,0.07783084989707145,0.35673641703377384,0.7157672540381792,0.0322136563876652,0.0903539033584431,1w
ridge,288,0.6,5.0,train,-0.001514962739817804,0.04704225710320114,-0.032204295310369224,-1.23174004217123,-0.952270617570757,0.4113993758795815,0.8464174264210977,0.11347365844704155,0.0583352740975371,1w
ridge,288,0.6,5.0,valid,-0.0009556404556508907,0.03869059406781298,-0.024699554986825488,-0.600222845874073,-0.2002434308609926,0.40473568281938327,0.8435205580029369,0.11958516886930984,0.07680649969404488,1w
ridge,288,0.6,5.0,test,-0.0016646709432541552,0.03039174173759934,-0.0547737920921688,-0.684808787097886,-0.3488125884172497,0.407856093979442,0.8370044052863436,0.13959251101321585,0.0903539033584431,1w
ridge,576,0.6,5.0,train,-0.0004025255081993896,0.04720203747444093,-0.008527714686412637,-1.200149229595532,-0.2530182454039308,0.42987823533011077,0.8735544269717922,0.081778131310041,0.0583352740975371,1w
ridge,576,0.6,5.0,valid,0.0005023279499095099,0.03889927837593578,0.012913554463783177,-0.5322145202645705,0.10525702581180862,0.4177679882525698,0.8544419970631424,0.088931718061674,0.07680649969404488,1w
ridge,576,0.6,5.0,test,-0.0016300398318342996,0.030108525838404336,-0.05413881239429977,-0.702349313861582,-0.34155603860896977,0.4084067547723935,0.8326908957415565,0.11958516886930984,0.0903539033584431,1w
ridge,1152,0.6,5.0,train,0.0007376065265138044,0.04639345712135798,0.015898934295505113,-1.1379224894270772,0.4636424408775226,0.42868506394174877,0.8615309306736829,0.05773113871382243,0.0583352740975371,1w
ridge,1152,0.6,5.0,valid,0.0022814156030380745,0.038914471673827465,0.05862640567654105,-0.29151154635000487,0.4780443155904419,0.42694566813509544,0.8676578560939795,0.058461820851688696,0.07680649969404488,1w
ridge,1152,0.6,5.0,test,-0.00045950240697706623,0.030343937013719912,-0.015143137384226171,-0.537816110735904,-0.09628342743119456,0.4095080763582966,0.8318649045521292,0.10159691629955947,0.0903539033584431,1w
ridge,-1,0.65,5.0,train,0.0033350114808962023,0.04364057887035311,0.07641996433649088,-0.7851699281872846,2.096311255087979,0.35400477268555347,0.6999938811723674,0.024628281221317997,0.0583352740975371,1w
ridge,-1,0.65,5.0,valid,0.0002462451737259161,0.03366649560854259,0.007314250244193324,-0.32996637763599057,0.05159783486379954,0.28147944199706315,0.5697503671071953,0.050752569750367106,0.07680649969404488,1w
ridge,-1,0.65,5.0,test,0.00018560104159325496,0.027747090894436024,0.0066890270514979484,-0.42748624467656715,0.03889055671538655,0.2997430249632893,0.6016886930983847,0.0322136563876652,0.0903539033584431,1w
ridge,288,0.65,5.0,train,-0.0014439719131083798,0.04520966369377316,-0.031939452655279574,-1.0694241156129023,-0.9076474221510737,0.37517591629443797,0.7721348589610231,0.11114850394664383,0.0583352740975371,1w
ridge,288,0.65,5.0,valid,-0.0004991576678565576,0.037217096775450896,-0.013412052822610586,-0.5636927542584328,-0.10459272978778811,0.3655469897209985,0.7622063142437592,0.12068649045521292,0.07680649969404488,1w
ridge,288,0.65,5.0,test,-0.002572274540491821,0.028952526472694636,-0.08884456224978342,-0.7481058045034321,-0.5389904498691972,0.3641703377386197,0.7493575624082232,0.13775697503671072,0.0903539033584431,1w
ridge,576,0.65,5.0,train,-0.0004919118884714948,0.04528313263335401,-0.010863026912346812,-0.7863919656770737,-0.3092044612803694,0.3929511105672153,0.8013828550449734,0.08563299271859512,0.0583352740975371,1w
ridge,576,0.65,5.0,valid,0.0002788483840929772,0.037679546582918215,0.007400523875183556,-0.4393152667897252,0.05842946140532845,0.3803230543318649,0.7804698972099853,0.0847099853157122,0.07680649969404488,1w
ridge,576,0.65,5.0,test,-0.0019305436194051318,0.02869146294162248,-0.06728634309561494,-0.6203380109144481,-0.4045231399430429,0.36536343612334804,0.7480726872246696,0.1124265785609398,0.0903539033584431,1w
ridge,1152,0.65,5.0,train,0.0004928317172392275,0.0443077853000545,0.011122914718073742,-1.0258861741543948,0.3097826444169609,0.393104081258031,0.7915927308327725,0.05889371596402129,0.0583352740975371,1w
ridge,1152,0.65,5.0,valid,0.002173044627444957,0.037617550879059915,0.057766775791206496,-0.3299050522484198,0.4553364280892356,0.3939977973568282,0.7995594713656388,0.05644273127753304,0.07680649969404488,1w
ridge,1152,0.65,5.0,test,-0.0012524278480168778,0.028932119054215815,-0.04328849351372974,-0.5325691903627546,-0.2624318044613827,0.36490455212922174,0.7433002936857562,0.09976138032305433,0.0903539033584431,1w
ridge,-1,0.7,5.0,train,0.003210756272288113,0.04059178347550149,0.07909867459324403,-0.9086603636192496,2.018207298384822,0.30450345713761245,0.6000122376552652,0.02114054947072141,0.0583352740975371,1w
ridge,-1,0.7,5.0,valid,0.001648237271409191,0.028413269404440684,0.058009419752011696,-0.25917651602863223,0.34536910210143357,0.1825440528634361,0.3637114537444934,0.030745227606461086,0.07680649969404488,1w
ridge,-1,0.7,5.0,test,0.0010070350561595077,0.025595502562657833,0.0393442189187059,-0.26165237610928194,0.21101257638296156,0.2295337738619677,0.45980176211453744,0.030745227606461086,0.0903539033584431,1w
ridge,288,0.7,5.0,train,-0.0010808216649835349,0.043546663013101373,-0.02481985048219104,-0.9335102842987617,-0.6793795565701888,0.3375757204919537,0.6969038732178915,0.10919047910420364,0.0583352740975371,1w
ridge,288,0.7,5.0,valid,-0.0006675314848150612,0.03593234625422175,-0.01857745330884514,-0.5375738380138667,-0.1398735203566327,0.32305433186490456,0.6771292217327459,0.11554698972099853,0.07680649969404488,1w
ridge,288,0.7,5.0,test,-0.0025390917134285066,0.02751079120171795,-0.09229439076510272,-0.7634301553997092,-0.5320373713368537,0.32268722466960353,0.6640969162995595,0.1309654919236417,0.0903539033584431,1w
ridge,576,0.7,5.0,train,-0.00017232312755459208,0.043123556710384404,-0.003996032347514964,-0.9305455326559167,-0.10831834129325535,0.35577923269901485,0.7260294927491893,0.08391972098145996,0.0583352740975371,1w
ridge,576,0.7,5.0,valid,0.0004450564642690171,0.03635639942114074,0.012241489018580399,-0.3490497530076726,0.09325644682067713,0.3431534508076358,0.7059471365638766,0.08195668135095448,0.07680649969404488,1w
ridge,576,0.7,5.0,test,-0.0026507192958540042,0.027348649200280878,-0.09692322558390858,-0.777545907737875,-0.5554276432235488,0.32204478707782674,0.6629038179148311,0.11187591776798825,0.0903539033584431,1w
ridge,1152,0.7,5.0,train,0.0006474219314301109,0.04218736778300169,0.015346345729846006,-0.8340838369398074,0.4069544855908651,0.35562626200819925,0.7162393685369883,0.058771339411368785,0.0583352740975371,1w
ridge,1152,0.7,5.0,valid,0.0011808318856239683,0.03646877487766368,0.032379258409012304,-0.36243688839279276,0.2474296966492069,0.35884728340675476,0.730359765051395,0.06011380323054332,0.07680649969404488,1w
ridge,1152,0.7,5.0,test,-0.0006836230114056869,0.027137763751645283,-0.025190838038902187,-0.5925690248007929,-0.14324531408223784,0.3245227606461087,0.6590491923641704,0.08847283406754772,0.0903539033584431,1w
ridge,-1,0.75,5.0,train,0.002495568444277372,0.03774537530818722,0.06611587310766695,-0.7253540140753469,1.568656734031765,0.25185094535886926,0.5000305941381631,0.02722878296518387,0.0583352740975371,1w
ridge,-1,0.75,5.0,valid,0.0006303271882103715,0.024307404737512306,0.025931488573834524,-0.2880265593551756,0.13207778928346547,0.12013582966226138,0.24174008810572686,0.02909324522760646,0.07680649969404488,1w
ridge,-1,0.75,5.0,test,-3.8906169143641405e-05,0.022551658955692052,-0.0017252020891270823,-0.40978326655729624,-0.008152338826713734,0.14665932452276065,0.29845814977973567,0.03138766519823789,0.0903539033584431,1w
ridge,288,0.75,5.0,train,-0.0011301049728002694,0.04158593033786333,-0.027175175921730597,-1.0935555948937332,-0.7103579065566864,0.2968243284586673,0.615248118460503,0.10441779355075567,0.0583352740975371,1w
ridge,288,0.75,5.0,valid,-0.0009640317213440386,0.03429339812602803,-0.02811129179445058,-0.5306099237031638,-0.2020017237647045,0.2795521292217327,0.5876468428781204,0.11132525697503672,0.07680649969404488,1w
ridge,288,0.75,5.0,test,-0.003528906214070628,0.025614817205809676,-0.13776815917586324,-0.9207389801846635,-0.7394415790098522,0.27881791483113066,0.5764500734214391,0.12784508076358297,0.0903539033584431,1w
ridge,576,0.75,5.0,train,0.00047695155108259463,0.041117125368588574,0.01159982724490175,-0.691204566961295,0.29980073843626465,0.31524199963287036,0.64250749556385,0.0802484244018846,0.0583352740975371,1w
ridge,576,0.75,5.0,valid,0.0011739934604712877,0.0350171478405448,0.03352624450789715,-0.31373489767149354,0.2459967835633683,0.30781938325991187,0.6342694566813509,0.07773494860499265,0.07680649969404488,1w
ridge,576,0.75,5.0,test,-0.0033887921089196162,0.025824393815152856,-0.13122445905898442,-0.9074554534832933,-0.7100822849766736,0.276798825256975,0.5744309838472834,0.10811306901615271,0.0903539033584431,1w
ridge,1152,0.75,5.0,train,0.00040645613657489953,0.040326228866107365,0.010079200262549473,-0.9119624981223329,0.25548894769398545,0.3186991372453038,0.6435782903995595,0.059933916661567645,0.0583352740975371,1w
ridge,1152,0.75,5.0,valid,-0.0007453969221898331,0.03530581436899646,-0.02111258260181637,-0.4690055431590753,-0.15618932431116195,0.31791483113069013,0.6531754772393539,0.06360132158590308,0.07680649969404488,1w
ridge,1152,0.75,5.0,test,-0.0006766941967763569,0.025429126055467943,-0.026610989119338985,-0.5045274469683835,-0.14179346092452283,0.28469162995594716,0.578928046989721,0.0816813509544787,0.0903539033584431,1w
ridge,-1,0.8,5.0,train,0.002223379584669225,0.03481087465232399,0.06387025913239416,-0.44519431918848107,1.3975650981634558,0.20158477635685002,0.39998776234473477,0.025699076057027474,0.0583352740975371,1w
ridge,-1,0.8,5.0,valid,-3.897601957535498e-05,0.02035228608721596,-0.0019150683814255782,-0.24050001792295772,-0.008166975178712788,0.07020925110132159,0.14344713656387664,0.022668869309838472,0.07680649969404488,1w
ridge,-1,0.8,5.0,test,0.0016048891002502287,0.018685638767416284,0.08588890753088989,-0.13137843692825113,0.3362859930062787,0.08792217327459619,0.17795521292217328,0.025330396475770924,0.0903539033584431,1w
ridge,288,0.8,5.0,train,-0.0005499239482349038,0.0395418978009308,-0.013907373667380193,-1.0902627362067117,-0.345669503307809,0.2553080829713027,0.5290032429786453,0.10065471455669094,0.0583352740975371,1w
ridge,288,0.8,5.0,valid,-0.0009667279076596731,0.03209576237653083,-0.03012011044693449,-0.6864569125064435,-0.20256667849729126,0.2354992657856094,0.49752202643171806,0.10398311306901616,0.07680649969404488,1w
ridge,288,0.8,5.0,test,-0.003942257944366306,0.023623236531565672,-0.1668805177943594,-0.9692856927026021,-0.826054664650267,0.2305433186490455,0.47999265785609396,0.12105359765051395,0.0903539033584431,1w
ridge,576,0.8,5.0,train,0.00015784115720330068,0.03888110775630467,0.004059584880981338,-0.6776786282007516,0.09921530892975161,0.2717983234412287,0.5555589549042403,0.07792326990148687,0.0583352740975371,1w
ridge,576,0.8,5.0,valid,0.0004680758807891268,0.03294633246447596,0.014207222648949613,-0.34113349376496105,0.09807989994381394,0.2648678414096916,0.5522209985315712,0.0808553597650514,0.07680649969404488,1w
ridge,576,0.8,5.0,test,-0.0030613992128770274,0.02386639359274204,-0.1282723843877285,-0.8574160881113697,-0.6414808812212915,0.23173641703377387,0.4841226138032305,0.10535976505139501,0.0903539033584431,1w
ridge,1152,0.8,5.0,train,-0.00039215132764823535,0.03773936067120976,-0.0103910432151914,-0.9265927645213963,-0.24649727491365792,0.27289971241510125,0.5539068714434314,0.06452303738603683,0.0583352740975371,1w
ridge,1152,0.8,5.0,valid,1.7069566298248917e-05,0.03335014919966006,0.0005118287836152442,-0.427031481604483,0.0035767306612639604,0.272852422907489,0.5610315712187959,0.06213289280469897,0.07680649969404488,1w
ridge,1152,0.8,5.0,test,-0.0014440383281575629,0.023697324482068693,-0.06093676647970275,-0.5711010170126529,-0.30258156968470784,0.23981277533039647,0.4914647577092511,0.08094713656387666,0.0903539033584431,1w
ridge,-1,0.6,10.0,train,0.0026542709561835644,0.04614052220351081,0.057525810923344994,-1.0431609320826705,1.6684134706503637,0.40280242305574254,0.7999755246894695,0.02958453160374472,0.0583352740975371,1w
ridge,-1,0.6,10.0,valid,-0.00019500620817519234,0.03744083370629227,-0.005208383170763097,-0.45115684177654136,-0.040861300851478766,0.378212187958884,0.760003671071953,0.04396108663729809,0.07680649969404488,1w
ridge,-1,0.6,10.0,test,-0.00046372942413291864,0.029632972778622108,-0.01564910235625983,-0.6798078009857248,-0.09716915010292859,0.3560022026431718,0.7157672540381792,0.0322136563876652,0.0903539033584431,1w
ridge,288,0.6,10.0,train,-0.004465277859440885,0.047316338311805504,-0.094370739976022,-2.955243385233419,-2.8067706175706784,0.4096555100042832,0.8464174264210977,0.11347365844704155,0.0583352740975371,1w
ridge,288,0.6,10.0,valid,-0.00406246864948349,0.038986554442310604,-0.10420178719550167,-0.9282228458740824,-0.8512434308610026,0.4027165932452276,0.8435205580029369,0.11958516886930984,0.07680649969404488,1w
ridge,288,0.6,10.0,test,-0.00529169003282831,0.030759963799709262,-0.17203173798528093,-1.2408381252010823,-1.1088125884172308,0.40537812041116006,0.8370044052863436,0.13959251101321585,0.0903539033584431,1w
ridge,576,0.6,10.0,train,-0.0025287569222604573,0.04741388543921886,-0.05333367849597855,-1.6755544374440392,-1.5895182454038235,0.42850149911276997,0.8735544269717922,0.081778131310041,0.0583352740975371,1w
ridge,576,0.6,10.0,valid,-0.0018075105229245594,0.03908694349912487,-0.046243332456144294,-0.664706059883378,-0.37874297418819236,0.41584067547723935,0.8544419970631424,0.088931718061674,0.07680649969404488,1w
ridge,576,0.6,10.0,test,-0.004736868025666898,0.0304086616262184,-0.155773643835175,-1.1103493138615834,-0.9925560386089703,0.4061123348017621,0.8326908957415565,0.11958516886930984,0.0903539033584431,1w
ridge,1152,0.6,10.0,train,-0.0007634030800455799,0.04654979211189531,-0.016399709760476035,-1.4969224894270758,-0.47985755912248296,0.4278590222113443,0.8615309306736829,0.05773113871382243,0.0583352740975371,1w
ridge,1152,0.6,10.0,valid,0.0007637944576636242,0.039041007017355175,0.019563902573621863,-0.36007602074878753,0.1600443155904392,0.42630323054331865,0.8676578560939795,0.058461820851688696,0.07680649969404488,1w
ridge,1152,0.6,10.0,test,-0.0030986360339961567,0.03060741889724508,-0.1012380705605679,-0.8818161107359044,-0.649283427431195,0.4079478707782673,0.8318649045521292,0.10159691629955947,0.0903539033584431,1w
ridge,-1,0.65,10.0,train,0.002694676169141935,0.04370092579637901,0.06166176391085086,-0.9011699281872825,1.693811255088007,0.35382120785657467,0.6999938811723674,0.024628281221317997,0.0583352740975371,1w
ridge,-1,0.65,10.0,valid,-0.0010709354430141725,0.033790162106724184,-0.03169370539364942,-0.539912160914541,-0.2244021651362006,0.2812958883994126,0.5697503671071953,0.050752569750367106,0.07680649969404488,1w
ridge,-1,0.65,10.0,test,-0.0006495678277165836,0.02781776298652781,-0.023350829037948537,-0.4697994473853986,-0.1361094432846135,0.29919236417033773,0.6016886930983847,0.0322136563876652,0.0903539033584431,1w
ridge,288,0.65,10.0,train,-0.004333833015721121,0.04545926372048302,-0.09533443045555495,-2.823207154549131,-2.72414742215099,0.3737685859389341,0.7721348589610231,0.11114850394664383,0.0583352740975371,1w
ridge,288,0.65,10.0,valid,-0.0036346202229226385,0.03748853278861199,-0.09695285338098743,-0.8050698338533121,-0.76159272978779,0.3637114537444934,0.7622063142437592,0.12068649045521292,0.07680649969404488,1w
ridge,288,0.65,10.0,test,-0.006151569694676845,0.029287831545317118,-0.21003841425263967,-1.4339957853001029,-1.2889904498691664,0.36169236417033773,0.7493575624082232,0.13775697503671072,0.0903539033584431,1w
ridge,576,0.65,10.0,train,-0.002718369699154969,0.04548470661453791,-0.059764476930496864,-1.8092174217082708,-1.70870446128029,0.3916049684880377,0.8013828550449734,0.08563299271859512,0.0583352740975371,1w
ridge,576,0.65,10.0,valid,-0.001921225037346084,0.037860448694658384,-0.05074490936017734,-0.5353152667897253,-0.40257053859467196,0.37857929515418504,0.7804698972099853,0.0847099853157122,0.07680649969404488,1w
ridge,576,0.65,10.0,test,-0.004851248465220111,0.028973919497642532,-0.167435008771072,-1.1608947863240593,-1.0165231399430388,0.36334434654919234,0.7480726872246696,0.1124265785609398,0.0903539033584431,1w
ridge,1152,0.65,10.0,train,-0.0010384048978253273,0.044455703193291035,-0.02335819306041337,-1.3224209797553497,-0.652717355583041,0.39218625711313715,0.7915927308327725,0.05889371596402129,0.0583352740975371,1w
ridge,1152,0.65,10.0,valid,0.0007079198109985544,0.037733497633137845,0.018761044043180717,-0.4149050522484199,0.14833642808923542,0.39234581497797355,0.7995594713656388,0.05644273127753304,0.07680649969404488,1w
ridge,1152,0.65,10.0,test,-0.0038438375396468343,0.02917896706459537,-0.13173316009225008,-0.9406261149912563,-0.8054318044613832,0.3632525697503671,0.7433002936857562,0.09976138032305433,0.0903539033584431,1w
ridge,-1,0.7,10.0,train,0.0026611019860493554,0.04065103620365573,0.06546209480903818,-1.017617095277953,1.6727072983848221,0.3042281098941443,0.6000122376552652,0.02114054947072141,0.0583352740975371,1w
ridge,-1,0.7,10.0,valid,0.0008512475504106587,0.028510393069955568,0.02985744701316338,-0.30636421460819463,0.17836910210143353,0.18226872246696035,0.3637114537444934,0.030745227606461086,0.07680649969404488,1w
ridge,-1,0.7,10.0,test,0.00021004533516097586,0.02566533519174488,0.008184009037549442,-0.3126523761092821,0.0440125763829613,0.22916666666666666,0.45980176211453744,0.030745227606461086,0.0903539033584431,1w
ridge,288,0.7,10.0,train,-0.003919774121692831,0.04378610294777031,-0.08952096345199945,-2.6123954560320315,-2.463879556570049,0.3356482897876767,0.6969038732178915,0.10919047910420364,0.0583352740975371,1w
ridge,288,0.7,10.0,valid,-0.0036693670207915675,0.036186918076987165,-0.10140037383081478,-0.8216429244467737,-0.7688735203566334,0.3216776798825257,0.6771292217327459,0.11554698972099853,0.07680649969404488,1w
ridge,288,0.7,10.0,test,-0.005941808306673735,0.027824884560032875,-0.21354296345252166,-1.3504280086668732,-1.2450373713368212,0.3202092511013216,0.6640969162995595,0.1309654919236417,0.0903539033584431,1w
ridge,576,0.7,10.0,train,-0.0023542358730725523,0.043311199993138795,-0.05435628367363411,-1.6633794310723318,-1.4798183412931838,0.35434130820534787,0.7260294927491893,0.08391972098145996,0.0583352740975371,1w
ridge,576,0.7,10.0,valid,-0.0016834310540863435,0.03653389719531417,-0.04607860598847527,-0.4510497530076727,-0.35274355317932327,0.34223568281938327,0.7059471365638766,0.08195668135095448,0.07680649969404488,1w
ridge,576,0.7,10.0,test,-0.005557106961052243,0.027627155166980277,-0.2011465504669133,-1.2659125068005206,-1.1644276432235334,0.31993392070484583,0.6629038179148311,0.11187591776798825,0.0903539033584431,1w
ridge,1152,0.7,10.0,train,-0.0008806328932654785,0.04233552132522226,-0.020801276698601167,-1.086361171016311,-0.5535455144091431,0.354861408554121,0.7162393685369883,0.058771339411368785,0.0583352740975371,1w
ridge,1152,0.7,10.0,valid,-0.00037974080160070193,0.03659140370858563,-0.010377869201874904,-0.44443688839279283,-0.0795703033507934,0.3580212922173275,0.730359765051395,0.06011380323054332,0.07680649969404488,1w
ridge,1152,0.7,10.0,test,-0.002981530500392471,0.027368436253826064,-0.1089404770057207,-0.9106106127082738,-0.6247453140822382,0.3227790014684288,0.6590491923641704,0.08847283406754772,0.0903539033584431,1w
ridge,-1,0.75,10.0,train,0.001787620087182591,0.037818425005606095,0.047268496425157826,-0.8331528779481405,1.123656734031734,0.2515755981154011,0.5000305941381631,0.02722878296518387,0.0583352740975371,1w
ridge,-1,0.75,10.0,valid,-0.00012609718770739705,0.02440015282221541,-0.005167885161464659,-0.36873228879511954,-0.02642221071653461,0.11995227606461087,0.24174008810572686,0.02909324522760646,0.07680649969404488,1w
ridge,-1,0.75,10.0,test,-0.00085259926752837,0.022642532483432086,-0.037654766230421924,-0.4837832665572962,-0.17865233882671394,0.14601688693098386,0.29845814977973567,0.03138766519823789,0.0903539033584431,1w
ridge,288,0.75,10.0,train,-0.0038449676051199185,0.04182176867058437,-0.09193699184282235,-2.54547942583996,-2.416857906556544,0.2952640274123478,0.615248118460503,0.10441779355075567,0.0583352740975371,1w
ridge,288,0.75,10.0,valid,-0.003856102205925538,0.034534050410164864,-0.11166087267859319,-0.8271565600901102,-0.8080017237647052,0.2777165932452276,0.5876468428781204,0.11132525697503672,0.07680649969404488,1w
ridge,288,0.75,10.0,test,-0.00685049211715433,0.02594148406506352,-0.26407479618254276,-1.5797389801846369,-1.435441579009824,0.27606461086637296,0.5764500734214391,0.12784508076358297,0.0903539033584431,1w
ridge,576,0.75,10.0,train,-0.001609507483366406,0.04130125593494701,-0.03896994042751429,-1.2190267356123172,-1.0116992615637237,0.3142323930734871,0.64250749556385,0.0802484244018846,0.0583352740975371,1w
ridge,576,0.75,10.0,valid,-0.0008447290064890653,0.03518301891046601,-0.02400956576917795,-0.41473489767149363,-0.17700321643663208,0.3071769456681351,0.6342694566813509,0.07773494860499265,0.07680649969404488,1w
ridge,576,0.75,10.0,test,-0.006197345706570132,0.02611254296541433,-0.2373321401434714,-1.373749063753869,-1.2985822849766582,0.2743208516886931,0.5744309838472834,0.10811306901615271,0.0903539033584431,1w
ridge,1152,0.75,10.0,train,-0.0011518256966258603,0.04047532331565123,-0.02845747982402072,-1.1445013530249841,-0.7240110523060169,0.31759774827143117,0.6435782903995595,0.059933916661567645,0.0583352740975371,1w
ridge,1152,0.75,10.0,valid,-0.0023966450866538575,0.03544018902450993,-0.06762506500731054,-0.6415911669102146,-0.5021893243111623,0.3169970631424376,0.6531754772393539,0.06360132158590308,0.07680649969404488,1w
ridge,1152,0.75,10.0,test,-0.0027980231248233463,0.025644448698472624,-0.10910833598813126,-0.8531504329968522,-0.5862934609245232,0.28267254038179146,0.578928046989721,0.0816813509544787,0.0903539033584431,1w
ridge,-1,0.8,10.0,train,0.0015552036071865107,0.034888460811626415,0.04457644651002335,-0.512186696235301,0.9775650981634283,0.20134002325154501,0.39998776234473477,0.025699076057027474,0.0583352740975371,1w
ridge,-1,0.8,10.0,valid,-0.0006283666216311555,0.020454286884883648,-0.030720534290322187,-0.3235000179229579,-0.13166697517871295,0.07020925110132159,0.14344713656387664,0.022668869309838472,0.07680649969404488,1w
ridge,-1,0.8,10.0,test,0.0009486849886496409,0.01875657790453556,0.050578788597691784,-0.16223145123718008,0.19878599300627853,0.08773861967694567,0.17795521292217328,0.025330396475770924,0.0903539033584431,1w
ridge,288,0.8,10.0,train,-0.003166946526708869,0.03977345451363864,-0.07962462817060302,-2.134338828830316,-1.9906695033077106,0.25374778192498315,0.5290032429786453,0.10065471455669094,0.0583352740975371,1w
ridge,288,0.8,10.0,valid,-0.003670288847454094,0.03233542529337191,-0.11350674420250867,-0.8940336570050966,-0.7690666784973043,0.23366372980910427,0.49752202643171806,0.10398311306901616,0.07680649969404488,1w
ridge,288,0.8,10.0,test,-0.007087265286510211,0.023952042828891597,-0.2958939801978544,-1.5922856927025784,-1.4850546646502423,0.2286160058737151,0.47999265785609396,0.12105359765051395,0.0903539033584431,1w
ridge,576,0.8,10.0,train,-0.0018681638602353588,0.03906885622024302,-0.04781721404138251,-1.370398162201307,-1.1742846910702087,0.2703298048093985,0.5555589549042403,0.07792326990148687,0.0583352740975371,1w
ridge,576,0.8,10.0,valid,-0.001631777276332754,0.033115766363745476,-0.04927493624665722,-0.4342549041262077,-0.34192010005618645,0.26339941262848754,0.5522209985315712,0.0808553597650514,0.07680649969404488,1w
ridge,576,0.8,10.0,test,-0.005798366907443841,0.024123035879063316,-0.24036638408668604,-1.286508522627313,-1.2149808812212777,0.22916666666666666,0.4841226138032305,0.10535976505139501,0.0903539033584431,1w
ridge,1152,0.8,10.0,train,-0.0020697502996851946,0.03790158720881216,-0.05460853890583177,-1.52586181505867,-1.300997274913616,0.2715229761977605,0.5539068714434314,0.06452303738603683,0.0583352740975371,1w
ridge,1152,0.8,10.0,valid,-0.0015959994498544682,0.03348100455610625,-0.04766880417760316,-0.5539951448057421,-0.33442326933873645,0.2720264317180617,0.5610315712187959,0.06213289280469897,0.07680649969404488,1w
ridge,1152,0.8,10.0,test,-0.003546277682048899,0.023911587710140843,-0.14830791351194683,-0.9408015450729523,-0.7430815696847082,0.23880323054331865,0.4914647577092511,0.08094713656387666,0.0903539033584431,1w
tree,-1,0.6,2.0,train,0.005832280975751126,0.03284830653108831,0.17755195295170956,-0.3086848877224795,3.666037230257687,0.23499357523098574,0.45398641620265556,0.014409839074833262,0.024665151051358802,1w
tree,-1,0.6,2.0,valid,0.0014222606998019348,0.023678452684193555,0.06006560980867464,-0.28378763349306624,0.29801831894311315,0.17483480176211455,0.35122980910425844,0.02184287812041116,0.014036258816851064,1w
tree,-1,0.6,2.0,test,-0.0005221401718902137,0.005954627907176333,-0.0876864482600074,-0.16212495748179667,-0.10940844832530328,0.03175477239353891,0.06690528634361234,0.008627019089574155,0.005379836266098942,1w
tree,288,0.6,2.0,train,0.0015183683700003667,0.021082267303999386,0.07202111367368567,-0.28632527755027537,0.9544113181121605,0.0796059475004589,0.15443920944746986,0.016214893226457812,0.024665151051358802,1w
tree,288,0.6,2.0,valid,-0.00038036423959847095,0.015309990791025083,-0.024844184741211306,-0.22396023328065506,-0.07970093758971042,0.07571585903083701,0.15602055800293685,0.014317180616740088,0.014036258816851064,1w
tree,288,0.6,2.0,test,-0.00038634248574472853,0.004824102523976444,-0.08008587790673062,-0.13367011924638883,-0.08095361008989543,0.019364904552129223,0.041116005873715125,0.006424375917767988,0.005379836266098942,1w
tree,576,0.6,2.0,train,0.0025895420360792353,0.025468810193541323,0.10167502982671414,-0.5690476573470007,1.627726365217041,0.11044483876889188,0.2141283730037325,0.015664198739521507,0.024665151051358802,1w
tree,576,0.6,2.0,valid,-0.0008534813494035724,0.01734208600974482,-0.04921445718375439,-0.2317912011369423,-0.17883716890579504,0.08994126284875184,0.18850954478707782,0.015969162995594713,0.014036258816851064,1w
tree,576,0.6,2.0,test,-0.0002930928648749941,0.005700056137052099,-0.05141929444690927,-0.11413073715029975,-0.06141422799380636,0.030561674008810574,0.06213289280469897,0.007342143906020558,0.005379836266098942,1w
tree,1152,0.6,2.0,train,0.003298276475864523,0.027003073108837004,0.12214448565060292,-0.27058175912637883,2.0732204786559163,0.1535825735789023,0.29890472985376004,0.016765587713394113,0.024665151051358802,1w
tree,1152,0.6,2.0,valid,0.0010997998790022603,0.019986098280978158,0.05502824330895035,-0.2051484233617178,0.2304503746463198,0.12426578560939794,0.25293685756240825,0.01725403817914831,0.014036258816851064,1w
tree,1152,0.6,2.0,test,-0.000489561187311312,0.00584507114754018,-0.08375624093426771,-0.15568482077183554,-0.10258189801815498,0.03102055800293686,0.06497797356828194,0.008443465491923641,0.005379836266098942,1w
tree,-1,0.65,2.0,train,0.005509134915166109,0.03151279392945166,0.17482216675232046,-0.3004300485386304,3.462915073790734,0.20225784739643884,0.3917579391788533,0.016490240469925962,0.024665151051358802,1w
tree,-1,0.65,2.0,valid,0.0014222606998019348,0.023678452684193555,0.06006560980867464,-0.28378763349306624,0.29801831894311315,0.17483480176211455,0.35122980910425844,0.02184287812041116,0.014036258816851064,1w
tree,-1,0.65,2.0,test,-0.0005221401718902137,0.005954627907176333,-0.0876864482600074,-0.16212495748179667,-0.10940844832530328,0.03175477239353891,0.06690528634361234,0.008627019089574155,0.005379836266098942,1w
tree,288,0.65,2.0,train,0.0008934971202858356,0.020040628674888504,0.044584285991258035,-0.32933539000188805,0.5616316706473676,0.06950988190662669,0.1360827265495931,0.015664198739521507,0.024665151051358802,1w
tree,288,0.65,2.0,valid,-0.0003472390280182509,0.01415816510797478,-0.02452570833650356,-0.20924590012572808,-0.07275993171705497,0.05745227606461087,0.12059471365638766,0.011563876651982379,0.014036258816851064,1w
tree,288,0.65,2.0,test,-0.00032479022069081294,0.004674863967052652,-0.06947586560376055,-0.12735122440770286,-0.06805604316629033,0.017988252569750368,0.037812041116005876,0.006057268722466961,0.005379836266098942,1w
tree,576,0.65,2.0,train,0.0017504308415861362,0.024265429731627274,0.07213681607726259,-0.5675574577485718,1.1002804324631672,0.09851312488527199,0.1911521752432234,0.014807562870953925,0.024665151051358802,1w
tree,576,0.65,2.0,valid,-0.0014887138601394456,0.016284294075129133,-0.09142022695433545,-0.3599916925717851,-0.3119428119246037,0.0808553597650514,0.1702459618208517,0.015418502202643172,0.014036258816851064,1w
tree,576,0.65,2.0,test,-0.0004148032851159061,0.0052222208997004665,-0.07943043641445695,-0.13963375136078016,-0.08691724220428676,0.024504405286343612,0.05157856093979442,0.0069750367107195305,0.005379836266098942,1w
tree,1152,0.65,2.0,train,0.002915214981114291,0.025837438343764056,0.11282910257308411,-0.296381816557461,1.832436862936575,0.13715352138530257,0.2667808847824757,0.015541822186868996,0.024665151051358802,1w
tree,1152,0.65,2.0,valid,0.00146272096535613,0.0182444414035813,0.08017351329095801,-0.1517574024813233,0.30649630074077727,0.10884728340675477,0.22127386196769458,0.017070484581497798,0.014036258816851064,1w
tree,1152,0.65,2.0,test,-0.0004677097422141139,0.005683152098359095,-0.08229759368030225,-0.15071968898658927,-0.09800317983009588,0.028634361233480177,0.05965491923641703,0.007342143906020558,0.005379836266098942,1w
tree,-1,0.7,2.0,train,0.0022413660065661862,0.02167652550375971,0.10340061215887343,-0.26256706273231334,1.408870947896589,0.08281833200758734,0.16101694915254236,0.01236003181790369,0.024665151051358802,1w
tree,-1,0.7,2.0,valid,-0.0002525786415117678,0.015100079207411625,-0.016726974610026795,-0.24299468131986413,-0.05292493995985059,0.07488986784140969,0.15840675477239355,0.017437591776798825,0.014036258816851064,1w
tree,-1,0.7,2.0,test,-0.00031647614144803785,0.0037313710167203944,-0.08481497552237449,-0.10063849710895989,-0.06631392379265033,0.010279001468428781,0.022852422907488987,0.004955947136563877,0.005379836266098942,1w
tree,288,0.7,2.0,train,0.0009603620218581813,0.018530166890831076,0.051826949401809146,-0.30790259938778863,0.6036614047395534,0.06002569907605703,0.11720614330294316,0.014256868384017622,0.024665151051358802,1w
tree,288,0.7,2.0,valid,7.964851190460498e-06,0.013090350771673741,0.0006084520827123799,-0.20192321190099816,0.0016689426648317518,0.044419970631424374,0.09306167400881057,0.010646108663729809,0.014036258816851064,1w
tree,288,0.7,2.0,test,-0.0002015936253746816,0.004416523355562882,-0.04564532079758212,-0.09716169401444419,-0.04224161811697169,0.01606093979441997,0.03395741556534508,0.005873715124816446,0.005379836266098942,1w
tree,576,0.7,2.0,train,0.0019316327267376245,0.022863283231376524,0.08448623529654481,-0.5329377953378147,1.2141797558874305,0.08569418099492138,0.1658814171204797,0.014562809765648901,0.024665151051358802,1w
tree,576,0.7,2.0,valid,-0.0005235839424470803,0.014587619197229706,-0.03589235058634604,-0.16249039063992843,-0.10971097378660377,0.06479441997063143,0.13582966226138032,0.013215859030837005,0.014036258816851064,1w
tree,576,0.7,2.0,test,-0.00033163353932985667,0.00477825004672812,-0.06940481056593949,-0.12220649078222645,-0.06948998162573305,0.02092511013215859,0.04331864904552129,0.005506607929515419,0.005379836266098942,1w
tree,1152,0.7,2.0,train,0.0032574258715045625,0.024040660444187487,0.13549652178096205,-0.21013148983932384,2.047542731461504,0.11491158294070856,0.22183809582084071,0.013767362173407575,0.024665151051358802,1w
tree,1152,0.7,2.0,valid,0.001027139435906392,0.01712038655180407,0.059995107750540635,-0.14513206541838986,0.2152252171853084,0.098568281938326,0.2013582966226138,0.015969162995594713,0.014036258816851064,1w
tree,1152,0.7,2.0,test,-0.0003459887584927898,0.005476969230797694,-0.06317157243594707,-0.12521446132067493,-0.07249795216418153,0.02643171806167401,0.054423641703377386,0.005873715124816446,0.005379836266098942,1w
tree,-1,0.75,2.0,train,0.0022413660065661862,0.02167652550375971,0.10340061215887343,-0.26256706273231334,1.408870947896589,0.08281833200758734,0.16101694915254236,0.01236003181790369,0.024665151051358802,1w
tree,-1,0.75,2.0,valid,-0.0002525786415117678,0.015100079207411625,-0.016726974610026795,-0.24299468131986413,-0.05292493995985059,0.07488986784140969,0.15840675477239355,0.017437591776798825,0.014036258816851064,1w
tree,-1,0.75,2.0,test,-0.00031647614144803785,0.0037313710167203944,-0.08481497552237449,-0.10063849710895989,-0.06631392379265033,0.010279001468428781,0.022852422907488987,0.004955947136563877,0.005379836266098942,1w
tree,288,0.75,2.0,train,0.0004992815391185687,0.016569349545175555,0.03013283881526556,-0.26965949425386493,0.31383685360825964,0.0509086459034449,0.09927797833935018,0.013583797344428808,0.024665151051358802,1w
tree,288,0.75,2.0,valid,-0.0001263945934883797,0.012198506347509156,-0.01036148114266371,-0.19082447128465851,-0.026484528666334328,0.03542584434654919,0.07571585903083701,0.010279001468428781,0.014036258816851064,1w
tree,288,0.75,2.0,test,-0.00021253794729082166,0.003975713289661874,-0.0534590730784054,-0.0972513836503548,-0.0445348744938614,0.014041850220264317,0.029827459618208516,0.005139500734214391,0.005379836266098942,1w
tree,576,0.75,2.0,train,0.0014363884634911452,0.02125158529473395,0.06758970888854471,-0.5189018037546382,0.9028806407244605,0.07256929572293948,0.1407024414122254,0.01370617389708132,0.024665151051358802,1w
tree,576,0.75,2.0,valid,-7.529661256384472e-05,0.013890308516725644,-0.00542080202705205,-0.11614459216658501,-0.015777536355685573,0.055892070484581495,0.11719897209985315,0.012298091042584435,0.014036258816851064,1w
tree,576,0.75,2.0,test,-0.00023398546601297994,0.004417136072955102,-0.05297221143935501,-0.10174546372721316,-0.04902895457071976,0.014041850220264317,0.029827459618208516,0.003854625550660793,0.005379836266098942,1w
tree,1152,0.75,2.0,train,0.0028973929247652114,0.022895769673267487,0.1265470856019369,-0.2548155843889006,1.821234329593767,0.09903322523404516,0.18989781557853516,0.012604784923208713,0.024665151051358802,1w
tree,1152,0.75,2.0,valid,0.00046475246757470316,0.01607763874707687,0.02890676142721526,-0.14513206541838974,0.09738351705180692,0.0770007342143906,0.1604258443465492,0.013950073421439061,0.014036258816851064,1w
tree,1152,0.75,2.0,test,-0.0003601047149956268,0.005159526560327477,-0.06979413920737154,-0.12817229712942324,-0.07545578797292984,0.022852422907488987,0.04680616740088106,0.004955947136563877,0.005379836266098942,1w
tree,-1,0.8,2.0,train,0.0022413660065661862,0.02167652550375971,0.10340061215887343,-0.26256706273231334,1.408870947896589,0.08281833200758734,0.16101694915254236,0.01236003181790369,0.024665151051358802,1w
tree,-1,0.8,2.0,valid,-0.0002525786415117678,0.015100079207411625,-0.016726974610026795,-0.24299468131986413,-0.05292493995985059,0.07488986784140969,0.15840675477239355,0.017437591776798825,0.014036258816851064,1w
tree,-1,0.8,2.0,test,-0.00031647614144803785,0.0037313710167203944,-0.08481497552237449,-0.10063849710895989,-0.06631392379265033,0.010279001468428781,0.022852422907488987,0.004955947136563877,0.005379836266098942,1w
tree,288,0.8,2.0,train,0.0005151867537055091,0.015217783723328094,0.03385425651146256,-0.17091497282962553,0.32383450445419815,0.0410573334149177,0.07923881784250138,0.012788349752187482,0.024665151051358802,1w
tree,288,0.8,2.0,valid,-0.00020615960866920068,0.010616403909310361,-0.019418968082817862,-0.22043973234460779,-0.04319836723191561,0.02854258443465492,0.06103157121879589,0.010095447870778268,0.014036258816851064,1w
tree,288,0.8,2.0,test,-8.007413347253032e-05,0.0037081594959844726,-0.021594037030834776,-0.06949511989335277,-0.01677861073685938,0.011747430249632892,0.02487151248164464,0.004405286343612335,0.005379836266098942,1w
tree,576,0.8,2.0,train,0.0014065175833737433,0.018676244349321813,0.07531051516922448,-0.2863252775502756,0.8841044948106624,0.0599951049378939,0.11610475432907055,0.01309429113381876,0.024665151051358802,1w
tree,576,0.8,2.0,valid,-7.034005317998252e-05,0.013064742567407866,-0.005383960136762072,-0.11863090252582098,-0.014738946527867114,0.045337738619676944,0.09581497797356828,0.011196769456681351,0.014036258816851064,1w
tree,576,0.8,2.0,test,-0.00016964552031693947,0.004197425992072883,-0.04041656020554651,-0.08826377049059675,-0.03554726133410335,0.01183920704845815,0.024504405286343612,0.003120411160058737,0.005379836266098942,1w
tree,1152,0.8,2.0,train,0.002320899335386057,0.02181836965173166,0.10637363709720878,-0.2523307488014219,1.4588637630082446,0.08193110200085664,0.15755981154010892,0.01236003181790369,0.024665151051358802,1w
tree,1152,0.8,2.0,valid,6.953301887869922e-05,0.015079329466728101,0.004611147931486003,-0.1818339356569063,0.014569841801967298,0.06396842878120411,0.13252569750367107,0.013032305433186491,0.014036258816851064,1w
tree,1152,0.8,2.0,test,-0.00031876354268607415,0.004876886229368817,-0.06536210354190067,-0.11950973148548305,-0.06679322232898965,0.020099118942731278,0.041666666666666664,0.005323054331864904,0.005379836266098942,1w
tree,-1,0.6,5.0,train,0.0056074874861837265,0.03285570645819207,0.17067012372170692,-0.31123004853863456,3.5247372302576734,0.23468763384935445,0.45398641620265556,0.014409839074833262,0.024665151051358802,1w
tree,-1,0.6,5.0,valid,0.0010829435191851938,0.023709312159252614,0.04567587249732053,-0.2982330905461048,0.22691831894311298,0.17446769456681352,0.35122980910425844,0.02184287812041116,0.014036258816851064,1w
tree,-1,0.6,5.0,test,-0.0006567216696875706,0.0059976349395442,-0.10949677269578517,-0.18822495748179668,-0.13760844832530328,0.03175477239353891,0.06690528634361234,0.008627019089574155,0.005379836266098942,1w
tree,288,0.6,5.0,train,0.0012654160356676241,0.021093396114422874,0.05999110000131179,-0.2971252775502753,0.795411318112164,0.07936119439515389,0.15443920944746986,0.016214893226457812,0.024665151051358802,1w
tree,288,0.6,5.0,valid,-0.0006037122572196168,0.015319943788787233,-0.03940694989112674,-0.24016023328065494,-0.12650093758971048,0.07544052863436124,0.15602055800293685,0.014317180616740088,0.014036258816851064,1w
tree,288,0.6,5.0,test,-0.00048656275006190924,0.004857833824528649,-0.10016043521396494,-0.15257011924638886,-0.10195361008989545,0.019273127753303965,0.041116005873715125,0.006424375917767988,0.005379836266098942,1w
tree,576,0.6,5.0,train,0.0023451805357426994,0.02547218478148909,0.0920682915839621,-0.5798476573469991,1.4741263652170495,0.11016949152542373,0.2141283730037325,0.015664198739521507,0.024665151051358802,1w
tree,576,0.6,5.0,valid,-0.0011026002921348506,0.017361207441489574,-0.06350942443668242,-0.24955836824726418,-0.23103716890579484,0.08975770925110133,0.18850954478707782,0.015969162995594713,0.014036258816851064,1w
tree,576,0.6,5.0,test,-0.00040763030980891493,0.0057289206327576754,-0.07115307331683139,-0.1360307371502999,-0.08541422799380649,0.030469897209985317,0.06213289280469897,0.007342143906020558,0.005379836266098942,1w
tree,1152,0.6,5.0,train,0.003036733307535574,0.027009358153429093,0.11243263502542848,-0.27898175912637946,1.9088204786559295,0.15330722633543414,0.29890472985376004,0.016765587713394113,0.024665151051358802,1w
tree,1152,0.6,5.0,valid,0.0008306368834075461,0.01999859782989494,0.04153475611004422,-0.21959388041475658,0.17405037464631956,0.12417400881057268,0.25293685756240825,0.01725403817914831,0.014036258816851064,1w
tree,1152,0.6,5.0,test,-0.0006212792489853208,0.005887513756079587,-0.10552489127414319,-0.18079840717464835,-0.13018189801815494,0.03102055800293686,0.06497797356828194,0.008443465491923641,0.005379836266098942,1w
tree,-1,0.65,5.0,train,0.005251887163835263,0.03151938964109392,0.16662401219178524,-0.31123004853863456,3.301215073790713,0.20204368842929696,0.3917579391788533,0.016490240469925962,0.024665151051358802,1w
tree,-1,0.65,5.0,valid,0.0010829435191851938,0.023709312159252614,0.04567587249732053,-0.2982330905461048,0.22691831894311298,0.17446769456681352,0.35122980910425844,0.02184287812041116,0.014036258816851064,1w
tree,-1,0.65,5.0,test,-0.0006567216696875706,0.0059976349395442,-0.10949677269578517,-0.18822495748179668,-0.13760844832530328,0.03175477239353891,0.06690528634361234,0.008627019089574155,0.005379836266098942,1w
tree,288,0.65,5.0,train,0.0006491356199492996,0.020052811695017617,0.0323713018314826,-0.33893539000188877,0.4080316706473617,0.06923453466315854,0.1360827265495931,0.015664198739521507,0.024665151051358802,1w
tree,288,0.65,5.0,valid,-0.0005276355037891764,0.014167040980947575,-0.03724387502646195,-0.2231630849892643,-0.11055993171705514,0.05708516886930984,0.12059471365638766,0.011563876651982379,0.014036258816851064,1w
tree,288,0.65,5.0,test,-0.00041928361276129765,0.004706854215915542,-0.08907937096151208,-0.14415122440770278,-0.08785604316629037,0.017988252569750368,0.037812041116005876,0.006057268722466961,0.005379836266098942,1w
tree,576,0.65,5.0,train,0.0015194328607992533,0.0242680024497298,0.06261054505605469,-0.5771574577485696,0.9550804324631765,0.09826837177996696,0.1911521752432234,0.014807562870953925,0.024665151051358802,1w
tree,576,0.65,5.0,valid,-0.0017292424945006797,0.016302104581134808,-0.10607480070406376,-0.40559169257178507,-0.36234281192460394,0.08067180616740088,0.1702459618208517,0.015418502202643172,0.014036258816851064,1w
tree,576,0.65,5.0,test,-0.0005236138578031309,0.005255068362702973,-0.09963978042976539,-0.1603337513607802,-0.1097172422042868,0.024412628487518354,0.05157856093979442,0.0069750367107195305,0.005379836266098942,1w
tree,1152,0.65,5.0,train,0.002672762554999134,0.025840812827551587,0.10343182982810134,-0.30598181655745993,1.6800368629365798,0.13687817414183442,0.2667808847824757,0.015541822186868996,0.024665151051358802,1w
tree,1152,0.65,5.0,valid,0.0011964214058847638,0.018259252476769305,0.06552411756214745,-0.16560285953436193,0.25069630074077676,0.10875550660792951,0.22127386196769458,0.017070484581497798,0.014036258816851064,1w
tree,1152,0.65,5.0,test,-0.0005822471871480346,0.005720979834610714,-0.10177403241758741,-0.1726196889865893,-0.1220031798300959,0.02854258443465492,0.05965491923641703,0.007342143906020558,0.005379836266098942,1w
tree,-1,0.7,5.0,train,0.0020485495102068882,0.021671129810329728,0.09452896679297403,-0.2727670627323122,1.2876709478965953,0.08266536131677171,0.16101694915254236,0.01236003181790369,0.024665151051358802,1w
tree,-1,0.7,5.0,valid,-0.00052460507322983,0.015108242704890798,-0.03472310337323389,-0.2634401383729028,-0.10992493995985053,0.07470631424375918,0.15840675477239355,0.017437591776798825,0.014036258816851064,1w
tree,-1,0.7,5.0,test,-0.00039378891677843453,0.0037604361818921353,-0.10471894688033027,-0.11345915016605801,-0.08251392379265043,0.010095447870778268,0.022852422907488987,0.004955947136563877,0.005379836266098942,1w
tree,288,0.7,5.0,train,0.000737954875067506,0.01853817219254931,0.039807315813157565,-0.31570259938778933,0.46386140473954796,0.05975035183258887,0.11720614330294316,0.014256868384017622,0.024665151051358802,1w
tree,288,0.7,5.0,valid,-0.00015811444396372486,0.013100686694278552,-0.012069172223832969,-0.213323211900998,-0.03313105733516819,0.04423641703377386,0.09306167400881057,0.010646108663729809,0.014036258816851064,1w
tree,288,0.7,5.0,test,-0.0002932235813218184,0.004447171808411078,-0.06593484442567189,-0.11336169401444418,-0.0614416181169718,0.01606093979441997,0.03395741556534508,0.005873715124816446,0.005379836266098942,1w
tree,576,0.7,5.0,train,0.0017044528943935013,0.02286682945603794,0.07453822567183419,-0.5437377953378129,1.0713797558874347,0.08554121030410573,0.1658814171204797,0.014562809765648901,0.024665151051358802,1w
tree,576,0.7,5.0,valid,-0.0007297513433281379,0.01460167640531464,-0.049977230221492024,-0.20149039063992835,-0.15291097378660368,0.06470264317180617,0.13582966226138032,0.013215859030837005,0.014036258816851064,1w
tree,576,0.7,5.0,test,-0.0004175366230302973,0.004799119029010394,-0.08700276457122919,-0.13810649078222648,-0.08748998162573307,0.020741556534508078,0.04331864904552129,0.005506607929515419,0.005379836266098942,1w
tree,1152,0.7,5.0,train,0.003042655021599404,0.024038647130459136,0.12657347167195968,-0.21973148983932278,1.912542731461511,0.11463623569724041,0.22183809582084071,0.013767362173407575,0.024665151051358802,1w
tree,1152,0.7,5.0,valid,0.000778020493175114,0.017132709773702477,0.04541140913793576,-0.15501617305843585,0.1630252171853086,0.09838472834067548,0.2013582966226138,0.015969162995594713,0.014036258816851064,1w
tree,1152,0.7,5.0,test,-0.00043761871443992657,0.00550089142163091,-0.07955414511893437,-0.14231446132067493,-0.09169795216418153,0.026248164464023494,0.054423641703377386,0.005873715124816446,0.005379836266098942,1w
tree,-1,0.75,5.0,train,0.0020485495102068882,0.021671129810329728,0.09452896679297403,-0.2727670627323122,1.2876709478965953,0.08266536131677171,0.16101694915254236,0.01236003181790369,0.024665151051358802,1w
tree,-1,0.75,5.0,valid,-0.00052460507322983,0.015108242704890798,-0.03472310337323389,-0.2634401383729028,-0.10992493995985053,0.07470631424375918,0.15840675477239355,0.017437591776798825,0.014036258816851064,1w
tree,-1,0.75,5.0,test,-0.00039378891677843453,0.0037604361818921353,-0.10471894688033027,-0.11345915016605801,-0.08251392379265043,0.010095447870778268,0.022852422907488987,0.004955947136563877,0.005379836266098942,1w
tree,288,0.75,5.0,train,0.00028737430054547877,0.01657618828871415,0.017336573133712337,-0.29229412555519496,0.18063685360825987,0.050663892798139876,0.09927797833935018,0.013583797344428808,0.024665151051358802,1w
tree,288,0.75,5.0,valid,-0.00028674701639586905,0.01221036883815423,-0.023483894728868398,-0.2028244712846583,-0.0600845286663344,0.03524229074889868,0.07571585903083701,0.010279001468428781,0.014036258816851064,1w
tree,288,0.75,5.0,test,-0.0002927141587445662,0.004008350443676159,-0.07302608962406756,-0.11195138365035484,-0.061334874493861435,0.014041850220264317,0.029827459618208516,0.005139500734214391,0.005379836266098942,1w
tree,576,0.75,5.0,train,0.0012225721506966762,0.02125240585019176,0.05752629416709756,-0.5297018037546379,0.768480640724464,0.07241632503212385,0.1407024414122254,0.01370617389708132,0.024665151051358802,1w
tree,576,0.75,5.0,valid,-0.0002671468328281623,0.013900307800744995,-0.019218771027059156,-0.12394459216658493,-0.0559775363556857,0.055800293685756244,0.11719897209985315,0.012298091042584435,0.014036258816851064,1w
tree,576,0.75,5.0,test,-0.0002941176246032884,0.004434082317242459,-0.06633111511249506,-0.11224546372721322,-0.06162895457071982,0.013950073421439061,0.029827459618208516,0.003854625550660793,0.005379836266098942,1w
tree,1152,0.75,5.0,train,0.002700758279963155,0.02289292689722064,0.1179734811581059,-0.2620155843889007,1.6976343295937726,0.09878847212874013,0.18989781557853516,0.012604784923208713,0.024665151051358802,1w
tree,1152,0.75,5.0,valid,0.0002471313222002534,0.016086517630901576,0.015362636455607006,-0.15115338613134188,0.05178351705180706,0.07681718061674009,0.1604258443465492,0.013950073421439061,0.014036258816851064,1w
tree,1152,0.75,5.0,test,-0.00043741749032602344,0.005180389864459438,-0.08443717592125027,-0.14227229712942324,-0.09165578797292984,0.022668869309838472,0.04680616740088106,0.004955947136563877,0.005379836266098942,1w
tree,-1,0.8,5.0,train,0.0020485495102068882,0.021671129810329728,0.09452896679297403,-0.2727670627323122,1.2876709478965953,0.08266536131677171,0.16101694915254236,0.01236003181790369,0.024665151051358802,1w
tree,-1,0.8,5.0,valid,-0.00052460507322983,0.015108242704890798,-0.03472310337323389,-0.2634401383729028,-0.10992493995985053,0.07470631424375918,0.15840675477239355,0.017437591776798825,0.014036258816851064,1w
tree,-1,0.8,5.0,test,-0.00039378891677843453,0.0037604361818921353,-0.10471894688033027,-0.11345915016605801,-0.08251392379265043,0.010095447870778268,0.022852422907488987,0.004955947136563877,0.005379836266098942,1w
tree,288,0.8,5.0,train,0.0003156884975713839,0.015223158647079774,0.020737384723500975,-0.17691497282962532,0.1984345044541973,0.040873768585938934,0.07923881784250138,0.012788349752187482,0.024665151051358802,1w
tree,288,0.8,5.0,valid,-0.0003636485954533419,0.01063199835856453,-0.034203221557159796,-0.23243973234460769,-0.07619836723191564,0.02845080763582966,0.06103157121879589,0.010095447870778268,0.014036258816851064,1w
tree,288,0.8,5.0,test,-0.0001487966004328828,0.0037358702188213517,-0.03982916742750967,-0.08179511989335286,-0.031178610736859458,0.011655653450807636,0.02487151248164464,0.004405286343612335,0.005379836266098942,1w
tree,576,0.8,5.0,train,0.0012022466416861705,0.01867463589437778,0.06437858539711187,-0.29712527755027507,0.7557044948106637,0.05981154010891513,0.11610475432907055,0.01309429113381876,0.024665151051358802,1w
tree,576,0.8,5.0,valid,-0.00024500965670421203,0.013076040191594168,-0.018737297615658493,-0.12394663788360138,-0.05133894652786719,0.045245961820851686,0.09581497797356828,0.011196769456681351,0.014036258816851064,1w
tree,576,0.8,5.0,test,-0.0002183239344138559,0.004214461389760074,-0.051803519886152026,-0.09636377049059675,-0.04574726133410334,0.011747430249632892,0.024504405286343612,0.003120411160058737,0.005379836266098942,1w
tree,1152,0.8,5.0,train,0.0021280828390267594,0.021814792755341646,0.09755228311787054,-0.259530748801422,1.3376637630082504,0.08171694303371474,0.15755981154010892,0.01236003181790369,0.024665151051358802,1w
tree,1152,0.8,5.0,valid,-0.00013377094587901055,0.015092397036188027,-0.008863465860211549,-0.19829506497137217,-0.028030158198032673,0.06369309838472834,0.13252569750367107,0.013032305433186491,0.014036258816851064,1w
tree,1152,0.8,5.0,test,-0.0004018031902631669,0.004899076113723542,-0.08201611506659699,-0.13480973148548314,-0.08419322232898974,0.019915565345080762,0.041666666666666664,0.005323054331864904,0.005379836266098942,1w
tree,-1,0.6,10.0,train,0.0052328316702380615,0.03287405893309075,0.15917814349875542,-0.32923004853862725,3.289237230257714,0.23453466315853883,0.45398641620265556,0.014409839074833262,0.024665151051358802,1w
tree,-1,0.6,10.0,valid,0.0005174148848239602,0.02377518795689568,0.021762809436544992,-0.32423309054610483,0.10841831894311271,0.1741005873715125,0.35122980910425844,0.02184287812041116,0.014036258816851064,1w
tree,-1,0.6,10.0,test,-0.0008810241660164985,0.0060933109683570415,-0.14458874175168707,-0.23172495748179667,-0.18460844832530332,0.0315712187958884,0.06690528634361234,0.008627019089574155,0.005379836266098942,1w
tree,288,0.6,10.0,train,0.0008438288117797209,0.02112066181757491,0.03995276374708839,-0.3151252775502764,0.530411318112153,0.07896347059903322,0.15443920944746986,0.016214893226457812,0.024665151051358802,1w
tree,288,0.6,10.0,valid,-0.0009759589532548592,0.015348697709999195,-0.06358578243540836,-0.2671602332806551,-0.20450093758971055,0.07498164464023495,0.15602055800293685,0.014317180616740088,0.014036258816851064,1w
tree,288,0.6,10.0,test,-0.0006535965239238768,0.0049320659793856865,-0.1325198256989428,-0.18407011924638883,-0.13695361008989548,0.019181350954478708,0.041116005873715125,0.006424375917767988,0.005379836266098942,1w
tree,576,0.6,10.0,train,0.0019379113685151397,0.025485100301321898,0.07604095513073658,-0.5978476573469975,1.2181263652170577,0.10983295600562933,0.2141283730037325,0.015664198739521507,0.024665151051358802,1w
tree,576,0.6,10.0,valid,-0.001517798530020313,0.017403740643914867,-0.08721105198444817,-0.3310583682472644,-0.3180371689057949,0.08957415565345081,0.18850954478707782,0.015969162995594713,0.014036258816851064,1w
tree,576,0.6,10.0,test,-0.0005985260513654494,0.0057941002513946125,-0.1032992225533873,-0.17253073715029987,-0.12541422799380653,0.03037812041116006,0.06213289280469897,0.007342143906020558,0.005379836266098942,1w
tree,1152,0.6,10.0,train,0.0026008280269873268,0.027027940300207977,0.09622738536858888,-0.29298175912637947,1.6348204786559375,0.15303187909196597,0.29890472985376004,0.016765587713394113,0.024665151051358802,1w
tree,1152,0.6,10.0,valid,0.00038203189074968995,0.020030698906131704,0.019072319570074717,-0.2455938804147566,0.0800503746463197,0.12380690161527166,0.25293685756240825,0.01725403817914831,0.014036258816851064,1w
tree,1152,0.6,10.0,test,-0.0008408093517753354,0.005982398829340962,-0.14054719114538897,-0.22329840717464833,-0.17618189801815498,0.030837004405286344,0.06497797356828194,0.008443465491923641,0.005379836266098942,1w
tree,-1,0.65,10.0,train,0.004823140911617188,0.0315369393471161,0.15293623958021282,-0.32923004853862725,3.0317150737907648,0.20170715290950253,0.3917579391788533,0.016490240469925962,0.024665151051358802,1w
tree,-1,0.65,10.0,valid,0.0005174148848239602,0.02377518795689568,0.021762809436544992,-0.32423309054610483,0.10841831894311271,0.1741005873715125,0.35122980910425844,0.02184287812041116,0.014036258816851064,1w
tree,-1,0.65,10.0,test,-0.0008810241660164985,0.0060933109683570415,-0.14458874175168707,-0.23172495748179667,-0.18460844832530332,0.0315712187958884,0.06690528634361234,0.008627019089574155,0.005379836266098942,1w
tree,288,0.65,10.0,train,0.00024186645272174023,0.020081816411979498,0.012044052577706991,-0.3549353900018888,0.15203167064736145,0.06892859328152726,0.1360827265495931,0.015664198739521507,0.024665151051358802,1w
tree,288,0.65,10.0,valid,-0.0008282962967407184,0.014192623653212218,-0.058361041409933395,-0.24666308498926448,-0.1735599317170552,0.056809838472834065,0.12059471365638766,0.011563876651982379,0.014036258816851064,1w
tree,288,0.65,10.0,test,-0.0005767725995454385,0.004778028820723292,-0.12071350366156379,-0.1721512244077028,-0.1208560431662904,0.017804698972099853,0.037812041116005876,0.006057268722466961,0.005379836266098942,1w
tree,576,0.65,10.0,train,0.0011344362261544515,0.02427929989583855,0.046724420844972255,-0.5931574577485723,0.7130804324631614,0.0978706479838463,0.1911521752432234,0.014807562870953925,0.024665151051358802,1w
tree,576,0.65,10.0,valid,-0.0021301235517694017,0.016342812561241402,-0.13034008337225875,-0.48159169257178536,-0.446342811924604,0.08039647577092511,0.1702459618208517,0.015418502202643172,0.014036258816851064,1w
tree,576,0.65,10.0,test,-0.0007049648122818386,0.005327574520742164,-0.13232378252751922,-0.19483375136078018,-0.14771724220428684,0.0243208516886931,0.05157856093979442,0.0069750367107195305,0.005379836266098942,1w
tree,1152,0.65,10.0,train,0.00226867517814054,0.025853822666658588,0.08775008660774376,-0.32198181655745817,1.4260368629365852,0.13669460931285565,0.2667808847824757,0.015541822186868996,0.024665151051358802,1w
tree,1152,0.65,10.0,valid,0.0007525888067658208,0.018296166565870103,0.041133687980831425,-0.19060285953436207,0.15769630074077656,0.10848017621145374,0.22127386196769458,0.017070484581497798,0.014036258816851064,1w
tree,1152,0.65,10.0,test,-0.0007731429287045692,0.005804796605508359,-0.1331903563978295,-0.20911968898658928,-0.16200317983009593,0.02845080763582966,0.05965491923641703,0.007342143906020558,0.005379836266098942,1w
tree,-1,0.7,10.0,train,0.0017271886829413922,0.02166831716131504,0.07971032868325294,-0.28976706273231345,1.0856709478965985,0.08242060821146668,0.16101694915254236,0.01236003181790369,0.024665151051358802,1w
tree,-1,0.7,10.0,valid,-0.0009779824594265997,0.015136393847386203,-0.06461132481667557,-0.29944013837290284,-0.20492493995985062,0.07452276064610866,0.15840675477239355,0.017437591776798825,0.014036258816851064,1w
tree,-1,0.7,10.0,test,-0.0005226435423290952,0.003823327739161108,-0.13669859818080116,-0.13995915016605787,-0.10951392379265046,0.010095447870778268,0.022852422907488987,0.004955947136563877,0.005379836266098942,1w
tree,288,0.7,10.0,train,0.00036727629708304755,0.018560000914053177,0.019788592618277024,-0.32870259938778945,0.23086140473954786,0.05947500458912072,0.11720614330294316,0.014256868384017622,0.024665151051358802,1w
tree,288,0.7,10.0,valid,-0.00043491326922069987,0.01312842520786648,-0.033127603831730114,-0.23337606503992958,-0.09113105733516824,0.04396108663729809,0.09306167400881057,0.010646108663729809,0.014036258816851064,1w
tree,288,0.7,10.0,test,-0.0004459401745670459,0.004516769375575933,-0.09872989685469255,-0.14055812727346517,-0.09344161811697183,0.015969162995594713,0.03395741556534508,0.005873715124816446,0.005379836266098942,1w
tree,576,0.7,10.0,train,0.0013258198404866293,0.022880041805241873,0.057946565472746674,-0.5617377953378153,0.8333797558874223,0.08526586306063758,0.1658814171204797,0.014562809765648901,0.024665151051358802,1w
tree,576,0.7,10.0,valid,-0.0010733636781298998,0.014635651165145478,-0.07333897658657612,-0.2664903906399285,-0.22491097378660374,0.06451908957415566,0.13582966226138032,0.013215859030837005,0.014036258816851064,1w
tree,576,0.7,10.0,test,-0.0005607084291976981,0.004846651629052201,-0.11568985603104898,-0.16460649078222644,-0.1174899816257331,0.020741556534508078,0.04331864904552129,0.005506607929515419,0.005379836266098942,1w
tree,1152,0.7,10.0,train,0.0026847036050908065,0.02404172164881898,0.11166852542037851,-0.23573148983932146,1.6875427314615195,0.11445267086826164,0.22183809582084071,0.013767362173407575,0.024665151051358802,1w
tree,1152,0.7,10.0,valid,0.00036282225528965113,0.017165201557206845,0.02113708097632675,-0.17601617305843575,0.07602521718530841,0.09801762114537445,0.2013582966226138,0.015969162995594713,0.014036258816851064,1w
tree,1152,0.7,10.0,test,-0.0005903353076851539,0.005555608267587288,-0.10625934717703325,-0.1708144613206749,-0.12369795216418156,0.026156387665198236,0.054423641703377386,0.005873715124816446,0.005379836266098942,1w
tree,-1,0.75,10.0,train,0.0017271886829413922,0.02166831716131504,0.07971032868325294,-0.28976706273231345,1.0856709478965985,0.08242060821146668,0.16101694915254236,0.01236003181790369,0.024665151051358802,1w
tree,-1,0.75,10.0,valid,-0.0009779824594265997,0.015136393847386203,-0.06461132481667557,-0.29944013837290284,-0.20492493995985062,0.07452276064610866,0.15840675477239355,0.017437591776798825,0.014036258816851064,1w
tree,-1,0.75,10.0,test,-0.0005226435423290952,0.003823327739161108,-0.13669859818080116,-0.13995915016605787,-0.10951392379265046,0.010095447870778268,0.022852422907488987,0.004955947136563877,0.005379836266098942,1w
tree,288,0.75,10.0,train,-6.580443040967037e-05,0.016596554242838357,-0.003964945340269406,-0.37532098075632403,-0.04136314639174021,0.050419139692834854,0.09927797833935018,0.013583797344428808,0.024665151051358802,1w
tree,288,0.75,10.0,valid,-0.0005540010545750173,0.012240322634964461,-0.045260331046545636,-0.22282447128465843,-0.11608452866633445,0.035150513950073424,0.07571585903083701,0.010279001468428781,0.014036258816851064,1w
tree,288,0.75,10.0,test,-0.0004263411778341404,0.004081319379783826,-0.10446160620164999,-0.1364513836503548,-0.08933487449386146,0.013950073421439061,0.029827459618208516,0.005139500734214391,0.005379836266098942,1w
tree,576,0.75,10.0,train,0.0008662116293725616,0.02126098603564533,0.04074183708696791,-0.5477018037546393,0.5444806407244527,0.07217157192681882,0.1407024414122254,0.01370617389708132,0.024665151051358802,1w
tree,576,0.75,10.0,valid,-0.0005868971999353576,0.013927403240102809,-0.042139743483942185,-0.1514447375059358,-0.12297753635568576,0.05552496328928047,0.11719897209985315,0.012298091042584435,0.014036258816851064,1w
tree,576,0.75,10.0,test,-0.000394337888920469,0.0044724050353027005,-0.08817132746425761,-0.12974546372721318,-0.08262895457071984,0.013950073421439061,0.029827459618208516,0.003854625550660793,0.005379836266098942,1w
tree,1152,0.75,10.0,train,0.002373033871959728,0.02289423198551275,0.10365204097963894,-0.2740155843889007,1.4916343295937775,0.09860490729976136,0.18989781557853516,0.012604784923208713,0.024665151051358802,1w
tree,1152,0.75,10.0,valid,-0.00011557058675716231,0.016111254562258006,-0.007173282894300256,-0.1753297344116015,-0.02421648294819312,0.07654185022026432,0.1604258443465492,0.013950073421439061,0.014036258816851064,1w
tree,1152,0.75,10.0,test,-0.0005662721158766843,0.005225898731295973,-0.10835880008265185,-0.1657722971294232,-0.11865578797292986,0.022668869309838472,0.04680616740088106,0.004955947136563877,0.005379836266098942,1w
tree,-1,0.8,10.0,train,0.0017271886829413922,0.02166831716131504,0.07971032868325294,-0.28976706273231345,1.0856709478965985,0.08242060821146668,0.16101694915254236,0.01236003181790369,0.024665151051358802,1w
tree,-1,0.8,10.0,valid,-0.0009779824594265997,0.015136393847386203,-0.06461132481667557,-0.29944013837290284,-0.20492493995985062,0.07452276064610866,0.15840675477239355,0.017437591776798825,0.014036258816851064,1w
tree,-1,0.8,10.0,test,-0.0005226435423290952,0.003823327739161108,-0.13669859818080116,-0.13995915016605787,-0.10951392379265046,0.010095447870778268,0.022852422907488987,0.004955947136563877,0.005379836266098942,1w
tree,288,0.8,10.0,train,-1.6808595985490745e-05,0.015241064316930938,-0.0011028492260096608,-0.24551026108085772,-0.010565495545802994,0.04062901548063391,0.07923881784250138,0.012788349752187482,0.024665151051358802,1w
tree,288,0.8,10.0,valid,-0.0006261302400935769,0.010669476000854975,-0.05868425403866163,-0.2524397323446076,-0.1311983672319157,0.028359030837004404,0.06103157121879589,0.010095447870778268,0.014036258816851064,1w
tree,288,0.8,10.0,test,-0.0002633340453668035,0.0037976711496158447,-0.06934092895153421,-0.10229511989335283,-0.05517861073685948,0.011563876651982379,0.02487151248164464,0.004405286343612335,0.005379836266098942,1w
tree,576,0.8,10.0,train,0.0008617950722068825,0.018679321828825497,0.04613631480330192,-0.3151252775502762,0.5417044948106569,0.059444410450957594,0.11610475432907055,0.01309429113381876,0.024665151051358802,1w
tree,576,0.8,10.0,valid,-0.0005361256625779271,0.013105095596947076,-0.04090971016669435,-0.1449466378836013,-0.11233894652786724,0.04497063142437592,0.09581497797356828,0.011196769456681351,0.014036258816851064,1w
tree,576,0.8,10.0,test,-0.00029945462457538305,0.004251667983458801,-0.07043226934474123,-0.1098637704905967,-0.06274726133410335,0.011747430249632892,0.024504405286343612,0.003120411160058737,0.005379836266098942,1w
tree,1152,0.8,10.0,train,0.0018067220117612625,0.021814854852030222,0.08282072120196197,-0.27153074880142203,1.1356637630082491,0.08147218992840971,0.15755981154010892,0.01236003181790369,0.024665151051358802,1w
tree,1152,0.8,10.0,valid,-0.00047261088714185937,0.015123126294945624,-0.03125087220225179,-0.24814397708214642,-0.09903015819803274,0.06350954478707782,0.13252569750367107,0.013032305433186491,0.014036258816851064,1w
tree,1152,0.8,10.0,test,-0.0005402026028916542,0.004948139814711532,-0.10917286558588221,-0.1603097314854831,-0.11319322232898976,0.019915565345080762,0.041666666666666664,0.005323054331864904,0.005379836266098942,1w
