method,horizon,split,calendar,period_end,period_return
equal_weight,1h,train,month,2020-03-31 00:00:00+00:00,-0.012440163190014397
equal_weight,1h,train,month,2020-04-30 00:00:00+00:00,0.008939131036392656
equal_weight,1h,train,month,2020-05-31 00:00:00+00:00,0.017734912933929037
equal_weight,1h,train,month,2020-06-30 00:00:00+00:00,-0.03227848333308936
equal_weight,1h,train,month,2020-07-31 00:00:00+00:00,0.09339741820312808
equal_weight,1h,train,month,2020-08-31 00:00:00+00:00,0.0033814714426863013
equal_weight,1h,train,month,2020-09-30 00:00:00+00:00,0.00630865778800338
equal_weight,1h,train,month,2020-10-31 00:00:00+00:00,0.06874634682633296
equal_weight,1h,train,month,2020-11-30 00:00:00+00:00,0.0751750172968495
equal_weight,1h,train,month,2020-12-31 00:00:00+00:00,0.309000032628455
equal_weight,1h,train,month,2021-01-31 00:00:00+00:00,0.04514727854397016
equal_weight,1h,train,month,2021-02-28 00:00:00+00:00,0.027215063186020183
equal_weight,1h,train,month,2021-03-31 00:00:00+00:00,0.03921930087839387
equal_weight,1h,train,month,2021-04-30 00:00:00+00:00,-0.03976014041132325
equal_weight,1h,train,month,2021-05-31 00:00:00+00:00,-0.16939804872346065
equal_weight,1h,train,month,2021-06-30 00:00:00+00:00,-0.13470828377929345
equal_weight,1h,train,month,2021-07-31 00:00:00+00:00,-0.0582569812000614
equal_weight,1h,train,month,2021-08-31 00:00:00+00:00,-0.07261994565623087
equal_weight,1h,train,month,2021-09-30 00:00:00+00:00,-0.07613738577248119
equal_weight,1h,train,month,2021-10-31 00:00:00+00:00,0.05437501558815616
equal_weight,1h,train,month,2021-11-30 00:00:00+00:00,0.07928848108892161
equal_weight,1h,train,month,2021-12-31 00:00:00+00:00,-0.00938388049846961
equal_weight,1h,train,month,2022-01-31 00:00:00+00:00,-0.06486502096046187
equal_weight,1h,train,month,2022-02-28 00:00:00+00:00,0.05138709510372563
equal_weight,1h,train,month,2022-03-31 00:00:00+00:00,0.013668236770685516
equal_weight,1h,train,month,2022-04-30 00:00:00+00:00,0.0603823669280783
equal_weight,1h,train,month,2022-05-31 00:00:00+00:00,-0.07515960958277013
equal_weight,1h,train,month,2022-06-30 00:00:00+00:00,0.08939446457866262
equal_weight,1h,train,month,2022-07-31 00:00:00+00:00,-0.1509468362595916
equal_weight,1h,train,month,2022-08-31 00:00:00+00:00,0.013196596180222953
equal_weight,1h,train,month,2022-09-30 00:00:00+00:00,-0.024031829844347707
equal_weight,1h,train,month,2022-10-31 00:00:00+00:00,-0.04315201449160122
equal_weight,1h,train,month,2022-11-30 00:00:00+00:00,0.044831680491119075
equal_weight,1h,train,month,2022-12-31 00:00:00+00:00,-0.0538670215334458
equal_weight,1h,train,month,2023-01-31 00:00:00+00:00,0.023051232595329818
equal_weight,1h,train,month,2023-02-28 00:00:00+00:00,0.07317573466790517
equal_weight,1h,train,month,2023-03-31 00:00:00+00:00,0.020743222082957313
equal_weight,1h,train,month,2023-04-30 00:00:00+00:00,-0.02195503167651791
equal_weight,1h,train,month,2023-05-31 00:00:00+00:00,-0.02787384272762161
equal_weight,1h,train,month,2023-06-30 00:00:00+00:00,-0.00871329221129813
equal_weight,1h,train,month,2023-07-31 00:00:00+00:00,-0.02847025794944613
equal_weight,1h,train,month,2023-08-31 00:00:00+00:00,0.059723375128057254
equal_weight,1h,train,month,2023-09-30 00:00:00+00:00,-0.040646740114792745
equal_weight,1h,train,month,2023-10-31 00:00:00+00:00,0.059435745783182226
equal_weight,1h,train,month,2023-11-30 00:00:00+00:00,-0.006310773933984937
equal_weight,1h,train,month,2023-12-31 00:00:00+00:00,0.03332575579558861
equal_weight,1h,train,quarter,2020-03-31 00:00:00+00:00,-0.012440163190014397
equal_weight,1h,train,quarter,2020-06-30 00:00:00+00:00,-0.0063120195958723535
equal_weight,1h,train,quarter,2020-09-30 00:00:00+00:00,0.10401590543690342
equal_weight,1h,train,quarter,2020-12-31 00:00:00+00:00,0.5041580253558551
equal_weight,1h,train,quarter,2021-03-31 00:00:00+00:00,0.11569651730662889
equal_weight,1h,train,quarter,2021-06-30 00:00:00+00:00,-0.30986314139865
equal_weight,1h,train,quarter,2021-09-30 00:00:00+00:00,-0.19314117500745998
equal_weight,1h,train,quarter,2021-12-31 00:00:00+00:00,0.12729618945364352
equal_weight,1h,train,quarter,2022-03-31 00:00:00+00:00,-0.0033726928773631926
equal_weight,1h,train,quarter,2022-06-30 00:00:00+00:00,0.06835220285430621
equal_weight,1h,train,quarter,2022-09-30 00:00:00+00:00,-0.16041579300472952
equal_weight,1h,train,quarter,2022-12-31 00:00:00+00:00,-0.054108201546236745
equal_weight,1h,train,quarter,2023-03-31 00:00:00+00:00,0.12068802705650139
equal_weight,1h,train,quarter,2023-06-30 00:00:00+00:00,-0.0575013542551811
equal_weight,1h,train,quarter,2023-09-30 00:00:00+00:00,-0.012295186889585419
equal_weight,1h,train,quarter,2023-12-31 00:00:00+00:00,0.08783357191842889
equal_weight,1h,train,year,2020-12-31 00:00:00+00:00,0.6296046354948697
equal_weight,1h,train,year,2021-12-31 00:00:00+00:00,-0.2996471625462419
equal_weight,1h,train,year,2022-12-31 00:00:00+00:00,-0.15442340627936035
equal_weight,1h,train,year,2023-12-31 00:00:00+00:00,0.13489346347339826
equal_weight,1h,valid,month,2023-12-31 00:00:00+00:00,0.0
equal_weight,1h,valid,month,2024-01-31 00:00:00+00:00,-0.05694304752426993
equal_weight,1h,valid,month,2024-02-29 00:00:00+00:00,0.0985708641467955
equal_weight,1h,valid,month,2024-03-31 00:00:00+00:00,-0.021534495525684982
equal_weight,1h,valid,month,2024-04-30 00:00:00+00:00,-0.05292753329950184
equal_weight,1h,valid,month,2024-05-31 00:00:00+00:00,0.005098153311264397
equal_weight,1h,valid,month,2024-06-30 00:00:00+00:00,0.018023440521387712
equal_weight,1h,valid,month,2024-07-31 00:00:00+00:00,0.008720741141456934
equal_weight,1h,valid,month,2024-08-31 00:00:00+00:00,-0.007088418314005529
equal_weight,1h,valid,month,2024-09-30 00:00:00+00:00,-0.05742314485985789
equal_weight,1h,valid,month,2024-10-31 00:00:00+00:00,0.019049383387798935
equal_weight,1h,valid,month,2024-11-30 00:00:00+00:00,0.06561172823523376
equal_weight,1h,valid,month,2024-12-31 00:00:00+00:00,-0.044722914310116546
equal_weight,1h,valid,month,2025-01-31 00:00:00+00:00,-0.004569253818442309
equal_weight,1h,valid,month,2025-02-28 00:00:00+00:00,0.006586614656916234
equal_weight,1h,valid,month,2025-03-31 00:00:00+00:00,0.003385062459559718
equal_weight,1h,valid,quarter,2023-12-31 00:00:00+00:00,0.0
equal_weight,1h,valid,quarter,2024-03-31 00:00:00+00:00,0.013704833181368059
equal_weight,1h,valid,quarter,2024-06-30 00:00:00+00:00,-0.030942685444634077
equal_weight,1h,valid,quarter,2024-09-30 00:00:00+00:00,-0.05594282171967979
equal_weight,1h,valid,quarter,2024-12-31 00:00:00+00:00,0.03734587112396626
equal_weight,1h,valid,quarter,2025-03-31 00:00:00+00:00,0.005379054399755834
equal_weight,1h,valid,year,2023-12-31 00:00:00+00:00,0.0
equal_weight,1h,valid,year,2024-12-31 00:00:00+00:00,-0.03798274295463622
equal_weight,1h,valid,year,2025-12-31 00:00:00+00:00,0.005379054399755834
equal_weight,1h,test,month,2025-03-31 00:00:00+00:00,0.0056689809446748285
equal_weight,1h,test,month,2025-04-30 00:00:00+00:00,0.036359551340972907
equal_weight,1h,test,month,2025-05-31 00:00:00+00:00,-0.01890722869666206
equal_weight,1h,test,month,2025-06-30 00:00:00+00:00,-0.012904229051544092
equal_weight,1h,test,month,2025-07-31 00:00:00+00:00,-0.018457553393225745
equal_weight,1h,test,month,2025-08-31 00:00:00+00:00,-0.000978506342042107
equal_weight,1h,test,month,2025-09-30 00:00:00+00:00,-0.022223908596841424
equal_weight,1h,test,month,2025-10-31 00:00:00+00:00,-0.006222007568940646
equal_weight,1h,test,month,2025-11-30 00:00:00+00:00,0.06558867526819401
equal_weight,1h,test,month,2025-12-31 00:00:00+00:00,-0.026050397208991827
equal_weight,1h,test,month,2026-01-31 00:00:00+00:00,0.1305026283652564
equal_weight,1h,test,month,2026-02-28 00:00:00+00:00,0.14236551227311334
equal_weight,1h,test,month,2026-03-31 00:00:00+00:00,-0.017734703891088
equal_weight,1h,test,month,2026-04-30 00:00:00+00:00,-0.031540154760617556
equal_weight,1h,test,month,2026-05-31 00:00:00+00:00,0.0011191129632650565
equal_weight,1h,test,month,2026-06-30 00:00:00+00:00,0.1058986434232112
equal_weight,1h,test,quarter,2025-03-31 00:00:00+00:00,0.0056689809446748285
equal_weight,1h,test,quarter,2025-06-30 00:00:00+00:00,0.0036442975914148246
equal_weight,1h,test,quarter,2025-09-30 00:00:00+00:00,-0.04121036366631903
equal_weight,1h,test,quarter,2025-12-31 00:00:00+00:00,0.031372282972608634
equal_weight,1h,test,quarter,2026-03-31 00:00:00+00:00,0.2685437802441488
equal_weight,1h,test,quarter,2026-06-30 00:00:00+00:00,0.07221701966794214
equal_weight,1h,test,year,2025-12-31 00:00:00+00:00,-0.0019009014343460695
equal_weight,1h,test,year,2026-12-31 00:00:00+00:00,0.3601542313716848
ic_weight,1h,train,month,2020-03-31 00:00:00+00:00,0.008880952018593957
ic_weight,1h,train,month,2020-04-30 00:00:00+00:00,0.07801601149509141
ic_weight,1h,train,month,2020-05-31 00:00:00+00:00,0.014443594666750492
ic_weight,1h,train,month,2020-06-30 00:00:00+00:00,-0.0327369543669066
ic_weight,1h,train,month,2020-07-31 00:00:00+00:00,0.05223057524707042
ic_weight,1h,train,month,2020-08-31 00:00:00+00:00,-0.031256487153338175
ic_weight,1h,train,month,2020-09-30 00:00:00+00:00,0.00664551221104781
ic_weight,1h,train,month,2020-10-31 00:00:00+00:00,0.026203009812843403
ic_weight,1h,train,month,2020-11-30 00:00:00+00:00,0.13882815834746287
ic_weight,1h,train,month,2020-12-31 00:00:00+00:00,0.3604334598010821
ic_weight,1h,train,month,2021-01-31 00:00:00+00:00,0.1439524616413248
ic_weight,1h,train,month,2021-02-28 00:00:00+00:00,0.08308475260300052
ic_weight,1h,train,month,2021-03-31 00:00:00+00:00,0.03561044011878556
ic_weight,1h,train,month,2021-04-30 00:00:00+00:00,0.013695412412776165
ic_weight,1h,train,month,2021-05-31 00:00:00+00:00,-0.05669880593245824
ic_weight,1h,train,month,2021-06-30 00:00:00+00:00,-0.12544233357806944
ic_weight,1h,train,month,2021-07-31 00:00:00+00:00,-0.05862918371672965
ic_weight,1h,train,month,2021-08-31 00:00:00+00:00,-0.0949505218061959
ic_weight,1h,train,month,2021-09-30 00:00:00+00:00,-0.018345629491435145
ic_weight,1h,train,month,2021-10-31 00:00:00+00:00,0.016387021805492896
ic_weight,1h,train,month,2021-11-30 00:00:00+00:00,0.10429567705347265
ic_weight,1h,train,month,2021-12-31 00:00:00+00:00,0.026586483044034992
ic_weight,1h,train,month,2022-01-31 00:00:00+00:00,-0.015286677745367183
ic_weight,1h,train,month,2022-02-28 00:00:00+00:00,0.05155765158203196
ic_weight,1h,train,month,2022-03-31 00:00:00+00:00,0.01271206146038506
ic_weight,1h,train,month,2022-04-30 00:00:00+00:00,0.13630211304164086
ic_weight,1h,train,month,2022-05-31 00:00:00+00:00,-0.022688581524285767
ic_weight,1h,train,month,2022-06-30 00:00:00+00:00,0.30061824071108756
ic_weight,1h,train,month,2022-07-31 00:00:00+00:00,-0.10114961768456343
ic_weight,1h,train,month,2022-08-31 00:00:00+00:00,0.019052789289450756
ic_weight,1h,train,month,2022-09-30 00:00:00+00:00,0.02895191134919184
ic_weight,1h,train,month,2022-10-31 00:00:00+00:00,-0.05861830440018234
ic_weight,1h,train,month,2022-11-30 00:00:00+00:00,0.05688450442788273
ic_weight,1h,train,month,2022-12-31 00:00:00+00:00,-0.08052494229770013
ic_weight,1h,train,month,2023-01-31 00:00:00+00:00,0.06700651858172435
ic_weight,1h,train,month,2023-02-28 00:00:00+00:00,0.09579388411288692
ic_weight,1h,train,month,2023-03-31 00:00:00+00:00,-0.008708750142162103
ic_weight,1h,train,month,2023-04-30 00:00:00+00:00,-0.11620737983331542
ic_weight,1h,train,month,2023-05-31 00:00:00+00:00,0.002822018610588062
ic_weight,1h,train,month,2023-06-30 00:00:00+00:00,0.033557761420891064
ic_weight,1h,train,month,2023-07-31 00:00:00+00:00,-0.053992868088970414
ic_weight,1h,train,month,2023-08-31 00:00:00+00:00,0.06143088114386086
ic_weight,1h,train,month,2023-09-30 00:00:00+00:00,-0.05266542606363833
ic_weight,1h,train,month,2023-10-31 00:00:00+00:00,0.11053520135111006
ic_weight,1h,train,month,2023-11-30 00:00:00+00:00,0.04531740599853373
ic_weight,1h,train,month,2023-12-31 00:00:00+00:00,0.06463548414899356
ic_weight,1h,train,quarter,2020-03-31 00:00:00+00:00,0.008880952018593957
ic_weight,1h,train,quarter,2020-06-30 00:00:00+00:00,0.057785748498557554
ic_weight,1h,train,quarter,2020-09-30 00:00:00+00:00,0.02611559046599221
ic_weight,1h,train,quarter,2020-12-31 00:00:00+00:00,0.5898962528897524
ic_weight,1h,train,quarter,2021-03-31 00:00:00+00:00,0.2831187140802063
ic_weight,1h,train,quarter,2021-06-30 00:00:00+00:00,-0.16373038692409492
ic_weight,1h,train,quarter,2021-09-30 00:00:00+00:00,-0.1636430748160197
ic_weight,1h,train,quarter,2021-12-31 00:00:00+00:00,0.15223224480345432
ic_weight,1h,train,quarter,2022-03-31 00:00:00+00:00,0.048645949990361315
ic_weight,1h,train,quarter,2022-06-30 00:00:00+00:00,0.44436390819899163
ic_weight,1h,train,quarter,2022-09-30 00:00:00+00:00,-0.057504755108740646
ic_weight,1h,train,quarter,2022-12-31 00:00:00+00:00,-0.08518509306176347
ic_weight,1h,train,quarter,2023-03-31 00:00:00+00:00,0.15903677934494387
ic_weight,1h,train,quarter,2023-06-30 00:00:00+00:00,-0.0839715030027105
ic_weight,1h,train,quarter,2023-09-30 00:00:00+00:00,-0.0487612863607344
ic_weight,1h,train,quarter,2023-12-31 00:00:00+00:00,0.2358946388647576
ic_weight,1h,train,year,2020-12-31 00:00:00+00:00,0.7410157740991814
ic_weight,1h,train,year,2021-12-31 00:00:00+00:00,0.03405785381670823
ic_weight,1h,train,year,2022-12-31 00:00:00+00:00,0.3059240267356407
ic_weight,1h,train,year,2023-12-31 00:00:00+00:00,0.24817984998602305
ic_weight,1h,valid,month,2023-12-31 00:00:00+00:00,-0.015331294898503711
ic_weight,1h,valid,month,2024-01-31 00:00:00+00:00,-0.06303823329406433
ic_weight,1h,valid,month,2024-02-29 00:00:00+00:00,0.10561863440677377
ic_weight,1h,valid,month,2024-03-31 00:00:00+00:00,0.07555497993797666
ic_weight,1h,valid,month,2024-04-30 00:00:00+00:00,-0.011351494724880284
ic_weight,1h,valid,month,2024-05-31 00:00:00+00:00,0.0036768468087182704
ic_weight,1h,valid,month,2024-06-30 00:00:00+00:00,0.03431599501972982
ic_weight,1h,valid,month,2024-07-31 00:00:00+00:00,0.014954596497112949
ic_weight,1h,valid,month,2024-08-31 00:00:00+00:00,0.04409084435854327
ic_weight,1h,valid,month,2024-09-30 00:00:00+00:00,-0.030268814145360756
ic_weight,1h,valid,month,2024-10-31 00:00:00+00:00,0.010601972273961424
ic_weight,1h,valid,month,2024-11-30 00:00:00+00:00,0.0011250432868159521
ic_weight,1h,valid,month,2024-12-31 00:00:00+00:00,-0.06864970423312522
ic_weight,1h,valid,month,2025-01-31 00:00:00+00:00,-0.048209597215390976
ic_weight,1h,valid,month,2025-02-28 00:00:00+00:00,-0.01213909450893158
ic_weight,1h,valid,month,2025-03-31 00:00:00+00:00,0.027135908328832725
ic_weight,1h,valid,quarter,2023-12-31 00:00:00+00:00,-0.015331294898503711
ic_weight,1h,valid,quarter,2024-03-31 00:00:00+00:00,0.11419148431472648
ic_weight,1h,valid,quarter,2024-06-30 00:00:00+00:00,0.026334813945793956
ic_weight,1h,valid,quarter,2024-09-30 00:00:00+00:00,0.027628793952398478
ic_weight,1h,valid,quarter,2024-12-31 00:00:00+00:00,-0.05771663597594723
ic_weight,1h,valid,quarter,2025-03-31 00:00:00+00:00,-0.0342492986055265
ic_weight,1h,valid,year,2023-12-31 00:00:00+00:00,-0.015331294898503711
ic_weight,1h,valid,year,2024-12-31 00:00:00+00:00,0.10730352869532167
ic_weight,1h,valid,year,2025-12-31 00:00:00+00:00,-0.0342492986055265
ic_weight,1h,test,month,2025-03-31 00:00:00+00:00,-0.013267897924256755
ic_weight,1h,test,month,2025-04-30 00:00:00+00:00,-0.023577710660555362
ic_weight,1h,test,month,2025-05-31 00:00:00+00:00,-0.058279181926066737
ic_weight,1h,test,month,2025-06-30 00:00:00+00:00,-0.01705574508677654
ic_weight,1h,test,month,2025-07-31 00:00:00+00:00,-0.0035313224902394635
ic_weight,1h,test,month,2025-08-31 00:00:00+00:00,-0.03267415016018749
ic_weight,1h,test,month,2025-09-30 00:00:00+00:00,-0.004087192774847592
ic_weight,1h,test,month,2025-10-31 00:00:00+00:00,-0.007197683191313531
ic_weight,1h,test,month,2025-11-30 00:00:00+00:00,0.11446521046492109
ic_weight,1h,test,month,2025-12-31 00:00:00+00:00,-0.026936709748735632
ic_weight,1h,test,month,2026-01-31 00:00:00+00:00,0.08536670245434208
ic_weight,1h,test,month,2026-02-28 00:00:00+00:00,0.026930565340916868
ic_weight,1h,test,month,2026-03-31 00:00:00+00:00,-0.004737749552825576
ic_weight,1h,test,month,2026-04-30 00:00:00+00:00,-0.038768463710929124
ic_weight,1h,test,month,2026-05-31 00:00:00+00:00,-0.014625530797186537
ic_weight,1h,test,month,2026-06-30 00:00:00+00:00,0.05070273009823745
ic_weight,1h,test,quarter,2025-03-31 00:00:00+00:00,-0.013267897924256755
ic_weight,1h,test,quarter,2025-06-30 00:00:00+00:00,-0.09616585381432097
ic_weight,1h,test,quarter,2025-09-30 00:00:00+00:00,-0.04002977531014429
ic_weight,1h,test,quarter,2025-12-31 00:00:00+00:00,0.07663969168871398
ic_weight,1h,test,quarter,2026-03-31 00:00:00+00:00,0.10931556350958993
ic_weight,1h,test,quarter,2026-06-30 00:00:00+00:00,-0.004802727419784603
ic_weight,1h,test,year,2025-12-31 00:00:00+00:00,-0.07824362135597962
ic_weight,1h,test,year,2026-12-31 00:00:00+00:00,0.10398782323552935
linear,1h,train,month,2020-03-31 00:00:00+00:00,-0.029968425953809552
linear,1h,train,month,2020-04-30 00:00:00+00:00,0.06025495910195078
linear,1h,train,month,2020-05-31 00:00:00+00:00,0.0767968667961858
linear,1h,train,month,2020-06-30 00:00:00+00:00,0.053798492084043525
linear,1h,train,month,2020-07-31 00:00:00+00:00,0.06032148553992034
linear,1h,train,month,2020-08-31 00:00:00+00:00,0.060492860499929524
linear,1h,train,month,2020-09-30 00:00:00+00:00,0.05911957187331285
linear,1h,train,month,2020-10-31 00:00:00+00:00,0.06124692527059339
linear,1h,train,month,2020-11-30 00:00:00+00:00,0.10452149080909301
linear,1h,train,month,2020-12-31 00:00:00+00:00,0.2332057818203106
linear,1h,train,month,2021-01-31 00:00:00+00:00,0.29160114054444364
linear,1h,train,month,2021-02-28 00:00:00+00:00,0.005956894947255265
linear,1h,train,month,2021-03-31 00:00:00+00:00,0.08039685050001566
linear,1h,train,month,2021-04-30 00:00:00+00:00,0.0243471821503074
linear,1h,train,month,2021-05-31 00:00:00+00:00,-0.027068375662633204
linear,1h,train,month,2021-06-30 00:00:00+00:00,0.03906842907923225
linear,1h,train,month,2021-07-31 00:00:00+00:00,0.04665566654355713
linear,1h,train,month,2021-08-31 00:00:00+00:00,-0.10761814860564278
linear,1h,train,month,2021-09-30 00:00:00+00:00,-0.03286446285965017
linear,1h,train,month,2021-10-31 00:00:00+00:00,-0.16265097300645703
linear,1h,train,month,2021-11-30 00:00:00+00:00,0.12696135977432776
linear,1h,train,month,2021-12-31 00:00:00+00:00,0.04950745107705634
linear,1h,train,month,2022-01-31 00:00:00+00:00,-0.14917445292995624
linear,1h,train,month,2022-02-28 00:00:00+00:00,0.027996187776102133
linear,1h,train,month,2022-03-31 00:00:00+00:00,-0.09618857818811677
linear,1h,train,month,2022-04-30 00:00:00+00:00,0.11479511767686401
linear,1h,train,month,2022-05-31 00:00:00+00:00,0.18288311296418525
linear,1h,train,month,2022-06-30 00:00:00+00:00,0.20437283630443082
linear,1h,train,month,2022-07-31 00:00:00+00:00,-0.11622631521861426
linear,1h,train,month,2022-08-31 00:00:00+00:00,-0.034514048023991606
linear,1h,train,month,2022-09-30 00:00:00+00:00,-0.03578655497605787
linear,1h,train,month,2022-10-31 00:00:00+00:00,-0.012533792399413324
linear,1h,train,month,2022-11-30 00:00:00+00:00,-0.04827883343252248
linear,1h,train,month,2022-12-31 00:00:00+00:00,-0.049732578542636574
linear,1h,train,month,2023-01-31 00:00:00+00:00,-0.03419287643494118
linear,1h,train,month,2023-02-28 00:00:00+00:00,0.0782665416227224
linear,1h,train,month,2023-03-31 00:00:00+00:00,-0.01180632752936639
linear,1h,train,month,2023-04-30 00:00:00+00:00,-0.05935987264518838
linear,1h,train,month,2023-05-31 00:00:00+00:00,-0.005551706563012959
linear,1h,train,month,2023-06-30 00:00:00+00:00,0.04080322355118127
linear,1h,train,month,2023-07-31 00:00:00+00:00,-0.04653450229204348
linear,1h,train,month,2023-08-31 00:00:00+00:00,0.04003664589128575
linear,1h,train,month,2023-09-30 00:00:00+00:00,-0.01766623253294064
linear,1h,train,month,2023-10-31 00:00:00+00:00,0.18591767185314945
linear,1h,train,month,2023-11-30 00:00:00+00:00,0.07671125828883185
linear,1h,train,month,2023-12-31 00:00:00+00:00,0.048868186524038126
linear,1h,train,quarter,2020-03-31 00:00:00+00:00,-0.029968425953809552
linear,1h,train,quarter,2020-06-30 00:00:00+00:00,0.2030998383363627
linear,1h,train,quarter,2020-09-30 00:00:00+00:00,0.19094115799055844
linear,1h,train,quarter,2020-12-31 00:00:00+00:00,0.4455268656919975
linear,1h,train,quarter,2021-03-31 00:00:00+00:00,0.403754304579943
linear,1h,train,quarter,2021-06-30 00:00:00+00:00,0.03555613653274148
linear,1h,train,quarter,2021-09-30 00:00:00+00:00,-0.0966794297980279
linear,1h,train,quarter,2021-12-31 00:00:00+00:00,-0.009621800746000941
linear,1h,train,quarter,2022-03-31 00:00:00+00:00,-0.20948548040745996
linear,1h,train,quarter,2022-06-30 00:00:00+00:00,0.5881731211285395
linear,1h,train,quarter,2022-09-30 00:00:00+00:00,-0.17726455493772608
linear,1h,train,quarter,2022-12-31 00:00:00+00:00,-0.10694581283101079
linear,1h,train,quarter,2023-03-31 00:00:00+00:00,0.029102426945165627
linear,1h,train,quarter,2023-06-30 00:00:00+00:00,-0.02641396209499436
linear,1h,train,quarter,2023-09-30 00:00:00+00:00,-0.025879467981821724
linear,1h,train,quarter,2023-12-31 00:00:00+00:00,0.33929025178457994
linear,1h,train,year,2020-12-31 00:00:00+00:00,1.0091113680814443
linear,1h,train,year,2021-12-31 00:00:00+00:00,0.3004921032268537
linear,1h,train,year,2022-12-31 00:00:00+00:00,-0.07754389015826724
linear,1h,train,year,2023-12-31 00:00:00+00:00,0.3071347020951585
linear,1h,valid,month,2023-12-31 00:00:00+00:00,0.0065240449021950475
linear,1h,valid,month,2024-01-31 00:00:00+00:00,-0.03168300380439959
linear,1h,valid,month,2024-02-29 00:00:00+00:00,0.07833430277049058
linear,1h,valid,month,2024-03-31 00:00:00+00:00,0.05166866628038336
linear,1h,valid,month,2024-04-30 00:00:00+00:00,0.039752678470921676
linear,1h,valid,month,2024-05-31 00:00:00+00:00,-0.0006178984011505628
linear,1h,valid,month,2024-06-30 00:00:00+00:00,-0.0270758161364153
linear,1h,valid,month,2024-07-31 00:00:00+00:00,-0.04948613455072037
linear,1h,valid,month,2024-08-31 00:00:00+00:00,-0.0422100195134133
linear,1h,valid,month,2024-09-30 00:00:00+00:00,-0.09091905167343894
linear,1h,valid,month,2024-10-31 00:00:00+00:00,0.06350088219212302
linear,1h,valid,month,2024-11-30 00:00:00+00:00,-0.07569280412508428
linear,1h,valid,month,2024-12-31 00:00:00+00:00,-0.01055705079669822
linear,1h,valid,month,2025-01-31 00:00:00+00:00,-0.05973902673676246
linear,1h,valid,month,2025-02-28 00:00:00+00:00,-0.02194346093091515
linear,1h,valid,month,2025-03-31 00:00:00+00:00,0.01637246086927191
linear,1h,valid,quarter,2023-12-31 00:00:00+00:00,0.0065240449021950475
linear,1h,valid,quarter,2024-03-31 00:00:00+00:00,0.09812027492484576
linear,1h,valid,quarter,2024-06-30 00:00:00+00:00,0.010975459773604479
linear,1h,valid,quarter,2024-09-30 00:00:00+00:00,-0.17237938035135802
linear,1h,valid,quarter,2024-12-31 00:00:00+00:00,-0.02737607873168002
linear,1h,valid,quarter,2025-03-31 00:00:00+00:00,-0.06531502678433532
linear,1h,valid,year,2023-12-31 00:00:00+00:00,0.0065240449021950475
linear,1h,valid,year,2024-12-31 00:00:00+00:00,-0.1063514134003285
linear,1h,valid,year,2025-12-31 00:00:00+00:00,-0.06531502678433532
linear,1h,test,month,2025-03-31 00:00:00+00:00,-0.019731779445049447
linear,1h,test,month,2025-04-30 00:00:00+00:00,-0.06662005845568619
linear,1h,test,month,2025-05-31 00:00:00+00:00,-0.06083905397352918
linear,1h,test,month,2025-06-30 00:00:00+00:00,-0.05420096540632535
linear,1h,test,month,2025-07-31 00:00:00+00:00,-0.040337960665467465
linear,1h,test,month,2025-08-31 00:00:00+00:00,-0.02879006737251888
linear,1h,test,month,2025-09-30 00:00:00+00:00,-0.020989213236367377
linear,1h,test,month,2025-10-31 00:00:00+00:00,-0.07419070521395554
linear,1h,test,month,2025-11-30 00:00:00+00:00,0.12973851672309933
linear,1h,test,month,2025-12-31 00:00:00+00:00,-0.07527434603771377
linear,1h,test,month,2026-01-31 00:00:00+00:00,0.06211363197838993
linear,1h,test,month,2026-02-28 00:00:00+00:00,-0.07491603955058812
linear,1h,test,month,2026-03-31 00:00:00+00:00,-0.047374208581995814
linear,1h,test,month,2026-04-30 00:00:00+00:00,-0.04887594447685284
linear,1h,test,month,2026-05-31 00:00:00+00:00,0.00071489950506054
linear,1h,test,month,2026-06-30 00:00:00+00:00,0.043661412236364106
linear,1h,test,quarter,2025-03-31 00:00:00+00:00,-0.019731779445049447
linear,1h,test,quarter,2025-06-30 00:00:00+00:00,-0.17091825156502716
linear,1h,test,quarter,2025-09-30 00:00:00+00:00,-0.08752934120571565
linear,1h,test,quarter,2025-12-31 00:00:00+00:00,-0.03280870667099567
linear,1h,test,quarter,2026-03-31 00:00:00+00:00,-0.06400297278634759
linear,1h,test,quarter,2026-06-30 00:00:00+00:00,-0.006638878952558214
linear,1h,test,year,2025-12-31 00:00:00+00:00,-0.28274503263595674
linear,1h,test,year,2026-12-31 00:00:00+00:00,-0.07021694374997423
ridge,1h,train,month,2020-03-31 00:00:00+00:00,-0.029968425953809552
ridge,1h,train,month,2020-04-30 00:00:00+00:00,0.06025495910195078
ridge,1h,train,month,2020-05-31 00:00:00+00:00,0.0767968667961858
ridge,1h,train,month,2020-06-30 00:00:00+00:00,0.053798492084043525
ridge,1h,train,month,2020-07-31 00:00:00+00:00,0.06032148553992034
ridge,1h,train,month,2020-08-31 00:00:00+00:00,0.053735223224508744
ridge,1h,train,month,2020-09-30 00:00:00+00:00,0.05911957187331285
ridge,1h,train,month,2020-10-31 00:00:00+00:00,0.054944573751970704
ridge,1h,train,month,2020-11-30 00:00:00+00:00,0.10452149080909301
ridge,1h,train,month,2020-12-31 00:00:00+00:00,0.2332057818203106
ridge,1h,train,month,2021-01-31 00:00:00+00:00,0.29160114054444364
ridge,1h,train,month,2021-02-28 00:00:00+00:00,0.005956894947255265
ridge,1h,train,month,2021-03-31 00:00:00+00:00,0.08039685050001566
ridge,1h,train,month,2021-04-30 00:00:00+00:00,0.0243471821503074
ridge,1h,train,month,2021-05-31 00:00:00+00:00,-0.027068375662633204
ridge,1h,train,month,2021-06-30 00:00:00+00:00,0.047230110209508736
ridge,1h,train,month,2021-07-31 00:00:00+00:00,0.04665566654355713
ridge,1h,train,month,2021-08-31 00:00:00+00:00,-0.10761814860564278
ridge,1h,train,month,2021-09-30 00:00:00+00:00,-0.03286446285965017
ridge,1h,train,month,2021-10-31 00:00:00+00:00,-0.16265097300645703
ridge,1h,train,month,2021-11-30 00:00:00+00:00,0.12696135977432776
ridge,1h,train,month,2021-12-31 00:00:00+00:00,0.04950745107705634
ridge,1h,train,month,2022-01-31 00:00:00+00:00,-0.14917445292995624
ridge,1h,train,month,2022-02-28 00:00:00+00:00,0.027996187776102133
ridge,1h,train,month,2022-03-31 00:00:00+00:00,-0.08345369241189227
ridge,1h,train,month,2022-04-30 00:00:00+00:00,0.11479511767686401
ridge,1h,train,month,2022-05-31 00:00:00+00:00,0.18288311296418525
ridge,1h,train,month,2022-06-30 00:00:00+00:00,0.20437283630443082
ridge,1h,train,month,2022-07-31 00:00:00+00:00,-0.11326003771800797
ridge,1h,train,month,2022-08-31 00:00:00+00:00,-0.034514048023991606
ridge,1h,train,month,2022-09-30 00:00:00+00:00,-0.03578655497605787
ridge,1h,train,month,2022-10-31 00:00:00+00:00,-0.012533792399413324
ridge,1h,train,month,2022-11-30 00:00:00+00:00,-0.04827883343252248
ridge,1h,train,month,2022-12-31 00:00:00+00:00,-0.049732578542636574
ridge,1h,train,month,2023-01-31 00:00:00+00:00,-0.03419287643494118
ridge,1h,train,month,2023-02-28 00:00:00+00:00,0.0782665416227224
ridge,1h,train,month,2023-03-31 00:00:00+00:00,-0.01180632752936639
ridge,1h,train,month,2023-04-30 00:00:00+00:00,-0.05257838127526837
ridge,1h,train,month,2023-05-31 00:00:00+00:00,-0.005551706563012959
ridge,1h,train,month,2023-06-30 00:00:00+00:00,0.04080322355118127
ridge,1h,train,month,2023-07-31 00:00:00+00:00,-0.04653450229204348
ridge,1h,train,month,2023-08-31 00:00:00+00:00,0.04003664589128575
ridge,1h,train,month,2023-09-30 00:00:00+00:00,-0.021292453823309465
ridge,1h,train,month,2023-10-31 00:00:00+00:00,0.18591767185314945
ridge,1h,train,month,2023-11-30 00:00:00+00:00,0.07616660507040174
ridge,1h,train,month,2023-12-31 00:00:00+00:00,0.048868186524038126
ridge,1h,train,quarter,2020-03-31 00:00:00+00:00,-0.029968425953809552
ridge,1h,train,quarter,2020-06-30 00:00:00+00:00,0.2030998383363627
ridge,1h,train,quarter,2020-09-30 00:00:00+00:00,0.18335228241974622
ridge,1h,train,quarter,2020-12-31 00:00:00+00:00,0.4369424182648525
ridge,1h,train,quarter,2021-03-31 00:00:00+00:00,0.403754304579943
ridge,1h,train,quarter,2021-06-30 00:00:00+00:00,0.04369022928577815
ridge,1h,train,quarter,2021-09-30 00:00:00+00:00,-0.0966794297980279
ridge,1h,train,quarter,2021-12-31 00:00:00+00:00,-0.009621800746000941
ridge,1h,train,quarter,2022-03-31 00:00:00+00:00,-0.1983469709037008
ridge,1h,train,quarter,2022-06-30 00:00:00+00:00,0.5881731211285395
ridge,1h,train,quarter,2022-09-30 00:00:00+00:00,-0.1745031447694173
ridge,1h,train,quarter,2022-12-31 00:00:00+00:00,-0.10694581283101079
ridge,1h,train,quarter,2023-03-31 00:00:00+00:00,0.029102426945165627
ridge,1h,train,quarter,2023-06-30 00:00:00+00:00,-0.019394949061291467
ridge,1h,train,quarter,2023-09-30 00:00:00+00:00,-0.029475370647062182
ridge,1h,train,quarter,2023-12-31 00:00:00+00:00,0.338612773268006
ridge,1h,train,year,2020-12-31 00:00:00+00:00,0.9844536376464166
ridge,1h,train,year,2021-12-31 00:00:00+00:00,0.3107072166514724
ridge,1h,train,year,2022-12-31 00:00:00+00:00,-0.06140656184041715
ridge,1h,train,year,2023-12-31 00:00:00+00:00,0.3110349041193816
ridge,1h,valid,month,2023-12-31 00:00:00+00:00,0.0065240449021950475
ridge,1h,valid,month,2024-01-31 00:00:00+00:00,-0.03168300380439959
ridge,1h,valid,month,2024-02-29 00:00:00+00:00,0.07833430277049058
ridge,1h,valid,month,2024-03-31 00:00:00+00:00,0.05166866628038336
ridge,1h,valid,month,2024-04-30 00:00:00+00:00,0.03362370627666378
ridge,1h,valid,month,2024-05-31 00:00:00+00:00,-0.0006178984011505628
ridge,1h,valid,month,2024-06-30 00:00:00+00:00,-0.0270758161364153
ridge,1h,valid,month,2024-07-31 00:00:00+00:00,-0.04948613455072037
ridge,1h,valid,month,2024-08-31 00:00:00+00:00,-0.0422100195134133
ridge,1h,valid,month,2024-09-30 00:00:00+00:00,-0.09091905167343894
ridge,1h,valid,month,2024-10-31 00:00:00+00:00,0.06465725871184147
ridge,1h,valid,month,2024-11-30 00:00:00+00:00,-0.07569280412508428
ridge,1h,valid,month,2024-12-31 00:00:00+00:00,-0.01055705079669822
ridge,1h,valid,month,2025-01-31 00:00:00+00:00,-0.06263212065702728
ridge,1h,valid,month,2025-02-28 00:00:00+00:00,-0.02238945795087477
ridge,1h,valid,month,2025-03-31 00:00:00+00:00,0.01637246086927191
ridge,1h,valid,quarter,2023-12-31 00:00:00+00:00,0.0065240449021950475
ridge,1h,valid,quarter,2024-03-31 00:00:00+00:00,0.09812027492484576
ridge,1h,valid,quarter,2024-06-30 00:00:00+00:00,0.005016119047363432
ridge,1h,valid,quarter,2024-09-30 00:00:00+00:00,-0.17237938035135802
ridge,1h,valid,quarter,2024-12-31 00:00:00+00:00,-0.026318515466896897
ridge,1h,valid,quarter,2025-03-31 00:00:00+00:00,-0.06861587188630747
ridge,1h,valid,year,2023-12-31 00:00:00+00:00,0.0065240449021950475
ridge,1h,valid,year,2024-12-31 00:00:00+00:00,-0.11065319070951907
ridge,1h,valid,year,2025-12-31 00:00:00+00:00,-0.06861587188630747
ridge,1h,test,month,2025-03-31 00:00:00+00:00,-0.019731779445049447
ridge,1h,test,month,2025-04-30 00:00:00+00:00,-0.07109229398498484
ridge,1h,test,month,2025-05-31 00:00:00+00:00,-0.06083905397352918
ridge,1h,test,month,2025-06-30 00:00:00+00:00,-0.05420096540632535
ridge,1h,test,month,2025-07-31 00:00:00+00:00,-0.040337960665467465
ridge,1h,test,month,2025-08-31 00:00:00+00:00,-0.02879006737251888
ridge,1h,test,month,2025-09-30 00:00:00+00:00,-0.020989213236367377
ridge,1h,test,month,2025-10-31 00:00:00+00:00,-0.07419070521395554
ridge,1h,test,month,2025-11-30 00:00:00+00:00,0.12973851672309933
ridge,1h,test,month,2025-12-31 00:00:00+00:00,-0.07527434603771377
ridge,1h,test,month,2026-01-31 00:00:00+00:00,0.06211363197838993
ridge,1h,test,month,2026-02-28 00:00:00+00:00,-0.07491603955058812
ridge,1h,test,month,2026-03-31 00:00:00+00:00,-0.047374208581995814
ridge,1h,test,month,2026-04-30 00:00:00+00:00,-0.04887594447685284
ridge,1h,test,month,2026-05-31 00:00:00+00:00,0.00071489950506054
ridge,1h,test,month,2026-06-30 00:00:00+00:00,0.043661412236364106
ridge,1h,test,quarter,2025-03-31 00:00:00+00:00,-0.019731779445049447
ridge,1h,test,quarter,2025-06-30 00:00:00+00:00,-0.17489074838760632
ridge,1h,test,quarter,2025-09-30 00:00:00+00:00,-0.08752934120571565
ridge,1h,test,quarter,2025-12-31 00:00:00+00:00,-0.03280870667099567
ridge,1h,test,quarter,2026-03-31 00:00:00+00:00,-0.06400297278634759
ridge,1h,test,quarter,2026-06-30 00:00:00+00:00,-0.006638878952558214
ridge,1h,test,year,2025-12-31 00:00:00+00:00,-0.2861817179618753
ridge,1h,test,year,2026-12-31 00:00:00+00:00,-0.07021694374997423
tree,1h,train,month,2020-03-31 00:00:00+00:00,0.0
tree,1h,train,month,2020-04-30 00:00:00+00:00,0.0
tree,1h,train,month,2020-05-31 00:00:00+00:00,0.0
tree,1h,train,month,2020-06-30 00:00:00+00:00,0.0
tree,1h,train,month,2020-07-31 00:00:00+00:00,0.0
tree,1h,train,month,2020-08-31 00:00:00+00:00,0.0
tree,1h,train,month,2020-09-30 00:00:00+00:00,0.0
tree,1h,train,month,2020-10-31 00:00:00+00:00,0.0
tree,1h,train,month,2020-11-30 00:00:00+00:00,0.0
tree,1h,train,month,2020-12-31 00:00:00+00:00,0.0
tree,1h,train,month,2021-01-31 00:00:00+00:00,0.03656528215662691
tree,1h,train,month,2021-02-28 00:00:00+00:00,0.0
tree,1h,train,month,2021-03-31 00:00:00+00:00,0.0
tree,1h,train,month,2021-04-30 00:00:00+00:00,0.0
tree,1h,train,month,2021-05-31 00:00:00+00:00,1.1285194463237205
tree,1h,train,month,2021-06-30 00:00:00+00:00,0.0
tree,1h,train,month,2021-07-31 00:00:00+00:00,0.0
tree,1h,train,month,2021-08-31 00:00:00+00:00,0.0
tree,1h,train,month,2021-09-30 00:00:00+00:00,0.0
tree,1h,train,month,2021-10-31 00:00:00+00:00,0.0
tree,1h,train,month,2021-11-30 00:00:00+00:00,0.0
tree,1h,train,month,2021-12-31 00:00:00+00:00,0.0
tree,1h,train,month,2022-01-31 00:00:00+00:00,0.0
tree,1h,train,month,2022-02-28 00:00:00+00:00,0.0
tree,1h,train,month,2022-03-31 00:00:00+00:00,0.0
tree,1h,train,month,2022-04-30 00:00:00+00:00,0.0
tree,1h,train,month,2022-05-31 00:00:00+00:00,-0.05155898471269316
tree,1h,train,month,2022-06-30 00:00:00+00:00,0.858889289131354
tree,1h,train,month,2022-07-31 00:00:00+00:00,0.0
tree,1h,train,month,2022-08-31 00:00:00+00:00,0.0
tree,1h,train,month,2022-09-30 00:00:00+00:00,0.0
tree,1h,train,month,2022-10-31 00:00:00+00:00,0.0
tree,1h,train,month,2022-11-30 00:00:00+00:00,0.047638052942422515
tree,1h,train,month,2022-12-31 00:00:00+00:00,0.0
tree,1h,train,month,2023-01-31 00:00:00+00:00,0.0
tree,1h,train,month,2023-02-28 00:00:00+00:00,0.0
tree,1h,train,month,2023-03-31 00:00:00+00:00,0.0
tree,1h,train,month,2023-04-30 00:00:00+00:00,0.0
tree,1h,train,month,2023-05-31 00:00:00+00:00,0.0
tree,1h,train,month,2023-06-30 00:00:00+00:00,0.0
tree,1h,train,month,2023-07-31 00:00:00+00:00,0.0
tree,1h,train,month,2023-08-31 00:00:00+00:00,0.0
tree,1h,train,month,2023-09-30 00:00:00+00:00,0.0
tree,1h,train,month,2023-10-31 00:00:00+00:00,0.0
tree,1h,train,month,2023-11-30 00:00:00+00:00,0.0
tree,1h,train,month,2023-12-31 00:00:00+00:00,0.0
tree,1h,train,quarter,2020-03-31 00:00:00+00:00,0.0
tree,1h,train,quarter,2020-06-30 00:00:00+00:00,0.0
tree,1h,train,quarter,2020-09-30 00:00:00+00:00,0.0
tree,1h,train,quarter,2020-12-31 00:00:00+00:00,0.0
tree,1h,train,quarter,2021-03-31 00:00:00+00:00,0.03656528215662691
tree,1h,train,quarter,2021-06-30 00:00:00+00:00,1.1285194463237205
tree,1h,train,quarter,2021-09-30 00:00:00+00:00,0.0
tree,1h,train,quarter,2021-12-31 00:00:00+00:00,0.0
tree,1h,train,quarter,2022-03-31 00:00:00+00:00,0.0
tree,1h,train,quarter,2022-06-30 00:00:00+00:00,0.7630468446904459
tree,1h,train,quarter,2022-09-30 00:00:00+00:00,0.0
tree,1h,train,quarter,2022-12-31 00:00:00+00:00,0.047638052942422515
tree,1h,train,quarter,2023-03-31 00:00:00+00:00,0.0
tree,1h,train,quarter,2023-06-30 00:00:00+00:00,0.0
tree,1h,train,quarter,2023-09-30 00:00:00+00:00,0.0
tree,1h,train,quarter,2023-12-31 00:00:00+00:00,0.0
tree,1h,train,year,2020-12-31 00:00:00+00:00,0.0
tree,1h,train,year,2021-12-31 00:00:00+00:00,1.2063493604544195
tree,1h,train,year,2022-12-31 00:00:00+00:00,0.8470349636177799
tree,1h,train,year,2023-12-31 00:00:00+00:00,0.0
tree,1h,valid,month,2023-12-31 00:00:00+00:00,0.0
tree,1h,valid,month,2024-01-31 00:00:00+00:00,0.0
tree,1h,valid,month,2024-02-29 00:00:00+00:00,0.0
tree,1h,valid,month,2024-03-31 00:00:00+00:00,0.0
tree,1h,valid,month,2024-04-30 00:00:00+00:00,0.0
tree,1h,valid,month,2024-05-31 00:00:00+00:00,0.0
tree,1h,valid,month,2024-06-30 00:00:00+00:00,0.0
tree,1h,valid,month,2024-07-31 00:00:00+00:00,0.0
tree,1h,valid,month,2024-08-31 00:00:00+00:00,-0.05419336304655431
tree,1h,valid,month,2024-09-30 00:00:00+00:00,0.0
tree,1h,valid,month,2024-10-31 00:00:00+00:00,0.0
tree,1h,valid,month,2024-11-30 00:00:00+00:00,0.0
tree,1h,valid,month,2024-12-31 00:00:00+00:00,0.0
tree,1h,valid,month,2025-01-31 00:00:00+00:00,0.0
tree,1h,valid,month,2025-02-28 00:00:00+00:00,0.0
tree,1h,valid,month,2025-03-31 00:00:00+00:00,0.0
tree,1h,valid,quarter,2023-12-31 00:00:00+00:00,0.0
tree,1h,valid,quarter,2024-03-31 00:00:00+00:00,0.0
tree,1h,valid,quarter,2024-06-30 00:00:00+00:00,0.0
tree,1h,valid,quarter,2024-09-30 00:00:00+00:00,-0.05419336304655431
tree,1h,valid,quarter,2024-12-31 00:00:00+00:00,0.0
tree,1h,valid,quarter,2025-03-31 00:00:00+00:00,0.0
tree,1h,valid,year,2023-12-31 00:00:00+00:00,0.0
tree,1h,valid,year,2024-12-31 00:00:00+00:00,-0.05419336304655431
tree,1h,valid,year,2025-12-31 00:00:00+00:00,0.0
tree,1h,test,month,2025-03-31 00:00:00+00:00,0.0
tree,1h,test,month,2025-04-30 00:00:00+00:00,0.0
tree,1h,test,month,2025-05-31 00:00:00+00:00,0.0
tree,1h,test,month,2025-06-30 00:00:00+00:00,0.0
tree,1h,test,month,2025-07-31 00:00:00+00:00,0.0
tree,1h,test,month,2025-08-31 00:00:00+00:00,0.0
tree,1h,test,month,2025-09-30 00:00:00+00:00,0.0
tree,1h,test,month,2025-10-31 00:00:00+00:00,0.0
tree,1h,test,month,2025-11-30 00:00:00+00:00,0.0
tree,1h,test,month,2025-12-31 00:00:00+00:00,0.0
tree,1h,test,month,2026-01-31 00:00:00+00:00,0.0
tree,1h,test,month,2026-02-28 00:00:00+00:00,-0.04132227712679537
tree,1h,test,month,2026-03-31 00:00:00+00:00,0.0
tree,1h,test,month,2026-04-30 00:00:00+00:00,0.0
tree,1h,test,month,2026-05-31 00:00:00+00:00,0.0
tree,1h,test,month,2026-06-30 00:00:00+00:00,0.0
tree,1h,test,quarter,2025-03-31 00:00:00+00:00,0.0
tree,1h,test,quarter,2025-06-30 00:00:00+00:00,0.0
tree,1h,test,quarter,2025-09-30 00:00:00+00:00,0.0
tree,1h,test,quarter,2025-12-31 00:00:00+00:00,0.0
tree,1h,test,quarter,2026-03-31 00:00:00+00:00,-0.04132227712679537
tree,1h,test,quarter,2026-06-30 00:00:00+00:00,0.0
tree,1h,test,year,2025-12-31 00:00:00+00:00,0.0
tree,1h,test,year,2026-12-31 00:00:00+00:00,-0.04132227712679537
equal_weight,1d,train,month,2020-03-31 00:00:00+00:00,-0.012440163190014397
equal_weight,1d,train,month,2020-04-30 00:00:00+00:00,0.008939131036392656
equal_weight,1d,train,month,2020-05-31 00:00:00+00:00,0.017734912933929037
equal_weight,1d,train,month,2020-06-30 00:00:00+00:00,-0.030404920277126157
equal_weight,1d,train,month,2020-07-31 00:00:00+00:00,0.09339741820312808
equal_weight,1d,train,month,2020-08-31 00:00:00+00:00,0.0033814714426863013
equal_weight,1d,train,month,2020-09-30 00:00:00+00:00,0.00630865778800338
equal_weight,1d,train,month,2020-10-31 00:00:00+00:00,0.06874634682633296
equal_weight,1d,train,month,2020-11-30 00:00:00+00:00,0.0751750172968495
equal_weight,1d,train,month,2020-12-31 00:00:00+00:00,0.309000032628455
equal_weight,1d,train,month,2021-01-31 00:00:00+00:00,0.04514727854397016
equal_weight,1d,train,month,2021-02-28 00:00:00+00:00,0.027215063186020183
equal_weight,1d,train,month,2021-03-31 00:00:00+00:00,0.03921930087839387
equal_weight,1d,train,month,2021-04-30 00:00:00+00:00,-0.03976014041132325
equal_weight,1d,train,month,2021-05-31 00:00:00+00:00,-0.16939804872346065
equal_weight,1d,train,month,2021-06-30 00:00:00+00:00,-0.13470828377929345
equal_weight,1d,train,month,2021-07-31 00:00:00+00:00,-0.0582569812000614
equal_weight,1d,train,month,2021-08-31 00:00:00+00:00,-0.07261994565623087
equal_weight,1d,train,month,2021-09-30 00:00:00+00:00,-0.07613738577248119
equal_weight,1d,train,month,2021-10-31 00:00:00+00:00,0.05437501558815616
equal_weight,1d,train,month,2021-11-30 00:00:00+00:00,0.07928848108892161
equal_weight,1d,train,month,2021-12-31 00:00:00+00:00,-0.00938388049846961
equal_weight,1d,train,month,2022-01-31 00:00:00+00:00,-0.06486502096046187
equal_weight,1d,train,month,2022-02-28 00:00:00+00:00,0.05138709510372563
equal_weight,1d,train,month,2022-03-31 00:00:00+00:00,0.013668236770685516
equal_weight,1d,train,month,2022-04-30 00:00:00+00:00,0.0603823669280783
equal_weight,1d,train,month,2022-05-31 00:00:00+00:00,-0.07515960958277013
equal_weight,1d,train,month,2022-06-30 00:00:00+00:00,0.08939446457866262
equal_weight,1d,train,month,2022-07-31 00:00:00+00:00,-0.1509468362595916
equal_weight,1d,train,month,2022-08-31 00:00:00+00:00,0.013196596180222953
equal_weight,1d,train,month,2022-09-30 00:00:00+00:00,-0.024031829844347707
equal_weight,1d,train,month,2022-10-31 00:00:00+00:00,-0.04315201449160122
equal_weight,1d,train,month,2022-11-30 00:00:00+00:00,0.044831680491119075
equal_weight,1d,train,month,2022-12-31 00:00:00+00:00,-0.0538670215334458
equal_weight,1d,train,month,2023-01-31 00:00:00+00:00,0.023051232595329818
equal_weight,1d,train,month,2023-02-28 00:00:00+00:00,0.07317573466790517
equal_weight,1d,train,month,2023-03-31 00:00:00+00:00,0.020743222082957313
equal_weight,1d,train,month,2023-04-30 00:00:00+00:00,-0.02195503167651791
equal_weight,1d,train,month,2023-05-31 00:00:00+00:00,-0.02787384272762161
equal_weight,1d,train,month,2023-06-30 00:00:00+00:00,-0.00871329221129813
equal_weight,1d,train,month,2023-07-31 00:00:00+00:00,-0.02847025794944613
equal_weight,1d,train,month,2023-08-31 00:00:00+00:00,0.059723375128057254
equal_weight,1d,train,month,2023-09-30 00:00:00+00:00,-0.040646740114792745
equal_weight,1d,train,month,2023-10-31 00:00:00+00:00,0.059435745783182226
equal_weight,1d,train,month,2023-11-30 00:00:00+00:00,-0.0038552398656426234
equal_weight,1d,train,month,2023-12-31 00:00:00+00:00,0.03332575579558861
equal_weight,1d,train,quarter,2020-03-31 00:00:00+00:00,-0.012440163190014397
equal_weight,1d,train,quarter,2020-06-30 00:00:00+00:00,-0.004388184011796414
equal_weight,1d,train,quarter,2020-09-30 00:00:00+00:00,0.10401590543690342
equal_weight,1d,train,quarter,2020-12-31 00:00:00+00:00,0.5041580253558551
equal_weight,1d,train,quarter,2021-03-31 00:00:00+00:00,0.11569651730662889
equal_weight,1d,train,quarter,2021-06-30 00:00:00+00:00,-0.30986314139865
equal_weight,1d,train,quarter,2021-09-30 00:00:00+00:00,-0.19314117500745998
equal_weight,1d,train,quarter,2021-12-31 00:00:00+00:00,0.12729618945364352
equal_weight,1d,train,quarter,2022-03-31 00:00:00+00:00,-0.0033726928773631926
equal_weight,1d,train,quarter,2022-06-30 00:00:00+00:00,0.06835220285430621
equal_weight,1d,train,quarter,2022-09-30 00:00:00+00:00,-0.16041579300472952
equal_weight,1d,train,quarter,2022-12-31 00:00:00+00:00,-0.054108201546236745
equal_weight,1d,train,quarter,2023-03-31 00:00:00+00:00,0.12068802705650139
equal_weight,1d,train,quarter,2023-06-30 00:00:00+00:00,-0.0575013542551811
equal_weight,1d,train,quarter,2023-09-30 00:00:00+00:00,-0.012295186889585419
equal_weight,1d,train,quarter,2023-12-31 00:00:00+00:00,0.09052174879150288
equal_weight,1d,train,year,2020-12-31 00:00:00+00:00,0.6327596413393235
equal_weight,1d,train,year,2021-12-31 00:00:00+00:00,-0.2996471625462419
equal_weight,1d,train,year,2022-12-31 00:00:00+00:00,-0.15442340627936035
equal_weight,1d,train,year,2023-12-31 00:00:00+00:00,0.13769793139998576
equal_weight,1d,valid,month,2023-12-31 00:00:00+00:00,0.0
equal_weight,1d,valid,month,2024-01-31 00:00:00+00:00,-0.05694304752426993
equal_weight,1d,valid,month,2024-02-29 00:00:00+00:00,0.0985708641467955
equal_weight,1d,valid,month,2024-03-31 00:00:00+00:00,-0.021534495525684982
equal_weight,1d,valid,month,2024-04-30 00:00:00+00:00,-0.05292753329950184
equal_weight,1d,valid,month,2024-05-31 00:00:00+00:00,0.005098153311264397
equal_weight,1d,valid,month,2024-06-30 00:00:00+00:00,0.018023440521387712
equal_weight,1d,valid,month,2024-07-31 00:00:00+00:00,0.008720741141456934
equal_weight,1d,valid,month,2024-08-31 00:00:00+00:00,-0.007088418314005529
equal_weight,1d,valid,month,2024-09-30 00:00:00+00:00,-0.05742314485985789
equal_weight,1d,valid,month,2024-10-31 00:00:00+00:00,0.019049383387798935
equal_weight,1d,valid,month,2024-11-30 00:00:00+00:00,0.06561172823523376
equal_weight,1d,valid,month,2024-12-31 00:00:00+00:00,-0.044722914310116546
equal_weight,1d,valid,month,2025-01-31 00:00:00+00:00,-0.004569253818442309
equal_weight,1d,valid,month,2025-02-28 00:00:00+00:00,0.00416397968819715
equal_weight,1d,valid,month,2025-03-31 00:00:00+00:00,0.003385062459559718
equal_weight,1d,valid,quarter,2023-12-31 00:00:00+00:00,0.0
equal_weight,1d,valid,quarter,2024-03-31 00:00:00+00:00,0.013704833181368059
equal_weight,1d,valid,quarter,2024-06-30 00:00:00+00:00,-0.030942685444634077
equal_weight,1d,valid,quarter,2024-09-30 00:00:00+00:00,-0.05594282171967979
equal_weight,1d,valid,quarter,2024-12-31 00:00:00+00:00,0.03734587112396626
equal_weight,1d,valid,quarter,2025-03-31 00:00:00+00:00,0.002959325765834464
equal_weight,1d,valid,year,2023-12-31 00:00:00+00:00,0.0
equal_weight,1d,valid,year,2024-12-31 00:00:00+00:00,-0.03798274295463622
equal_weight,1d,valid,year,2025-12-31 00:00:00+00:00,0.002959325765834464
equal_weight,1d,test,month,2025-03-31 00:00:00+00:00,0.0056689809446748285
equal_weight,1d,test,month,2025-04-30 00:00:00+00:00,0.043266954086651044
equal_weight,1d,test,month,2025-05-31 00:00:00+00:00,-0.01890722869666206
equal_weight,1d,test,month,2025-06-30 00:00:00+00:00,-0.012904229051544092
equal_weight,1d,test,month,2025-07-31 00:00:00+00:00,-0.018457553393225745
equal_weight,1d,test,month,2025-08-31 00:00:00+00:00,-0.000978506342042107
equal_weight,1d,test,month,2025-09-30 00:00:00+00:00,-0.017857482406732572
equal_weight,1d,test,month,2025-10-31 00:00:00+00:00,-0.006222007568940646
equal_weight,1d,test,month,2025-11-30 00:00:00+00:00,0.06558867526819401
equal_weight,1d,test,month,2025-12-31 00:00:00+00:00,-0.026050397208991827
equal_weight,1d,test,month,2026-01-31 00:00:00+00:00,0.1305026283652564
equal_weight,1d,test,month,2026-02-28 00:00:00+00:00,0.14236551227311334
equal_weight,1d,test,month,2026-03-31 00:00:00+00:00,-0.017734703891088
equal_weight,1d,test,month,2026-04-30 00:00:00+00:00,-0.031540154760617556
equal_weight,1d,test,month,2026-05-31 00:00:00+00:00,0.0011191129632650565
equal_weight,1d,test,month,2026-06-30 00:00:00+00:00,0.1058986434232112
equal_weight,1d,test,quarter,2025-03-31 00:00:00+00:00,0.0056689809446748285
equal_weight,1d,test,quarter,2025-06-30 00:00:00+00:00,0.010333651076792405
equal_weight,1d,test,quarter,2025-09-30 00:00:00+00:00,-0.036928724735175944
equal_weight,1d,test,quarter,2025-12-31 00:00:00+00:00,0.031372282972608634
equal_weight,1d,test,quarter,2026-03-31 00:00:00+00:00,0.2685437802441488
equal_weight,1d,test,quarter,2026-06-30 00:00:00+00:00,0.07221701966794214
equal_weight,1d,test,year,2025-12-31 00:00:00+00:00,0.009238382399048284
equal_weight,1d,test,year,2026-12-31 00:00:00+00:00,0.3601542313716848
ic_weight,1d,train,month,2020-03-31 00:00:00+00:00,0.0012150165235689236
ic_weight,1d,train,month,2020-04-30 00:00:00+00:00,-0.07548564316615303
ic_weight,1d,train,month,2020-05-31 00:00:00+00:00,-0.04768366479565056
ic_weight,1d,train,month,2020-06-30 00:00:00+00:00,-0.10141915418467107
ic_weight,1d,train,month,2020-07-31 00:00:00+00:00,0.051652469497986075
ic_weight,1d,train,month,2020-08-31 00:00:00+00:00,-0.012778861497224625
ic_weight,1d,train,month,2020-09-30 00:00:00+00:00,-0.016030631196201406
ic_weight,1d,train,month,2020-10-31 00:00:00+00:00,0.0962321147051246
ic_weight,1d,train,month,2020-11-30 00:00:00+00:00,0.025682547862481808
ic_weight,1d,train,month,2020-12-31 00:00:00+00:00,0.1024407047331306
ic_weight,1d,train,month,2021-01-31 00:00:00+00:00,0.05100605354239396
ic_weight,1d,train,month,2021-02-28 00:00:00+00:00,0.009087316533526568
ic_weight,1d,train,month,2021-03-31 00:00:00+00:00,-0.008926520847298502
ic_weight,1d,train,month,2021-04-30 00:00:00+00:00,-0.08248107923569081
ic_weight,1d,train,month,2021-05-31 00:00:00+00:00,-0.028657334730073702
ic_weight,1d,train,month,2021-06-30 00:00:00+00:00,-0.08608826262476155
ic_weight,1d,train,month,2021-07-31 00:00:00+00:00,-0.03158754384181017
ic_weight,1d,train,month,2021-08-31 00:00:00+00:00,-0.0010903899645493542
ic_weight,1d,train,month,2021-09-30 00:00:00+00:00,0.1283495788878124
ic_weight,1d,train,month,2021-10-31 00:00:00+00:00,0.0345522101230582
ic_weight,1d,train,month,2021-11-30 00:00:00+00:00,0.014268704774147434
ic_weight,1d,train,month,2021-12-31 00:00:00+00:00,0.12098073597634773
ic_weight,1d,train,month,2022-01-31 00:00:00+00:00,-0.005279091926508661
ic_weight,1d,train,month,2022-02-28 00:00:00+00:00,-0.026022952077389583
ic_weight,1d,train,month,2022-03-31 00:00:00+00:00,-0.012387805222751291
ic_weight,1d,train,month,2022-04-30 00:00:00+00:00,-0.017266393571597982
ic_weight,1d,train,month,2022-05-31 00:00:00+00:00,-0.01079008417225713
ic_weight,1d,train,month,2022-06-30 00:00:00+00:00,0.03444256497163556
ic_weight,1d,train,month,2022-07-31 00:00:00+00:00,-0.04654389842157236
ic_weight,1d,train,month,2022-08-31 00:00:00+00:00,0.06843855786021247
ic_weight,1d,train,month,2022-09-30 00:00:00+00:00,-0.05228127657272308
ic_weight,1d,train,month,2022-10-31 00:00:00+00:00,-0.049721675461084636
ic_weight,1d,train,month,2022-11-30 00:00:00+00:00,-0.07541034272196079
ic_weight,1d,train,month,2022-12-31 00:00:00+00:00,0.0
ic_weight,1d,train,month,2023-01-31 00:00:00+00:00,-0.02946157434625596
ic_weight,1d,train,month,2023-02-28 00:00:00+00:00,-0.00494603564599172
ic_weight,1d,train,month,2023-03-31 00:00:00+00:00,0.041743441397910974
ic_weight,1d,train,month,2023-04-30 00:00:00+00:00,0.0
ic_weight,1d,train,month,2023-05-31 00:00:00+00:00,0.0
ic_weight,1d,train,month,2023-06-30 00:00:00+00:00,-0.001456023664325068
ic_weight,1d,train,month,2023-07-31 00:00:00+00:00,-0.03780160235261609
ic_weight,1d,train,month,2023-08-31 00:00:00+00:00,0.047028178902879914
ic_weight,1d,train,month,2023-09-30 00:00:00+00:00,0.004439804925719937
ic_weight,1d,train,month,2023-10-31 00:00:00+00:00,0.07944385992474223
ic_weight,1d,train,month,2023-11-30 00:00:00+00:00,0.030820360264851798
ic_weight,1d,train,month,2023-12-31 00:00:00+00:00,0.04096443152732476
ic_weight,1d,train,quarter,2020-03-31 00:00:00+00:00,0.0012150165235689236
ic_weight,1d,train,quarter,2020-06-30 00:00:00+00:00,-0.20886235436555578
ic_weight,1d,train,quarter,2020-09-30 00:00:00+00:00,0.021570329752210515
ic_weight,1d,train,quarter,2020-12-31 00:00:00+00:00,0.23956905789978045
ic_weight,1d,train,quarter,2021-03-31 00:00:00+00:00,0.051089795146323835
ic_weight,1d,train,quarter,2021-06-30 00:00:00+00:00,-0.18549876150918798
ic_weight,1d,train,quarter,2021-09-30 00:00:00+00:00,0.09151630949057266
ic_weight,1d,train,quarter,2021-12-31 00:00:00+00:00,0.17626070172648967
ic_weight,1d,train,quarter,2022-03-31 00:00:00+00:00,-0.04316640985264819
ic_weight,1d,train,quarter,2022-06-30 00:00:00+00:00,0.005612472861198148
ic_weight,1d,train,quarter,2022-09-30 00:00:00+00:00,-0.034550158528363295
ic_weight,1d,train,quarter,2022-12-31 00:00:00+00:00,-0.12138248959581277
ic_weight,1d,train,quarter,2023-03-31 00:00:00+00:00,0.006051340121878024
ic_weight,1d,train,quarter,2023-06-30 00:00:00+00:00,-0.001456023664325068
ic_weight,1d,train,quarter,2023-09-30 00:00:00+00:00,0.011921712336636192
ic_weight,1d,train,quarter,2023-12-31 00:00:00+00:00,0.1582943521332394
ic_weight,1d,train,year,2020-12-31 00:00:00+00:00,0.0030403475083209397
ic_weight,1d,train,year,2021-12-31 00:00:00+00:00,0.09917131390066802
ic_weight,1d,train,year,2022-12-31 00:00:00+00:00,-0.1837999176079097
ic_weight,1d,train,year,2023-12-31 00:00:00+00:00,0.17747906206715558
ic_weight,1d,valid,month,2023-12-31 00:00:00+00:00,0.0
ic_weight,1d,valid,month,2024-01-31 00:00:00+00:00,0.0
ic_weight,1d,valid,month,2024-02-29 00:00:00+00:00,-0.004655191069045772
ic_weight,1d,valid,month,2024-03-31 00:00:00+00:00,0.050922695835698084
ic_weight,1d,valid,month,2024-04-30 00:00:00+00:00,-0.07892506115435682
ic_weight,1d,valid,month,2024-05-31 00:00:00+00:00,0.009553098744131905
ic_weight,1d,valid,month,2024-06-30 00:00:00+00:00,0.017008506494534226
ic_weight,1d,valid,month,2024-07-31 00:00:00+00:00,0.03087670238897955
ic_weight,1d,valid,month,2024-08-31 00:00:00+00:00,-0.06357195179791897
ic_weight,1d,valid,month,2024-09-30 00:00:00+00:00,0.00848064698524964
ic_weight,1d,valid,month,2024-10-31 00:00:00+00:00,-0.007175997642149823
ic_weight,1d,valid,month,2024-11-30 00:00:00+00:00,0.050297097587056916
ic_weight,1d,valid,month,2024-12-31 00:00:00+00:00,-0.04048492820694649
ic_weight,1d,valid,month,2025-01-31 00:00:00+00:00,0.0
ic_weight,1d,valid,month,2025-02-28 00:00:00+00:00,0.03564642134055318
ic_weight,1d,valid,month,2025-03-31 00:00:00+00:00,-0.011564485492769117
ic_weight,1d,valid,quarter,2023-12-31 00:00:00+00:00,0.0
ic_weight,1d,valid,quarter,2024-03-31 00:00:00+00:00,0.04603044988778637
ic_weight,1d,valid,quarter,2024-06-30 00:00:00+00:00,-0.05431017234653912
ic_weight,1d,valid,quarter,2024-09-30 00:00:00+00:00,-0.02647141812409559
ic_weight,1d,valid,quarter,2024-12-31 00:00:00+00:00,0.0005440975489818811
ic_weight,1d,valid,quarter,2025-03-31 00:00:00+00:00,0.023669703325322367
ic_weight,1d,valid,year,2023-12-31 00:00:00+00:00,0.0
ic_weight,1d,valid,year,2024-12-31 00:00:00+00:00,-0.03644172518568156
ic_weight,1d,valid,year,2025-12-31 00:00:00+00:00,0.023669703325322367
ic_weight,1d,test,month,2025-03-31 00:00:00+00:00,0.0
ic_weight,1d,test,month,2025-04-30 00:00:00+00:00,0.008965156305377864
ic_weight,1d,test,month,2025-05-31 00:00:00+00:00,0.0
ic_weight,1d,test,month,2025-06-30 00:00:00+00:00,0.0
ic_weight,1d,test,month,2025-07-31 00:00:00+00:00,0.0
ic_weight,1d,test,month,2025-08-31 00:00:00+00:00,-0.001912890035523973
ic_weight,1d,test,month,2025-09-30 00:00:00+00:00,0.002088709572025005
ic_weight,1d,test,month,2025-10-31 00:00:00+00:00,0.020747520683242815
ic_weight,1d,test,month,2025-11-30 00:00:00+00:00,-0.02894612027748167
ic_weight,1d,test,month,2025-12-31 00:00:00+00:00,0.003544713631947083
ic_weight,1d,test,month,2026-01-31 00:00:00+00:00,0.09895044419874766
ic_weight,1d,test,month,2026-02-28 00:00:00+00:00,0.15280862421119124
ic_weight,1d,test,month,2026-03-31 00:00:00+00:00,-0.052941452505827935
ic_weight,1d,test,month,2026-04-30 00:00:00+00:00,-0.01696612850927326
ic_weight,1d,test,month,2026-05-31 00:00:00+00:00,-0.0040757601393085485
ic_weight,1d,test,month,2026-06-30 00:00:00+00:00,0.1159667260885231
ic_weight,1d,test,quarter,2025-03-31 00:00:00+00:00,0.0
ic_weight,1d,test,quarter,2025-06-30 00:00:00+00:00,0.008965156305377864
ic_weight,1d,test,quarter,2025-09-30 00:00:00+00:00,0.0001718240647736735
ic_weight,1d,test,quarter,2025-12-31 00:00:00+00:00,-0.005285636693223128
ic_weight,1d,test,quarter,2026-03-31 00:00:00+00:00,0.19980910614447822
ic_weight,1d,test,quarter,2026-06-30 00:00:00+00:00,0.0925618474570089
ic_weight,1d,test,year,2025-12-31 00:00:00+00:00,0.003804581205662627
ic_weight,1d,test,year,2026-12-31 00:00:00+00:00,0.310865653604953
linear,1d,train,month,2020-03-31 00:00:00+00:00,0.030201611079319512
linear,1d,train,month,2020-04-30 00:00:00+00:00,0.125249182453538
linear,1d,train,month,2020-05-31 00:00:00+00:00,-0.08475539492407735
linear,1d,train,month,2020-06-30 00:00:00+00:00,0.010179481268882462
linear,1d,train,month,2020-07-31 00:00:00+00:00,0.078067385841329
linear,1d,train,month,2020-08-31 00:00:00+00:00,-0.15059700910413343
linear,1d,train,month,2020-09-30 00:00:00+00:00,-0.057701388700935774
linear,1d,train,month,2020-10-31 00:00:00+00:00,0.06298888193988672
linear,1d,train,month,2020-11-30 00:00:00+00:00,0.08944475558559772
linear,1d,train,month,2020-12-31 00:00:00+00:00,-0.005677819483939972
linear,1d,train,month,2021-01-31 00:00:00+00:00,0.011053715042979695
linear,1d,train,month,2021-02-28 00:00:00+00:00,-0.04043486673578289
linear,1d,train,month,2021-03-31 00:00:00+00:00,-0.009327515785156115
linear,1d,train,month,2021-04-30 00:00:00+00:00,-0.025651410662499097
linear,1d,train,month,2021-05-31 00:00:00+00:00,-0.11722161847437662
linear,1d,train,month,2021-06-30 00:00:00+00:00,-0.05152279983020924
linear,1d,train,month,2021-07-31 00:00:00+00:00,-0.04423973175850038
linear,1d,train,month,2021-08-31 00:00:00+00:00,0.020815264194256056
linear,1d,train,month,2021-09-30 00:00:00+00:00,0.009706428773139875
linear,1d,train,month,2021-10-31 00:00:00+00:00,-0.01973486479051101
linear,1d,train,month,2021-11-30 00:00:00+00:00,-0.005574455280303425
linear,1d,train,month,2021-12-31 00:00:00+00:00,-0.042052059687151866
linear,1d,train,month,2022-01-31 00:00:00+00:00,0.225712209816459
linear,1d,train,month,2022-02-28 00:00:00+00:00,-0.030024518559952695
linear,1d,train,month,2022-03-31 00:00:00+00:00,-0.0039141147875385585
linear,1d,train,month,2022-04-30 00:00:00+00:00,0.029470236024943697
linear,1d,train,month,2022-05-31 00:00:00+00:00,0.018789620538032903
linear,1d,train,month,2022-06-30 00:00:00+00:00,-0.17832700091683862
linear,1d,train,month,2022-07-31 00:00:00+00:00,0.0586479522739769
linear,1d,train,month,2022-08-31 00:00:00+00:00,0.10862777870016682
linear,1d,train,month,2022-09-30 00:00:00+00:00,-0.11511399361727004
linear,1d,train,month,2022-10-31 00:00:00+00:00,-0.10121313892123607
linear,1d,train,month,2022-11-30 00:00:00+00:00,-0.04879902707255057
linear,1d,train,month,2022-12-31 00:00:00+00:00,-0.006700848132350834
linear,1d,train,month,2023-01-31 00:00:00+00:00,-0.004054608077362798
linear,1d,train,month,2023-02-28 00:00:00+00:00,0.005078803169456414
linear,1d,train,month,2023-03-31 00:00:00+00:00,-0.0194732943217506
linear,1d,train,month,2023-04-30 00:00:00+00:00,-0.044218637079385004
linear,1d,train,month,2023-05-31 00:00:00+00:00,-0.009448341962520979
linear,1d,train,month,2023-06-30 00:00:00+00:00,0.04428818796315759
linear,1d,train,month,2023-07-31 00:00:00+00:00,-0.019004014177124606
linear,1d,train,month,2023-08-31 00:00:00+00:00,0.04260916638056478
linear,1d,train,month,2023-09-30 00:00:00+00:00,-7.289874111227057e-05
linear,1d,train,month,2023-10-31 00:00:00+00:00,0.01421783483165151
linear,1d,train,month,2023-11-30 00:00:00+00:00,-0.003095779875582405
linear,1d,train,month,2023-12-31 00:00:00+00:00,0.04994645718693991
linear,1d,train,quarter,2020-03-31 00:00:00+00:00,0.030201611079319512
linear,1d,train,quarter,2020-06-30 00:00:00+00:00,0.04036186989671653
linear,1d,train,quarter,2020-09-30 00:00:00+00:00,-0.13712428802434284
linear,1d,train,quarter,2020-12-31 00:00:00+00:00,0.1514923635363501
linear,1d,train,quarter,2021-03-31 00:00:00+00:00,-0.03887740083202451
linear,1d,train,quarter,2021-06-30 00:00:00+00:00,-0.18418263451203976
linear,1d,train,quarter,2021-09-30 00:00:00+00:00,-0.014875206700046162
linear,1d,train,quarter,2021-12-31 00:00:00+00:00,-0.06619168579270529
linear,1d,train,quarter,2022-03-31 00:00:00+00:00,0.184257257516238
linear,1d,train,quarter,2022-06-30 00:00:00+00:00,-0.1382181911093152
linear,1d,train,quarter,2022-09-30 00:00:00+00:00,0.038543388850064364
linear,1d,train,quarter,2022-12-31 00:00:00+00:00,-0.15080179885463763
linear,1d,train,quarter,2023-03-31 00:00:00+00:00,-0.018489235233570822
linear,1d,train,quarter,2023-06-30 00:00:00+00:00,-0.011319308243485149
linear,1d,train,quarter,2023-09-30 00:00:00+00:00,0.022720846503882397
linear,1d,train,quarter,2023-12-31 00:00:00+00:00,0.06157780569011395
linear,1d,train,year,2020-12-31 00:00:00+00:00,0.06491748588758406
linear,1d,train,year,2021-12-31 00:00:00+00:00,-0.27869204759446975
linear,1d,train,year,2022-12-31 00:00:00+00:00,-0.09992833838134396
linear,1d,train,year,2023-12-31 00:00:00+00:00,0.05356190405682426
linear,1d,valid,month,2023-12-31 00:00:00+00:00,-0.0033913290997462653
linear,1d,valid,month,2024-01-31 00:00:00+00:00,0.000732838494396093
linear,1d,valid,month,2024-02-29 00:00:00+00:00,-0.005047125619047632
linear,1d,valid,month,2024-03-31 00:00:00+00:00,-0.003501366081056445
linear,1d,valid,month,2024-04-30 00:00:00+00:00,-0.024118390954841806
linear,1d,valid,month,2024-05-31 00:00:00+00:00,0.01667112160408979
linear,1d,valid,month,2024-06-30 00:00:00+00:00,-0.004666049017272744
linear,1d,valid,month,2024-07-31 00:00:00+00:00,-0.005333721386605483
linear,1d,valid,month,2024-08-31 00:00:00+00:00,-0.058792623801771415
linear,1d,valid,month,2024-09-30 00:00:00+00:00,-0.025426581306682294
linear,1d,valid,month,2024-10-31 00:00:00+00:00,-0.038537884074973716
linear,1d,valid,month,2024-11-30 00:00:00+00:00,0.11521517909495826
linear,1d,valid,month,2024-12-31 00:00:00+00:00,0.01020087463479169
linear,1d,valid,month,2025-01-31 00:00:00+00:00,0.0
linear,1d,valid,month,2025-02-28 00:00:00+00:00,-0.003880427798870656
linear,1d,valid,month,2025-03-31 00:00:00+00:00,-0.10171123437254648
linear,1d,valid,quarter,2023-12-31 00:00:00+00:00,-0.0033913290997462653
linear,1d,valid,quarter,2024-03-31 00:00:00+00:00,-0.007804233084444889
linear,1d,valid,quarter,2024-06-30 00:00:00+00:00,-0.01247877354477045
linear,1d,valid,quarter,2024-09-30 00:00:00+00:00,-0.08761680264600313
linear,1d,valid,quarter,2024-12-31 00:00:00+00:00,0.08317490250746173
linear,1d,valid,quarter,2025-03-31 00:00:00+00:00,-0.1051969790701004
linear,1d,valid,year,2023-12-31 00:00:00+00:00,-0.0033913290997462653
linear,1d,valid,year,2024-12-31 00:00:00+00:00,-0.03167827293795289
linear,1d,valid,year,2025-12-31 00:00:00+00:00,-0.1051969790701004
linear,1d,test,month,2025-03-31 00:00:00+00:00,0.0
linear,1d,test,month,2025-04-30 00:00:00+00:00,0.012630113766012752
linear,1d,test,month,2025-05-31 00:00:00+00:00,-0.0072264894244463695
linear,1d,test,month,2025-06-30 00:00:00+00:00,0.0
linear,1d,test,month,2025-07-31 00:00:00+00:00,0.0
linear,1d,test,month,2025-08-31 00:00:00+00:00,-0.001912890035523973
linear,1d,test,month,2025-09-30 00:00:00+00:00,0.002088709572025005
linear,1d,test,month,2025-10-31 00:00:00+00:00,0.05209073271653786
linear,1d,test,month,2025-11-30 00:00:00+00:00,-0.018546757029395566
linear,1d,test,month,2025-12-31 00:00:00+00:00,0.018499795650523954
linear,1d,test,month,2026-01-31 00:00:00+00:00,0.04733586759188846
linear,1d,test,month,2026-02-28 00:00:00+00:00,0.11631086270340285
linear,1d,test,month,2026-03-31 00:00:00+00:00,-0.02377948424876597
linear,1d,test,month,2026-04-30 00:00:00+00:00,-0.0111816500016797
linear,1d,test,month,2026-05-31 00:00:00+00:00,0.005725791333077268
linear,1d,test,month,2026-06-30 00:00:00+00:00,-0.01348001431911483
linear,1d,test,quarter,2025-03-31 00:00:00+00:00,0.0
linear,1d,test,quarter,2025-06-30 00:00:00+00:00,0.005312352958006583
linear,1d,test,quarter,2025-09-30 00:00:00+00:00,0.0001718240647736735
linear,1d,test,quarter,2025-12-31 00:00:00+00:00,0.051680340955414295
linear,1d,test,quarter,2026-03-31 00:00:00+00:00,0.14135056467141105
linear,1d,test,quarter,2026-06-30 00:00:00+00:00,-0.01892548868774324
linear,1d,test,year,2025-12-31 00:00:00+00:00,0.05744890207997
linear,1d,test,year,2026-12-31 00:00:00+00:00,0.119749947470976
ridge,1d,train,month,2020-03-31 00:00:00+00:00,0.030201611079319512
ridge,1d,train,month,2020-04-30 00:00:00+00:00,0.125249182453538
ridge,1d,train,month,2020-05-31 00:00:00+00:00,-0.08475539492407735
ridge,1d,train,month,2020-06-30 00:00:00+00:00,0.010179481268882462
ridge,1d,train,month,2020-07-31 00:00:00+00:00,0.078067385841329
ridge,1d,train,month,2020-08-31 00:00:00+00:00,-0.1516058768693629
ridge,1d,train,month,2020-09-30 00:00:00+00:00,-0.05721418424489633
ridge,1d,train,month,2020-10-31 00:00:00+00:00,0.06298888193988672
ridge,1d,train,month,2020-11-30 00:00:00+00:00,0.08944475558559772
ridge,1d,train,month,2020-12-31 00:00:00+00:00,-0.005677819483939972
ridge,1d,train,month,2021-01-31 00:00:00+00:00,0.011053715042979695
ridge,1d,train,month,2021-02-28 00:00:00+00:00,-0.04043486673578289
ridge,1d,train,month,2021-03-31 00:00:00+00:00,-0.009327515785156115
ridge,1d,train,month,2021-04-30 00:00:00+00:00,-0.025651410662499097
ridge,1d,train,month,2021-05-31 00:00:00+00:00,-0.11722161847437662
ridge,1d,train,month,2021-06-30 00:00:00+00:00,-0.05152279983020924
ridge,1d,train,month,2021-07-31 00:00:00+00:00,-0.04423973175850038
ridge,1d,train,month,2021-08-31 00:00:00+00:00,0.020815264194256056
ridge,1d,train,month,2021-09-30 00:00:00+00:00,0.009706428773139875
ridge,1d,train,month,2021-10-31 00:00:00+00:00,-0.01973486479051101
ridge,1d,train,month,2021-11-30 00:00:00+00:00,-0.005574455280303425
ridge,1d,train,month,2021-12-31 00:00:00+00:00,-0.042052059687151866
ridge,1d,train,month,2022-01-31 00:00:00+00:00,0.225712209816459
ridge,1d,train,month,2022-02-28 00:00:00+00:00,-0.030024518559952695
ridge,1d,train,month,2022-03-31 00:00:00+00:00,-0.0039141147875385585
ridge,1d,train,month,2022-04-30 00:00:00+00:00,0.029470236024943697
ridge,1d,train,month,2022-05-31 00:00:00+00:00,0.018789620538032903
ridge,1d,train,month,2022-06-30 00:00:00+00:00,-0.17832700091683862
ridge,1d,train,month,2022-07-31 00:00:00+00:00,0.0586479522739769
ridge,1d,train,month,2022-08-31 00:00:00+00:00,0.10862777870016682
ridge,1d,train,month,2022-09-30 00:00:00+00:00,-0.11511399361727004
ridge,1d,train,month,2022-10-31 00:00:00+00:00,-0.10121313892123607
ridge,1d,train,month,2022-11-30 00:00:00+00:00,-0.04879902707255057
ridge,1d,train,month,2022-12-31 00:00:00+00:00,-0.006700848132350834
ridge,1d,train,month,2023-01-31 00:00:00+00:00,-0.004054608077362798
ridge,1d,train,month,2023-02-28 00:00:00+00:00,0.005078803169456414
ridge,1d,train,month,2023-03-31 00:00:00+00:00,-0.0194732943217506
ridge,1d,train,month,2023-04-30 00:00:00+00:00,-0.044218637079385004
ridge,1d,train,month,2023-05-31 00:00:00+00:00,-0.009448341962520979
ridge,1d,train,month,2023-06-30 00:00:00+00:00,0.04428818796315759
ridge,1d,train,month,2023-07-31 00:00:00+00:00,-0.019004014177124606
ridge,1d,train,month,2023-08-31 00:00:00+00:00,0.04260916638056478
ridge,1d,train,month,2023-09-30 00:00:00+00:00,-7.289874111227057e-05
ridge,1d,train,month,2023-10-31 00:00:00+00:00,0.01421783483165151
ridge,1d,train,month,2023-11-30 00:00:00+00:00,-0.003095779875582405
ridge,1d,train,month,2023-12-31 00:00:00+00:00,0.04994645718693991
ridge,1d,train,quarter,2020-03-31 00:00:00+00:00,0.030201611079319512
ridge,1d,train,quarter,2020-06-30 00:00:00+00:00,0.04036186989671653
ridge,1d,train,quarter,2020-09-30 00:00:00+00:00,-0.1377035479657004
ridge,1d,train,quarter,2020-12-31 00:00:00+00:00,0.1514923635363501
ridge,1d,train,quarter,2021-03-31 00:00:00+00:00,-0.03887740083202451
ridge,1d,train,quarter,2021-06-30 00:00:00+00:00,-0.18418263451203976
ridge,1d,train,quarter,2021-09-30 00:00:00+00:00,-0.014875206700046162
ridge,1d,train,quarter,2021-12-31 00:00:00+00:00,-0.06619168579270529
ridge,1d,train,quarter,2022-03-31 00:00:00+00:00,0.184257257516238
ridge,1d,train,quarter,2022-06-30 00:00:00+00:00,-0.1382181911093152
ridge,1d,train,quarter,2022-09-30 00:00:00+00:00,0.038543388850064364
ridge,1d,train,quarter,2022-12-31 00:00:00+00:00,-0.15080179885463763
ridge,1d,train,quarter,2023-03-31 00:00:00+00:00,-0.018489235233570822
ridge,1d,train,quarter,2023-06-30 00:00:00+00:00,-0.011319308243485149
ridge,1d,train,quarter,2023-09-30 00:00:00+00:00,0.022720846503882397
ridge,1d,train,quarter,2023-12-31 00:00:00+00:00,0.06157780569011395
ridge,1d,train,year,2020-12-31 00:00:00+00:00,0.064202592616323
ridge,1d,train,year,2021-12-31 00:00:00+00:00,-0.27869204759446975
ridge,1d,train,year,2022-12-31 00:00:00+00:00,-0.09992833838134396
ridge,1d,train,year,2023-12-31 00:00:00+00:00,0.05356190405682426
ridge,1d,valid,month,2023-12-31 00:00:00+00:00,-0.0033913290997462653
ridge,1d,valid,month,2024-01-31 00:00:00+00:00,0.000732838494396093
ridge,1d,valid,month,2024-02-29 00:00:00+00:00,-0.005047125619047632
ridge,1d,valid,month,2024-03-31 00:00:00+00:00,-0.003501366081056445
ridge,1d,valid,month,2024-04-30 00:00:00+00:00,-0.019666587916867817
ridge,1d,valid,month,2024-05-31 00:00:00+00:00,0.01667112160408979
ridge,1d,valid,month,2024-06-30 00:00:00+00:00,-0.004666049017272744
ridge,1d,valid,month,2024-07-31 00:00:00+00:00,-0.005333721386605483
ridge,1d,valid,month,2024-08-31 00:00:00+00:00,-0.058792623801771415
ridge,1d,valid,month,2024-09-30 00:00:00+00:00,-0.025426581306682294
ridge,1d,valid,month,2024-10-31 00:00:00+00:00,-0.038537884074973716
ridge,1d,valid,month,2024-11-30 00:00:00+00:00,0.11873766787139073
ridge,1d,valid,month,2024-12-31 00:00:00+00:00,0.01020087463479169
ridge,1d,valid,month,2025-01-31 00:00:00+00:00,0.0
ridge,1d,valid,month,2025-02-28 00:00:00+00:00,-0.003880427798870656
ridge,1d,valid,month,2025-03-31 00:00:00+00:00,-0.10171123437254648
ridge,1d,valid,quarter,2023-12-31 00:00:00+00:00,-0.0033913290997462653
ridge,1d,valid,quarter,2024-03-31 00:00:00+00:00,-0.007804233084444889
ridge,1d,valid,quarter,2024-06-30 00:00:00+00:00,-0.007973872586243047
ridge,1d,valid,quarter,2024-09-30 00:00:00+00:00,-0.08761680264600313
ridge,1d,valid,quarter,2024-12-31 00:00:00+00:00,0.0865961897249583
ridge,1d,valid,quarter,2025-03-31 00:00:00+00:00,-0.1051969790701004
ridge,1d,valid,year,2023-12-31 00:00:00+00:00,-0.0033913290997462653
ridge,1d,valid,year,2024-12-31 00:00:00+00:00,-0.024188489301354088
ridge,1d,valid,year,2025-12-31 00:00:00+00:00,-0.1051969790701004
ridge,1d,test,month,2025-03-31 00:00:00+00:00,0.0
ridge,1d,test,month,2025-04-30 00:00:00+00:00,0.012630113766012752
ridge,1d,test,month,2025-05-31 00:00:00+00:00,-0.0072264894244463695
ridge,1d,test,month,2025-06-30 00:00:00+00:00,0.0
ridge,1d,test,month,2025-07-31 00:00:00+00:00,0.0
ridge,1d,test,month,2025-08-31 00:00:00+00:00,-0.001912890035523973
ridge,1d,test,month,2025-09-30 00:00:00+00:00,0.002088709572025005
ridge,1d,test,month,2025-10-31 00:00:00+00:00,0.058066674605501856
ridge,1d,test,month,2025-11-30 00:00:00+00:00,-0.018546757029395566
ridge,1d,test,month,2025-12-31 00:00:00+00:00,0.018499795650523954
ridge,1d,test,month,2026-01-31 00:00:00+00:00,0.048679814196229465
ridge,1d,test,month,2026-02-28 00:00:00+00:00,0.11631086270340285
ridge,1d,test,month,2026-03-31 00:00:00+00:00,-0.02377948424876597
ridge,1d,test,month,2026-04-30 00:00:00+00:00,-0.0111816500016797
ridge,1d,test,month,2026-05-31 00:00:00+00:00,0.005725791333077268
ridge,1d,test,month,2026-06-30 00:00:00+00:00,-0.01348001431911483
ridge,1d,test,quarter,2025-03-31 00:00:00+00:00,0.0
ridge,1d,test,quarter,2025-06-30 00:00:00+00:00,0.005312352958006583
ridge,1d,test,quarter,2025-09-30 00:00:00+00:00,0.0001718240647736735
ridge,1d,test,quarter,2025-12-31 00:00:00+00:00,0.0576539517932253
ridge,1d,test,quarter,2026-03-31 00:00:00+00:00,0.1428151514035363
ridge,1d,test,quarter,2026-06-30 00:00:00+00:00,-0.01892548868774324
ridge,1d,test,year,2025-12-31 00:00:00+00:00,0.06345527870973355
ridge,1d,test,year,2026-12-31 00:00:00+00:00,0.1211868161834675
tree,1d,train,month,2020-03-31 00:00:00+00:00,0.012119275980525757
tree,1d,train,month,2020-04-30 00:00:00+00:00,0.10384133696910691
tree,1d,train,month,2020-05-31 00:00:00+00:00,-0.05727342229814081
tree,1d,train,month,2020-06-30 00:00:00+00:00,-0.015589065189130835
tree,1d,train,month,2020-07-31 00:00:00+00:00,0.03758179700902464
tree,1d,train,month,2020-08-31 00:00:00+00:00,0.01932335434294785
tree,1d,train,month,2020-09-30 00:00:00+00:00,0.003819610005220575
tree,1d,train,month,2020-10-31 00:00:00+00:00,0.0956999033072381
tree,1d,train,month,2020-11-30 00:00:00+00:00,0.2617226198668534
tree,1d,train,month,2020-12-31 00:00:00+00:00,-0.010402073456199257
tree,1d,train,month,2021-01-31 00:00:00+00:00,0.07972599136315073
tree,1d,train,month,2021-02-28 00:00:00+00:00,0.08546221244148144
tree,1d,train,month,2021-03-31 00:00:00+00:00,-0.038649356568946525
tree,1d,train,month,2021-04-30 00:00:00+00:00,-0.013831212358974998
tree,1d,train,month,2021-05-31 00:00:00+00:00,0.2824927249557183
tree,1d,train,month,2021-06-30 00:00:00+00:00,-0.0040914348809495404
tree,1d,train,month,2021-07-31 00:00:00+00:00,0.00780352260139372
tree,1d,train,month,2021-08-31 00:00:00+00:00,-0.03288587662454878
tree,1d,train,month,2021-09-30 00:00:00+00:00,-0.003985176583033989
tree,1d,train,month,2021-10-31 00:00:00+00:00,0.05903431187328989
tree,1d,train,month,2021-11-30 00:00:00+00:00,-0.04885673083498521
tree,1d,train,month,2021-12-31 00:00:00+00:00,0.0
tree,1d,train,month,2022-01-31 00:00:00+00:00,0.0
tree,1d,train,month,2022-02-28 00:00:00+00:00,0.01599078277033139
tree,1d,train,month,2022-03-31 00:00:00+00:00,-0.04292220898225274
tree,1d,train,month,2022-04-30 00:00:00+00:00,-0.000701766496234435
tree,1d,train,month,2022-05-31 00:00:00+00:00,0.0
tree,1d,train,month,2022-06-30 00:00:00+00:00,0.19418576325774084
tree,1d,train,month,2022-07-31 00:00:00+00:00,-0.014208954810147167
tree,1d,train,month,2022-08-31 00:00:00+00:00,-0.04391929234207825
tree,1d,train,month,2022-09-30 00:00:00+00:00,-0.026248256658651714
tree,1d,train,month,2022-10-31 00:00:00+00:00,-0.008150791955675918
tree,1d,train,month,2022-11-30 00:00:00+00:00,-0.029450771447282698
tree,1d,train,month,2022-12-31 00:00:00+00:00,0.0
tree,1d,train,month,2023-01-31 00:00:00+00:00,-0.011111972566896111
tree,1d,train,month,2023-02-28 00:00:00+00:00,0.05307993452257098
tree,1d,train,month,2023-03-31 00:00:00+00:00,0.028453322350350252
tree,1d,train,month,2023-04-30 00:00:00+00:00,0.005944870300423011
tree,1d,train,month,2023-05-31 00:00:00+00:00,0.0
tree,1d,train,month,2023-06-30 00:00:00+00:00,0.06400800384177452
tree,1d,train,month,2023-07-31 00:00:00+00:00,0.00562618140903659
tree,1d,train,month,2023-08-31 00:00:00+00:00,0.0
tree,1d,train,month,2023-09-30 00:00:00+00:00,0.0
tree,1d,train,month,2023-10-31 00:00:00+00:00,0.08069713876822204
tree,1d,train,month,2023-11-30 00:00:00+00:00,0.008127704665903623
tree,1d,train,month,2023-12-31 00:00:00+00:00,0.02245233958917625
tree,1d,train,quarter,2020-03-31 00:00:00+00:00,0.012119275980525757
tree,1d,train,quarter,2020-06-30 00:00:00+00:00,0.024398264087348576
tree,1d,train,quarter,2020-09-30 00:00:00+00:00,0.06167109704825213
tree,1d,train,quarter,2020-12-31 00:00:00+00:00,0.3680888048320943
tree,1d,train,quarter,2021-03-31 00:00:00+00:00,0.1267046493619337
tree,1d,train,quarter,2021-06-30 00:00:00+00:00,0.2595796358866427
tree,1d,train,quarter,2021-09-30 00:00:00+00:00,-0.02922317597913937
tree,1d,train,quarter,2021-12-31 00:00:00+00:00,0.007293357553082913
tree,1d,train,quarter,2022-03-31 00:00:00+00:00,-0.027617785931779326
tree,1d,train,quarter,2022-06-30 00:00:00+00:00,0.1933477236988066
tree,1d,train,quarter,2022-09-30 00:00:00+00:00,-0.08224307157245314
tree,1d,train,quarter,2022-12-31 00:00:00+00:00,-0.0373615162919575
tree,1d,train,quarter,2023-03-31 00:00:00+00:00,0.07100880706208756
tree,1d,train,quarter,2023-06-30 00:00:00+00:00,0.07033339342322598
tree,1d,train,quarter,2023-09-30 00:00:00+00:00,0.00562618140903659
tree,1d,train,quarter,2023-12-31 00:00:00+00:00,0.11394211718020641
tree,1d,train,year,2020-12-31 00:00:00+00:00,0.5059300980078956
tree,1d,train,year,2021-12-31 00:00:00+00:00,0.38774952297144427
tree,1d,train,year,2022-12-31 00:00:00+00:00,0.025167682516394452
tree,1d,train,year,2023-12-31 00:00:00+00:00,0.2841368640194972
tree,1d,valid,month,2023-12-31 00:00:00+00:00,0.0
tree,1d,valid,month,2024-01-31 00:00:00+00:00,-0.0448642430306887
tree,1d,valid,month,2024-02-29 00:00:00+00:00,0.22170290693907413
tree,1d,valid,month,2024-03-31 00:00:00+00:00,-0.12023457431962026
tree,1d,valid,month,2024-04-30 00:00:00+00:00,0.0
tree,1d,valid,month,2024-05-31 00:00:00+00:00,-0.05684564138761439
tree,1d,valid,month,2024-06-30 00:00:00+00:00,0.0
tree,1d,valid,month,2024-07-31 00:00:00+00:00,0.019398797978768867
tree,1d,valid,month,2024-08-31 00:00:00+00:00,0.007386108285501347
tree,1d,valid,month,2024-09-30 00:00:00+00:00,0.021596970891064382
tree,1d,valid,month,2024-10-31 00:00:00+00:00,-0.017741059664478365
tree,1d,valid,month,2024-11-30 00:00:00+00:00,-0.013402059598925042
tree,1d,valid,month,2024-12-31 00:00:00+00:00,-0.016259986755550626
tree,1d,valid,month,2025-01-31 00:00:00+00:00,-0.06391937880083853
tree,1d,valid,month,2025-02-28 00:00:00+00:00,0.0
tree,1d,valid,month,2025-03-31 00:00:00+00:00,0.0
tree,1d,valid,quarter,2023-12-31 00:00:00+00:00,0.0
tree,1d,valid,quarter,2024-03-31 00:00:00+00:00,0.02659135218590225
tree,1d,valid,quarter,2024-06-30 00:00:00+00:00,-0.05684564138761439
tree,1d,valid,quarter,2024-09-30 00:00:00+00:00,0.04910672606775268
tree,1d,valid,quarter,2024-12-31 00:00:00+00:00,-0.0466628186572603
tree,1d,valid,quarter,2025-03-31 00:00:00+00:00,-0.06391937880083853
tree,1d,valid,year,2023-12-31 00:00:00+00:00,0.0
tree,1d,valid,year,2024-12-31 00:00:00+00:00,-0.03161828519835319
tree,1d,valid,year,2025-12-31 00:00:00+00:00,-0.06391937880083853
tree,1d,test,month,2025-03-31 00:00:00+00:00,-0.012257868785192638
tree,1d,test,month,2025-04-30 00:00:00+00:00,0.024928844874461342
tree,1d,test,month,2025-05-31 00:00:00+00:00,-0.008725965758289655
tree,1d,test,month,2025-06-30 00:00:00+00:00,0.0
tree,1d,test,month,2025-07-31 00:00:00+00:00,-0.060235229255032885
tree,1d,test,month,2025-08-31 00:00:00+00:00,0.0
tree,1d,test,month,2025-09-30 00:00:00+00:00,0.0
tree,1d,test,month,2025-10-31 00:00:00+00:00,-0.04451863294219682
tree,1d,test,month,2025-11-30 00:00:00+00:00,0.0
tree,1d,test,month,2025-12-31 00:00:00+00:00,-0.0004120380648102717
tree,1d,test,month,2026-01-31 00:00:00+00:00,-0.013172365225170513
tree,1d,test,month,2026-02-28 00:00:00+00:00,0.0
tree,1d,test,month,2026-03-31 00:00:00+00:00,-0.048339702609744184
tree,1d,test,month,2026-04-30 00:00:00+00:00,-0.059050351363400755
tree,1d,test,month,2026-05-31 00:00:00+00:00,0.0
tree,1d,test,month,2026-06-30 00:00:00+00:00,0.0
tree,1d,test,quarter,2025-03-31 00:00:00+00:00,-0.012257868785192638
tree,1d,test,quarter,2025-06-30 00:00:00+00:00,0.015985350869404558
tree,1d,test,quarter,2025-09-30 00:00:00+00:00,-0.060235229255032885
tree,1d,test,quarter,2025-12-31 00:00:00+00:00,-0.04491232763564157
tree,1d,test,quarter,2026-03-31 00:00:00+00:00,-0.060875319617263224
tree,1d,test,quarter,2026-06-30 00:00:00+00:00,-0.059050351363400755
tree,1d,test,year,2025-12-31 00:00:00+00:00,-0.09927249526562976
tree,1d,test,year,2026-12-31 00:00:00+00:00,-0.11633096196790504
equal_weight,1w,train,month,2020-03-31 00:00:00+00:00,-0.012440163190014397
equal_weight,1w,train,month,2020-04-30 00:00:00+00:00,0.00849622253460458
equal_weight,1w,train,month,2020-05-31 00:00:00+00:00,0.017734912933929037
equal_weight,1w,train,month,2020-06-30 00:00:00+00:00,-0.030404920277126157
equal_weight,1w,train,month,2020-07-31 00:00:00+00:00,0.09339741820312808
equal_weight,1w,train,month,2020-08-31 00:00:00+00:00,0.0033814714426863013
equal_weight,1w,train,month,2020-09-30 00:00:00+00:00,0.00630865778800338
equal_weight,1w,train,month,2020-10-31 00:00:00+00:00,0.0671338906560981
equal_weight,1w,train,month,2020-11-30 00:00:00+00:00,0.0751750172968495
equal_weight,1w,train,month,2020-12-31 00:00:00+00:00,0.309000032628455
equal_weight,1w,train,month,2021-01-31 00:00:00+00:00,0.04514727854397016
equal_weight,1w,train,month,2021-02-28 00:00:00+00:00,0.027215063186020183
equal_weight,1w,train,month,2021-03-31 00:00:00+00:00,0.03921930087839387
equal_weight,1w,train,month,2021-04-30 00:00:00+00:00,-0.03976014041132325
equal_weight,1w,train,month,2021-05-31 00:00:00+00:00,-0.17341453621810166
equal_weight,1w,train,month,2021-06-30 00:00:00+00:00,-0.13470828377929345
equal_weight,1w,train,month,2021-07-31 00:00:00+00:00,-0.06146382739829381
equal_weight,1w,train,month,2021-08-31 00:00:00+00:00,-0.07261994565623087
equal_weight,1w,train,month,2021-09-30 00:00:00+00:00,-0.07613738577248119
equal_weight,1w,train,month,2021-10-31 00:00:00+00:00,0.05437501558815616
equal_weight,1w,train,month,2021-11-30 00:00:00+00:00,0.07928848108892161
equal_weight,1w,train,month,2021-12-31 00:00:00+00:00,-0.00938388049846961
equal_weight,1w,train,month,2022-01-31 00:00:00+00:00,-0.06486502096046187
equal_weight,1w,train,month,2022-02-28 00:00:00+00:00,0.05138709510372563
equal_weight,1w,train,month,2022-03-31 00:00:00+00:00,0.013668236770685516
equal_weight,1w,train,month,2022-04-30 00:00:00+00:00,0.0603823669280783
equal_weight,1w,train,month,2022-05-31 00:00:00+00:00,-0.07515960958277013
equal_weight,1w,train,month,2022-06-30 00:00:00+00:00,0.09920298257769966
equal_weight,1w,train,month,2022-07-31 00:00:00+00:00,-0.1509468362595916
equal_weight,1w,train,month,2022-08-31 00:00:00+00:00,0.022785029997683504
equal_weight,1w,train,month,2022-09-30 00:00:00+00:00,-0.024031829844347707
equal_weight,1w,train,month,2022-10-31 00:00:00+00:00,-0.0370729218246072
equal_weight,1w,train,month,2022-11-30 00:00:00+00:00,0.04477141988233968
equal_weight,1w,train,month,2022-12-31 00:00:00+00:00,-0.0538670215334458
equal_weight,1w,train,month,2023-01-31 00:00:00+00:00,0.023051232595329818
equal_weight,1w,train,month,2023-02-28 00:00:00+00:00,0.07317573466790517
equal_weight,1w,train,month,2023-03-31 00:00:00+00:00,0.016831380976000565
equal_weight,1w,train,month,2023-04-30 00:00:00+00:00,-0.02195503167651791
equal_weight,1w,train,month,2023-05-31 00:00:00+00:00,-0.02787384272762161
equal_weight,1w,train,month,2023-06-30 00:00:00+00:00,-0.00871329221129813
equal_weight,1w,train,month,2023-07-31 00:00:00+00:00,-0.03059275047173149
equal_weight,1w,train,month,2023-08-31 00:00:00+00:00,0.059723375128057254
equal_weight,1w,train,month,2023-09-30 00:00:00+00:00,-0.04252364430110256
equal_weight,1w,train,month,2023-10-31 00:00:00+00:00,0.06164300977112336
equal_weight,1w,train,month,2023-11-30 00:00:00+00:00,-0.006310773933984937
equal_weight,1w,train,month,2023-12-31 00:00:00+00:00,0.04438431531219211
equal_weight,1w,train,quarter,2020-03-31 00:00:00+00:00,-0.012440163190014397
equal_weight,1w,train,quarter,2020-06-30 00:00:00+00:00,-0.0048252420306751365
equal_weight,1w,train,quarter,2020-09-30 00:00:00+00:00,0.10401590543690342
equal_weight,1w,train,quarter,2020-12-31 00:00:00+00:00,0.5018886478780351
equal_weight,1w,train,quarter,2021-03-31 00:00:00+00:00,0.11569651730662889
equal_weight,1w,train,quarter,2021-06-30 00:00:00+00:00,-0.3132003910377864
equal_weight,1w,train,quarter,2021-09-30 00:00:00+00:00,-0.19588871027322186
equal_weight,1w,train,quarter,2021-12-31 00:00:00+00:00,0.12729618945364352
equal_weight,1w,train,quarter,2022-03-31 00:00:00+00:00,-0.0033726928773631926
equal_weight,1w,train,quarter,2022-06-30 00:00:00+00:00,0.07797126385720965
equal_weight,1w,train,quarter,2022-09-30 00:00:00+00:00,-0.15247034822796113
equal_weight,1w,train,quarter,2022-12-31 00:00:00+00:00,-0.048153617107414726
equal_weight,1w,train,quarter,2023-03-31 00:00:00+00:00,0.11639316288550283
equal_weight,1w,train,quarter,2023-06-30 00:00:00+00:00,-0.0575013542551811
equal_weight,1w,train,quarter,2023-09-30 00:00:00+00:00,-0.01638116722970906
equal_weight,1w,train,quarter,2023-12-31 00:00:00+00:00,0.1017661532835532
equal_weight,1w,train,year,2020-12-31 00:00:00+00:00,0.6295805634083518
equal_weight,1w,train,year,2021-12-31 00:00:00+00:00,-0.30540713911203454
equal_weight,1w,train,year,2022-12-31 00:00:00+00:00,-0.13331409925201954
equal_weight,1w,train,year,2023-12-31 00:00:00+00:00,0.14028697814100255
equal_weight,1w,valid,month,2023-12-31 00:00:00+00:00,0.0033334591037776917
equal_weight,1w,valid,month,2024-01-31 00:00:00+00:00,-0.0504524108078509
equal_weight,1w,valid,month,2024-02-29 00:00:00+00:00,0.0985708641467955
equal_weight,1w,valid,month,2024-03-31 00:00:00+00:00,-0.021534495525684982
equal_weight,1w,valid,month,2024-04-30 00:00:00+00:00,-0.05195071993260414
equal_weight,1w,valid,month,2024-05-31 00:00:00+00:00,0.005098153311264397
equal_weight,1w,valid,month,2024-06-30 00:00:00+00:00,0.018023440521387712
equal_weight,1w,valid,month,2024-07-31 00:00:00+00:00,0.008720741141456934
equal_weight,1w,valid,month,2024-08-31 00:00:00+00:00,-0.005860750403434145
equal_weight,1w,valid,month,2024-09-30 00:00:00+00:00,-0.05742314485985789
equal_weight,1w,valid,month,2024-10-31 00:00:00+00:00,0.017310175456516808
equal_weight,1w,valid,month,2024-11-30 00:00:00+00:00,0.06561172823523376
equal_weight,1w,valid,month,2024-12-31 00:00:00+00:00,-0.044722914310116546
equal_weight,1w,valid,month,2025-01-31 00:00:00+00:00,-0.004569253818442309
equal_weight,1w,valid,month,2025-02-28 00:00:00+00:00,0.00416397968819715
equal_weight,1w,valid,month,2025-03-31 00:00:00+00:00,0.0005703349237751176
equal_weight,1w,valid,quarter,2023-12-31 00:00:00+00:00,0.0033334591037776917
equal_weight,1w,valid,quarter,2024-03-31 00:00:00+00:00,0.02068170747574194
equal_weight,1w,valid,quarter,2024-06-30 00:00:00+00:00,-0.02994319684008595
equal_weight,1w,valid,quarter,2024-09-30 00:00:00+00:00,-0.05477555896950426
equal_weight,1w,valid,quarter,2024-12-31 00:00:00+00:00,0.03557543664262486
equal_weight,1w,valid,quarter,2025-03-31 00:00:00+00:00,0.0001457925200978316
equal_weight,1w,valid,year,2023-12-31 00:00:00+00:00,0.0033334591037776917
equal_weight,1w,valid,year,2024-12-31 00:00:00+00:00,-0.030820586347921064
equal_weight,1w,valid,year,2025-12-31 00:00:00+00:00,0.0001457925200978316
equal_weight,1w,test,month,2025-03-31 00:00:00+00:00,0.008498051599428402
equal_weight,1w,test,month,2025-04-30 00:00:00+00:00,0.043266954086651044
equal_weight,1w,test,month,2025-05-31 00:00:00+00:00,-0.02097369226069734
equal_weight,1w,test,month,2025-06-30 00:00:00+00:00,-0.012904229051544092
equal_weight,1w,test,month,2025-07-31 00:00:00+00:00,-0.018457553393225745
equal_weight,1w,test,month,2025-08-31 00:00:00+00:00,-0.005758297131553403
equal_weight,1w,test,month,2025-09-30 00:00:00+00:00,-0.017857482406732572
equal_weight,1w,test,month,2025-10-31 00:00:00+00:00,-0.0024464298748818614
equal_weight,1w,test,month,2025-11-30 00:00:00+00:00,0.06558867526819401
equal_weight,1w,test,month,2025-12-31 00:00:00+00:00,-0.026050397208991827
equal_weight,1w,test,month,2026-01-31 00:00:00+00:00,0.1305026283652564
equal_weight,1w,test,month,2026-02-28 00:00:00+00:00,0.1298764073077916
equal_weight,1w,test,month,2026-03-31 00:00:00+00:00,-0.017734703891088
equal_weight,1w,test,month,2026-04-30 00:00:00+00:00,-0.031540154760617556
equal_weight,1w,test,month,2026-05-31 00:00:00+00:00,0.0011191129632650565
equal_weight,1w,test,month,2026-06-30 00:00:00+00:00,0.15185653793595977
equal_weight,1w,test,quarter,2025-03-31 00:00:00+00:00,0.008498051599428402
equal_weight,1w,test,quarter,2025-06-30 00:00:00+00:00,0.008205597809521015
equal_weight,1w,test,quarter,2025-09-30 00:00:00+00:00,-0.04153651269607217
equal_weight,1w,test,quarter,2025-12-31 00:00:00+00:00,0.035290689513626905
equal_weight,1w,test,quarter,2026-03-31 00:00:00+00:00,0.2546752099359897
equal_weight,1w,test,quarter,2026-06-30 00:00:00+00:00,0.11677520497517868
equal_weight,1w,test,year,2025-12-31 00:00:00+00:00,0.008932354778150353
equal_weight,1w,test,year,2026-12-31 00:00:00+00:00,0.4011901647535443
ic_weight,1w,train,month,2020-03-31 00:00:00+00:00,-0.015091314404726885
ic_weight,1w,train,month,2020-04-30 00:00:00+00:00,-0.02796314914837672
ic_weight,1w,train,month,2020-05-31 00:00:00+00:00,-0.03706306257258374
ic_weight,1w,train,month,2020-06-30 00:00:00+00:00,-0.06518364410378397
ic_weight,1w,train,month,2020-07-31 00:00:00+00:00,0.057815274522863946
ic_weight,1w,train,month,2020-08-31 00:00:00+00:00,-0.0011859160951462888
ic_weight,1w,train,month,2020-09-30 00:00:00+00:00,0.0
ic_weight,1w,train,month,2020-10-31 00:00:00+00:00,0.0811282053509208
ic_weight,1w,train,month,2020-11-30 00:00:00+00:00,0.016006179338051707
ic_weight,1w,train,month,2020-12-31 00:00:00+00:00,0.19540785131552862
ic_weight,1w,train,month,2021-01-31 00:00:00+00:00,0.08325808965228365
ic_weight,1w,train,month,2021-02-28 00:00:00+00:00,0.04883130577192607
ic_weight,1w,train,month,2021-03-31 00:00:00+00:00,-0.00622740277872913
ic_weight,1w,train,month,2021-04-30 00:00:00+00:00,0.002966117863892448
ic_weight,1w,train,month,2021-05-31 00:00:00+00:00,-0.06061896244702902
ic_weight,1w,train,month,2021-06-30 00:00:00+00:00,-0.10415783509445431
ic_weight,1w,train,month,2021-07-31 00:00:00+00:00,-0.09526579280192915
ic_weight,1w,train,month,2021-08-31 00:00:00+00:00,0.0
ic_weight,1w,train,month,2021-09-30 00:00:00+00:00,0.13989970271633068
ic_weight,1w,train,month,2021-10-31 00:00:00+00:00,0.03287848445865049
ic_weight,1w,train,month,2021-11-30 00:00:00+00:00,0.013057245534110251
ic_weight,1w,train,month,2021-12-31 00:00:00+00:00,0.012211343958049792
ic_weight,1w,train,month,2022-01-31 00:00:00+00:00,0.055756692010515474
ic_weight,1w,train,month,2022-02-28 00:00:00+00:00,-0.02539936187950531
ic_weight,1w,train,month,2022-03-31 00:00:00+00:00,0.0
ic_weight,1w,train,month,2022-04-30 00:00:00+00:00,-0.027805506904550747
ic_weight,1w,train,month,2022-05-31 00:00:00+00:00,-0.06258198604166776
ic_weight,1w,train,month,2022-06-30 00:00:00+00:00,0.12272505228385877
ic_weight,1w,train,month,2022-07-31 00:00:00+00:00,-0.045971907806451884
ic_weight,1w,train,month,2022-08-31 00:00:00+00:00,0.0971379531546015
ic_weight,1w,train,month,2022-09-30 00:00:00+00:00,-0.1536537425938772
ic_weight,1w,train,month,2022-10-31 00:00:00+00:00,-0.039809351581171604
ic_weight,1w,train,month,2022-11-30 00:00:00+00:00,-0.009052611770629992
ic_weight,1w,train,month,2022-12-31 00:00:00+00:00,0.0
ic_weight,1w,train,month,2023-01-31 00:00:00+00:00,0.020474108819726
ic_weight,1w,train,month,2023-02-28 00:00:00+00:00,-1.20219440568059e-05
ic_weight,1w,train,month,2023-03-31 00:00:00+00:00,0.004876065582132938
ic_weight,1w,train,month,2023-04-30 00:00:00+00:00,0.0
ic_weight,1w,train,month,2023-05-31 00:00:00+00:00,0.0
ic_weight,1w,train,month,2023-06-30 00:00:00+00:00,-0.036576680096479075
ic_weight,1w,train,month,2023-07-31 00:00:00+00:00,-0.030964331505085818
ic_weight,1w,train,month,2023-08-31 00:00:00+00:00,0.03625330747297939
ic_weight,1w,train,month,2023-09-30 00:00:00+00:00,-0.004642234202770323
ic_weight,1w,train,month,2023-10-31 00:00:00+00:00,0.10941737617563807
ic_weight,1w,train,month,2023-11-30 00:00:00+00:00,0.029510963842635407
ic_weight,1w,train,month,2023-12-31 00:00:00+00:00,0.023401554190360274
ic_weight,1w,train,quarter,2020-03-31 00:00:00+00:00,-0.015091314404726885
ic_weight,1w,train,quarter,2020-06-30 00:00:00+00:00,-0.12500236676116228
ic_weight,1w,train,quarter,2020-09-30 00:00:00+00:00,0.05656079436311412
ic_weight,1w,train,quarter,2020-12-31 00:00:00+00:00,0.31307535738385983
ic_weight,1w,train,quarter,2021-03-31 00:00:00+00:00,0.1290797018747507
ic_weight,1w,train,quarter,2021-06-30 00:00:00+00:00,-0.15596675929626969
ic_weight,1w,train,quarter,2021-09-30 00:00:00+00:00,0.03130625382237873
ic_weight,1w,train,quarter,2021-12-31 00:00:00+00:00,0.059142555753894266
ic_weight,1w,train,quarter,2022-03-31 00:00:00+00:00,0.028941145733430762
ic_weight,1w,train,quarter,2022-06-30 00:00:00+00:00,0.023198430174849793
ic_weight,1w,train,quarter,2022-09-30 00:00:00+00:00,-0.1141290098649489
ic_weight,1w,train,quarter,2022-12-31 00:00:00+00:00,-0.04850158474709698
ic_weight,1w,train,quarter,2023-03-31 00:00:00+00:00,0.025437679596576723
ic_weight,1w,train,quarter,2023-06-30 00:00:00+00:00,-0.036576680096479075
ic_weight,1w,train,quarter,2023-09-30 00:00:00+00:00,-0.0004951591469773975
ic_weight,1w,train,quarter,2023-12-31 00:00:00+00:00,0.16888560942295539
ic_weight,1w,train,year,2020-12-31 00:00:00+00:00,0.19560297769199786
ic_weight,1w,train,year,2021-12-31 00:00:00+00:00,0.04094125299066009
ic_weight,1w,train,year,2022-12-31 00:00:00+00:00,-0.11258053854588146
ic_weight,1w,train,year,2023-12-31 00:00:00+00:00,0.15420603182078962
ic_weight,1w,valid,month,2023-12-31 00:00:00+00:00,0.0
ic_weight,1w,valid,month,2024-01-31 00:00:00+00:00,0.0
ic_weight,1w,valid,month,2024-02-29 00:00:00+00:00,-0.01727490631241657
ic_weight,1w,valid,month,2024-03-31 00:00:00+00:00,0.0033934212704682665
ic_weight,1w,valid,month,2024-04-30 00:00:00+00:00,-0.10055779531752829
ic_weight,1w,valid,month,2024-05-31 00:00:00+00:00,-0.02551488942167701
ic_weight,1w,valid,month,2024-06-30 00:00:00+00:00,0.0007716288403096794
ic_weight,1w,valid,month,2024-07-31 00:00:00+00:00,-0.004659614739803808
ic_weight,1w,valid,month,2024-08-31 00:00:00+00:00,-0.048864728045211914
ic_weight,1w,valid,month,2024-09-30 00:00:00+00:00,0.005788040720016152
ic_weight,1w,valid,month,2024-10-31 00:00:00+00:00,0.0
ic_weight,1w,valid,month,2024-11-30 00:00:00+00:00,0.09746508585195568
ic_weight,1w,valid,month,2024-12-31 00:00:00+00:00,-0.030042529959591002
ic_weight,1w,valid,month,2025-01-31 00:00:00+00:00,0.0
ic_weight,1w,valid,month,2025-02-28 00:00:00+00:00,0.0036299150416396753
ic_weight,1w,valid,month,2025-03-31 00:00:00+00:00,-0.004485315602515416
ic_weight,1w,valid,quarter,2023-12-31 00:00:00+00:00,0.0
ic_weight,1w,valid,quarter,2024-03-31 00:00:00+00:00,-0.01394010607647378
ic_weight,1w,valid,quarter,2024-06-30 00:00:00+00:00,-0.12283063640605996
ic_weight,1w,valid,quarter,2024-09-30 00:00:00+00:00,-0.04781709444983295
ic_weight,1w,valid,quarter,2024-12-31 00:00:00+00:00,0.06449445813064392
ic_weight,1w,valid,quarter,2025-03-31 00:00:00+00:00,-0.0008716818754475053
ic_weight,1w,valid,year,2023-12-31 00:00:00+00:00,0.0
ic_weight,1w,valid,year,2024-12-31 00:00:00+00:00,-0.12330095163097698
ic_weight,1w,valid,year,2025-12-31 00:00:00+00:00,-0.0008716818754475053
ic_weight,1w,test,month,2025-03-31 00:00:00+00:00,0.0
ic_weight,1w,test,month,2025-04-30 00:00:00+00:00,0.005583015329588159
ic_weight,1w,test,month,2025-05-31 00:00:00+00:00,0.0
ic_weight,1w,test,month,2025-06-30 00:00:00+00:00,0.0
ic_weight,1w,test,month,2025-07-31 00:00:00+00:00,0.0
ic_weight,1w,test,month,2025-08-31 00:00:00+00:00,0.0
ic_weight,1w,test,month,2025-09-30 00:00:00+00:00,0.0
ic_weight,1w,test,month,2025-10-31 00:00:00+00:00,-0.06516546204102458
ic_weight,1w,test,month,2025-11-30 00:00:00+00:00,-0.03825426652175323
ic_weight,1w,test,month,2025-12-31 00:00:00+00:00,0.012936429310702602
ic_weight,1w,test,month,2026-01-31 00:00:00+00:00,0.08602404372551509
ic_weight,1w,test,month,2026-02-28 00:00:00+00:00,0.10934521653236118
ic_weight,1w,test,month,2026-03-31 00:00:00+00:00,-0.008057778198415466
ic_weight,1w,test,month,2026-04-30 00:00:00+00:00,0.0
ic_weight,1w,test,month,2026-05-31 00:00:00+00:00,-0.01234401408796193
ic_weight,1w,test,month,2026-06-30 00:00:00+00:00,0.11098677653956912
ic_weight,1w,test,quarter,2025-03-31 00:00:00+00:00,0.0
ic_weight,1w,test,quarter,2025-06-30 00:00:00+00:00,0.005583015329588159
ic_weight,1w,test,quarter,2025-09-30 00:00:00+00:00,0.0
ic_weight,1w,test,quarter,2025-12-31 00:00:00+00:00,-0.08929607563927733
ic_weight,1w,test,quarter,2026-03-31 00:00:00+00:00,0.19506776356007705
ic_weight,1w,test,quarter,2026-06-30 00:00:00+00:00,0.09727274011842435
ic_weight,1w,test,year,2025-12-31 00:00:00+00:00,-0.08421160166885555
ic_weight,1w,test,year,2026-12-31 00:00:00+00:00,0.31131527954876437
linear,1w,train,month,2020-03-31 00:00:00+00:00,-0.021811533140749018
linear,1w,train,month,2020-04-30 00:00:00+00:00,0.21930304544346213
linear,1w,train,month,2020-05-31 00:00:00+00:00,-0.030449346021646728
linear,1w,train,month,2020-06-30 00:00:00+00:00,0.01595149303225951
linear,1w,train,month,2020-07-31 00:00:00+00:00,0.04276271813891408
linear,1w,train,month,2020-08-31 00:00:00+00:00,-0.01880059000780865
linear,1w,train,month,2020-09-30 00:00:00+00:00,-0.017062379143819806
linear,1w,train,month,2020-10-31 00:00:00+00:00,0.0178228489111385
linear,1w,train,month,2020-11-30 00:00:00+00:00,0.058597018992993855
linear,1w,train,month,2020-12-31 00:00:00+00:00,0.13448968874406653
linear,1w,train,month,2021-01-31 00:00:00+00:00,0.18457539365030828
linear,1w,train,month,2021-02-28 00:00:00+00:00,-0.061289547724291515
linear,1w,train,month,2021-03-31 00:00:00+00:00,0.0
linear,1w,train,month,2021-04-30 00:00:00+00:00,0.0
linear,1w,train,month,2021-05-31 00:00:00+00:00,-0.12529139594277805
linear,1w,train,month,2021-06-30 00:00:00+00:00,-0.12923798815576681
linear,1w,train,month,2021-07-31 00:00:00+00:00,-0.08094155706095596
linear,1w,train,month,2021-08-31 00:00:00+00:00,0.01525644498979628
linear,1w,train,month,2021-09-30 00:00:00+00:00,0.003112250330997046
linear,1w,train,month,2021-10-31 00:00:00+00:00,0.0
linear,1w,train,month,2021-11-30 00:00:00+00:00,0.0
linear,1w,train,month,2021-12-31 00:00:00+00:00,-0.07162112179242042
linear,1w,train,month,2022-01-31 00:00:00+00:00,0.0691463111488384
linear,1w,train,month,2022-02-28 00:00:00+00:00,-0.03604187083438559
linear,1w,train,month,2022-03-31 00:00:00+00:00,0.0
linear,1w,train,month,2022-04-30 00:00:00+00:00,-0.01216437287280614
linear,1w,train,month,2022-05-31 00:00:00+00:00,-0.03155707836648536
linear,1w,train,month,2022-06-30 00:00:00+00:00,-0.18256790730157613
linear,1w,train,month,2022-07-31 00:00:00+00:00,-0.05001222312055997
linear,1w,train,month,2022-08-31 00:00:00+00:00,0.1351766720999903
linear,1w,train,month,2022-09-30 00:00:00+00:00,-0.06978994543051231
linear,1w,train,month,2022-10-31 00:00:00+00:00,-0.06378507696710267
linear,1w,train,month,2022-11-30 00:00:00+00:00,-0.03465963671400718
linear,1w,train,month,2022-12-31 00:00:00+00:00,0.0
linear,1w,train,month,2023-01-31 00:00:00+00:00,0.0
linear,1w,train,month,2023-02-28 00:00:00+00:00,-0.005177265408059295
linear,1w,train,month,2023-03-31 00:00:00+00:00,0.0
linear,1w,train,month,2023-04-30 00:00:00+00:00,0.0
linear,1w,train,month,2023-05-31 00:00:00+00:00,0.0
linear,1w,train,month,2023-06-30 00:00:00+00:00,0.00826823483072725
linear,1w,train,month,2023-07-31 00:00:00+00:00,-0.01578900436691333
linear,1w,train,month,2023-08-31 00:00:00+00:00,-0.021244867198620176
linear,1w,train,month,2023-09-30 00:00:00+00:00,-0.00020737480252763785
linear,1w,train,month,2023-10-31 00:00:00+00:00,0.09378017420182361
linear,1w,train,month,2023-11-30 00:00:00+00:00,0.056002345063616676
linear,1w,train,month,2023-12-31 00:00:00+00:00,0.03304356040601508
linear,1w,train,quarter,2020-03-31 00:00:00+00:00,-0.021811533140749018
linear,1w,train,quarter,2020-06-30 00:00:00+00:00,0.20103353837297333
linear,1w,train,quarter,2020-09-30 00:00:00+00:00,0.005700651284908931
linear,1w,train,quarter,2020-12-31 00:00:00+00:00,0.2223720631461934
linear,1w,train,quarter,2021-03-31 00:00:00+00:00,0.11197330352815626
linear,1w,train,quarter,2021-06-30 00:00:00+00:00,-0.23833697615367277
linear,1w,train,quarter,2021-09-30 00:00:00+00:00,-0.0640160139216086
linear,1w,train,quarter,2021-12-31 00:00:00+00:00,-0.07162112179242042
linear,1w,train,quarter,2022-03-31 00:00:00+00:00,0.03061227789935228
linear,1w,train,quarter,2022-06-30 00:00:00+00:00,-0.217993435336028
linear,1w,train,quarter,2022-09-30 00:00:00+00:00,0.0031422093573181265
linear,1w,train,quarter,2022-12-31 00:00:00+00:00,-0.09623394608565494
linear,1w,train,quarter,2023-03-31 00:00:00+00:00,-0.005177265408059295
linear,1w,train,quarter,2023-06-30 00:00:00+00:00,0.00826823483072725
linear,1w,train,quarter,2023-09-30 00:00:00+00:00,-0.03689820073611427
linear,1w,train,quarter,2023-12-31 00:00:00+00:00,0.19320087886496018
linear,1w,train,year,2020-12-31 00:00:00+00:00,0.4442747552608628
linear,1w,train,year,2021-12-31 00:00:00+00:00,-0.26404560555029866
linear,1w,train,year,2022-12-31 00:00:00+00:00,-0.2693250132224996
linear,1w,train,year,2023-12-31 00:00:00+00:00,0.1526767822345525
linear,1w,valid,month,2023-12-31 00:00:00+00:00,0.0
linear,1w,valid,month,2024-01-31 00:00:00+00:00,0.0
linear,1w,valid,month,2024-02-29 00:00:00+00:00,0.0
linear,1w,valid,month,2024-03-31 00:00:00+00:00,0.0
linear,1w,valid,month,2024-04-30 00:00:00+00:00,-0.17050230971576663
linear,1w,valid,month,2024-05-31 00:00:00+00:00,-0.02551488942167701
linear,1w,valid,month,2024-06-30 00:00:00+00:00,0.0
linear,1w,valid,month,2024-07-31 00:00:00+00:00,-0.0164312796430921
linear,1w,valid,month,2024-08-31 00:00:00+00:00,-0.022294116977915057
linear,1w,valid,month,2024-09-30 00:00:00+00:00,0.0
linear,1w,valid,month,2024-10-31 00:00:00+00:00,0.0
linear,1w,valid,month,2024-11-30 00:00:00+00:00,0.11576631094918377
linear,1w,valid,month,2024-12-31 00:00:00+00:00,0.019393412846005154
linear,1w,valid,month,2025-01-31 00:00:00+00:00,0.0
linear,1w,valid,month,2025-02-28 00:00:00+00:00,0.0
linear,1w,valid,month,2025-03-31 00:00:00+00:00,-0.04483892547807655
linear,1w,valid,quarter,2023-12-31 00:00:00+00:00,0.0
linear,1w,valid,quarter,2024-03-31 00:00:00+00:00,0.0
linear,1w,valid,quarter,2024-06-30 00:00:00+00:00,-0.19166685155890506
linear,1w,valid,quarter,2024-09-30 00:00:00+00:00,-0.03835907575054687
linear,1w,valid,quarter,2024-12-31 00:00:00+00:00,0.1374048276570854
linear,1w,valid,quarter,2025-03-31 00:00:00+00:00,-0.04483892547807655
linear,1w,valid,year,2023-12-31 00:00:00+00:00,0.0
linear,1w,valid,year,2024-12-31 00:00:00+00:00,-0.1158653865450694
linear,1w,valid,year,2025-12-31 00:00:00+00:00,-0.04483892547807655
linear,1w,test,month,2025-03-31 00:00:00+00:00,0.0
linear,1w,test,month,2025-04-30 00:00:00+00:00,0.0
linear,1w,test,month,2025-05-31 00:00:00+00:00,0.0
linear,1w,test,month,2025-06-30 00:00:00+00:00,0.0
linear,1w,test,month,2025-07-31 00:00:00+00:00,0.0
linear,1w,test,month,2025-08-31 00:00:00+00:00,0.0
linear,1w,test,month,2025-09-30 00:00:00+00:00,0.0
linear,1w,test,month,2025-10-31 00:00:00+00:00,-0.016799356696012735
linear,1w,test,month,2025-11-30 00:00:00+00:00,-0.016089430566251006
linear,1w,test,month,2025-12-31 00:00:00+00:00,-0.010130126919615345
linear,1w,test,month,2026-01-31 00:00:00+00:00,0.050266017653067374
linear,1w,test,month,2026-02-28 00:00:00+00:00,0.015190707749499266
linear,1w,test,month,2026-03-31 00:00:00+00:00,-0.008733031418821424
linear,1w,test,month,2026-04-30 00:00:00+00:00,0.0
linear,1w,test,month,2026-05-31 00:00:00+00:00,-0.00883612676313128
linear,1w,test,month,2026-06-30 00:00:00+00:00,-0.04060356111308572
linear,1w,test,quarter,2025-03-31 00:00:00+00:00,0.0
linear,1w,test,quarter,2025-06-30 00:00:00+00:00,0.0
linear,1w,test,quarter,2025-09-30 00:00:00+00:00,0.0
linear,1w,test,quarter,2025-12-31 00:00:00+00:00,-0.04241819260266966
linear,1w,test,quarter,2026-03-31 00:00:00+00:00,0.05690896639158294
linear,1w,test,quarter,2026-06-30 00:00:00+00:00,-0.04908090966318723
linear,1w,test,year,2025-12-31 00:00:00+00:00,-0.04241819260266966
linear,1w,test,year,2026-12-31 00:00:00+00:00,0.0050349128899047635
ridge,1w,train,month,2020-03-31 00:00:00+00:00,-0.021811533140749018
ridge,1w,train,month,2020-04-30 00:00:00+00:00,0.2208091239385439
ridge,1w,train,month,2020-05-31 00:00:00+00:00,-0.030449346021646728
ridge,1w,train,month,2020-06-30 00:00:00+00:00,0.01595149303225951
ridge,1w,train,month,2020-07-31 00:00:00+00:00,0.04276271813891408
ridge,1w,train,month,2020-08-31 00:00:00+00:00,-0.019594838721698427
ridge,1w,train,month,2020-09-30 00:00:00+00:00,-0.006206817038545198
ridge,1w,train,month,2020-10-31 00:00:00+00:00,0.0178228489111385
ridge,1w,train,month,2020-11-30 00:00:00+00:00,0.058597018992993855
ridge,1w,train,month,2020-12-31 00:00:00+00:00,0.13448968874406653
ridge,1w,train,month,2021-01-31 00:00:00+00:00,0.18457539365030828
ridge,1w,train,month,2021-02-28 00:00:00+00:00,-0.061289547724291515
ridge,1w,train,month,2021-03-31 00:00:00+00:00,0.0
ridge,1w,train,month,2021-04-30 00:00:00+00:00,0.0
ridge,1w,train,month,2021-05-31 00:00:00+00:00,-0.12529139594277805
ridge,1w,train,month,2021-06-30 00:00:00+00:00,-0.12923798815576681
ridge,1w,train,month,2021-07-31 00:00:00+00:00,-0.08094155706095596
ridge,1w,train,month,2021-08-31 00:00:00+00:00,0.01525644498979628
ridge,1w,train,month,2021-09-30 00:00:00+00:00,0.003112250330997046
ridge,1w,train,month,2021-10-31 00:00:00+00:00,0.0
ridge,1w,train,month,2021-11-30 00:00:00+00:00,0.0
ridge,1w,train,month,2021-12-31 00:00:00+00:00,-0.07162112179242042
ridge,1w,train,month,2022-01-31 00:00:00+00:00,0.0691463111488384
ridge,1w,train,month,2022-02-28 00:00:00+00:00,-0.03604187083438559
ridge,1w,train,month,2022-03-31 00:00:00+00:00,0.0
ridge,1w,train,month,2022-04-30 00:00:00+00:00,-0.01216437287280614
ridge,1w,train,month,2022-05-31 00:00:00+00:00,-0.03155707836648536
ridge,1w,train,month,2022-06-30 00:00:00+00:00,-0.18256790730157613
ridge,1w,train,month,2022-07-31 00:00:00+00:00,-0.05001222312055997
ridge,1w,train,month,2022-08-31 00:00:00+00:00,0.1351766720999903
ridge,1w,train,month,2022-09-30 00:00:00+00:00,-0.07068416608530814
ridge,1w,train,month,2022-10-31 00:00:00+00:00,-0.06378507696710267
ridge,1w,train,month,2022-11-30 00:00:00+00:00,-0.03430448068605729
ridge,1w,train,month,2022-12-31 00:00:00+00:00,0.0
ridge,1w,train,month,2023-01-31 00:00:00+00:00,0.0
ridge,1w,train,month,2023-02-28 00:00:00+00:00,-0.005177265408059295
ridge,1w,train,month,2023-03-31 00:00:00+00:00,0.0
ridge,1w,train,month,2023-04-30 00:00:00+00:00,0.0
ridge,1w,train,month,2023-05-31 00:00:00+00:00,0.0
ridge,1w,train,month,2023-06-30 00:00:00+00:00,0.00826823483072725
ridge,1w,train,month,2023-07-31 00:00:00+00:00,-0.01578900436691333
ridge,1w,train,month,2023-08-31 00:00:00+00:00,-0.021244867198620176
ridge,1w,train,month,2023-09-30 00:00:00+00:00,-0.00020737480252763785
ridge,1w,train,month,2023-10-31 00:00:00+00:00,0.09378017420182361
ridge,1w,train,month,2023-11-30 00:00:00+00:00,0.056002345063616676
ridge,1w,train,month,2023-12-31 00:00:00+00:00,0.03304356040601508
ridge,1w,train,quarter,2020-03-31 00:00:00+00:00,-0.021811533140749018
ridge,1w,train,quarter,2020-06-30 00:00:00+00:00,0.20251705044224422
ridge,1w,train,quarter,2020-09-30 00:00:00+00:00,0.015984535894016938
ridge,1w,train,quarter,2020-12-31 00:00:00+00:00,0.2223720631461934
ridge,1w,train,quarter,2021-03-31 00:00:00+00:00,0.11197330352815626
ridge,1w,train,quarter,2021-06-30 00:00:00+00:00,-0.23833697615367277
ridge,1w,train,quarter,2021-09-30 00:00:00+00:00,-0.0640160139216086
ridge,1w,train,quarter,2021-12-31 00:00:00+00:00,-0.07162112179242042
ridge,1w,train,quarter,2022-03-31 00:00:00+00:00,0.03061227789935228
ridge,1w,train,quarter,2022-06-30 00:00:00+00:00,-0.217993435336028
ridge,1w,train,quarter,2022-09-30 00:00:00+00:00,0.002177878259306487
ridge,1w,train,quarter,2022-12-31 00:00:00+00:00,-0.09590144371228371
ridge,1w,train,quarter,2023-03-31 00:00:00+00:00,-0.005177265408059295
ridge,1w,train,quarter,2023-06-30 00:00:00+00:00,0.00826823483072725
ridge,1w,train,quarter,2023-09-30 00:00:00+00:00,-0.03689820073611427
ridge,1w,train,quarter,2023-12-31 00:00:00+00:00,0.19320087886496018
ridge,1w,train,year,2020-12-31 00:00:00+00:00,0.4608455245238823
ridge,1w,train,year,2021-12-31 00:00:00+00:00,-0.26404560555029866
ridge,1w,train,year,2022-12-31 00:00:00+00:00,-0.2697588562905834
ridge,1w,train,year,2023-12-31 00:00:00+00:00,0.1526767822345525
ridge,1w,valid,month,2023-12-31 00:00:00+00:00,0.0
ridge,1w,valid,month,2024-01-31 00:00:00+00:00,0.0
ridge,1w,valid,month,2024-02-29 00:00:00+00:00,0.0
ridge,1w,valid,month,2024-03-31 00:00:00+00:00,0.0
ridge,1w,valid,month,2024-04-30 00:00:00+00:00,-0.17050230971576663
ridge,1w,valid,month,2024-05-31 00:00:00+00:00,-0.02551488942167701
ridge,1w,valid,month,2024-06-30 00:00:00+00:00,0.0
ridge,1w,valid,month,2024-07-31 00:00:00+00:00,-0.0164312796430921
ridge,1w,valid,month,2024-08-31 00:00:00+00:00,-0.022294116977915057
ridge,1w,valid,month,2024-09-30 00:00:00+00:00,0.0
ridge,1w,valid,month,2024-10-31 00:00:00+00:00,0.0
ridge,1w,valid,month,2024-11-30 00:00:00+00:00,0.10770350558539987
ridge,1w,valid,month,2024-12-31 00:00:00+00:00,0.019393412846005154
ridge,1w,valid,month,2025-01-31 00:00:00+00:00,0.0
ridge,1w,valid,month,2025-02-28 00:00:00+00:00,0.0
ridge,1w,valid,month,2025-03-31 00:00:00+00:00,-0.04483892547807655
ridge,1w,valid,quarter,2023-12-31 00:00:00+00:00,0.0
ridge,1w,valid,quarter,2024-03-31 00:00:00+00:00,0.0
ridge,1w,valid,quarter,2024-06-30 00:00:00+00:00,-0.19166685155890506
ridge,1w,valid,quarter,2024-09-30 00:00:00+00:00,-0.03835907575054687
ridge,1w,valid,quarter,2024-12-31 00:00:00+00:00,0.12918565698018392
ridge,1w,valid,quarter,2025-03-31 00:00:00+00:00,-0.04483892547807655
ridge,1w,valid,year,2023-12-31 00:00:00+00:00,0.0
ridge,1w,valid,year,2024-12-31 00:00:00+00:00,-0.12225436355013075
ridge,1w,valid,year,2025-12-31 00:00:00+00:00,-0.04483892547807655
ridge,1w,test,month,2025-03-31 00:00:00+00:00,0.0
ridge,1w,test,month,2025-04-30 00:00:00+00:00,0.0
ridge,1w,test,month,2025-05-31 00:00:00+00:00,0.0
ridge,1w,test,month,2025-06-30 00:00:00+00:00,0.0
ridge,1w,test,month,2025-07-31 00:00:00+00:00,0.0
ridge,1w,test,month,2025-08-31 00:00:00+00:00,0.0
ridge,1w,test,month,2025-09-30 00:00:00+00:00,0.0
ridge,1w,test,month,2025-10-31 00:00:00+00:00,-0.016799356696012735
ridge,1w,test,month,2025-11-30 00:00:00+00:00,-0.016089430566251006
ridge,1w,test,month,2025-12-31 00:00:00+00:00,-0.010130126919615345
ridge,1w,test,month,2026-01-31 00:00:00+00:00,0.050266017653067374
ridge,1w,test,month,2026-02-28 00:00:00+00:00,0.015190707749499266
ridge,1w,test,month,2026-03-31 00:00:00+00:00,-0.008733031418821424
ridge,1w,test,month,2026-04-30 00:00:00+00:00,0.0
ridge,1w,test,month,2026-05-31 00:00:00+00:00,-0.00883612676313128
ridge,1w,test,month,2026-06-30 00:00:00+00:00,-0.04060356111308572
ridge,1w,test,quarter,2025-03-31 00:00:00+00:00,0.0
ridge,1w,test,quarter,2025-06-30 00:00:00+00:00,0.0
ridge,1w,test,quarter,2025-09-30 00:00:00+00:00,0.0
ridge,1w,test,quarter,2025-12-31 00:00:00+00:00,-0.04241819260266966
ridge,1w,test,quarter,2026-03-31 00:00:00+00:00,0.05690896639158294
ridge,1w,test,quarter,2026-06-30 00:00:00+00:00,-0.04908090966318723
ridge,1w,test,year,2025-12-31 00:00:00+00:00,-0.04241819260266966
ridge,1w,test,year,2026-12-31 00:00:00+00:00,0.0050349128899047635
tree,1w,train,month,2020-03-31 00:00:00+00:00,0.0
tree,1w,train,month,2020-04-30 00:00:00+00:00,0.033831020679801815
tree,1w,train,month,2020-05-31 00:00:00+00:00,0.02526472763968557
tree,1w,train,month,2020-06-30 00:00:00+00:00,0.05108595839360719
tree,1w,train,month,2020-07-31 00:00:00+00:00,-0.002925350252615311
tree,1w,train,month,2020-08-31 00:00:00+00:00,0.0
tree,1w,train,month,2020-09-30 00:00:00+00:00,-0.04639645234048395
tree,1w,train,month,2020-10-31 00:00:00+00:00,-0.003990436282367171
tree,1w,train,month,2020-11-30 00:00:00+00:00,0.04686019941425501
tree,1w,train,month,2020-12-31 00:00:00+00:00,-0.050105081018875675
tree,1w,train,month,2021-01-31 00:00:00+00:00,0.223948014003702
tree,1w,train,month,2021-02-28 00:00:00+00:00,0.21582492015263588
tree,1w,train,month,2021-03-31 00:00:00+00:00,-0.014160153133125575
tree,1w,train,month,2021-04-30 00:00:00+00:00,-0.006836700535215234
tree,1w,train,month,2021-05-31 00:00:00+00:00,0.3577686584820603
tree,1w,train,month,2021-06-30 00:00:00+00:00,0.022692655991270794
tree,1w,train,month,2021-07-31 00:00:00+00:00,0.014731060261842455
tree,1w,train,month,2021-08-31 00:00:00+00:00,0.1867902582792631
tree,1w,train,month,2021-09-30 00:00:00+00:00,0.0
tree,1w,train,month,2021-10-31 00:00:00+00:00,0.18917420185536749
tree,1w,train,month,2021-11-30 00:00:00+00:00,0.0
tree,1w,train,month,2021-12-31 00:00:00+00:00,0.0
tree,1w,train,month,2022-01-31 00:00:00+00:00,0.04602621540778462
tree,1w,train,month,2022-02-28 00:00:00+00:00,-0.04489154174442589
tree,1w,train,month,2022-03-31 00:00:00+00:00,0.021258238595629253
tree,1w,train,month,2022-04-30 00:00:00+00:00,0.0
tree,1w,train,month,2022-05-31 00:00:00+00:00,-0.12105891969258642
tree,1w,train,month,2022-06-30 00:00:00+00:00,0.1269071094503258
tree,1w,train,month,2022-07-31 00:00:00+00:00,0.021165041579475297
tree,1w,train,month,2022-08-31 00:00:00+00:00,0.0
tree,1w,train,month,2022-09-30 00:00:00+00:00,0.0
tree,1w,train,month,2022-10-31 00:00:00+00:00,0.0
tree,1w,train,month,2022-11-30 00:00:00+00:00,0.0
tree,1w,train,month,2022-12-31 00:00:00+00:00,0.0
tree,1w,train,month,2023-01-31 00:00:00+00:00,0.1642460610134966
tree,1w,train,month,2023-02-28 00:00:00+00:00,0.004046986247919326
tree,1w,train,month,2023-03-31 00:00:00+00:00,-0.015939538682879673
tree,1w,train,month,2023-04-30 00:00:00+00:00,0.0
tree,1w,train,month,2023-05-31 00:00:00+00:00,0.012397409258845249
tree,1w,train,month,2023-06-30 00:00:00+00:00,-0.017084965383246886
tree,1w,train,month,2023-07-31 00:00:00+00:00,-0.005148748496276889
tree,1w,train,month,2023-08-31 00:00:00+00:00,-0.003424436056697844
tree,1w,train,month,2023-09-30 00:00:00+00:00,-0.007515242614296813
tree,1w,train,month,2023-10-31 00:00:00+00:00,0.0
tree,1w,train,month,2023-11-30 00:00:00+00:00,0.0
tree,1w,train,month,2023-12-31 00:00:00+00:00,0.0
tree,1w,train,quarter,2020-03-31 00:00:00+00:00,0.0
tree,1w,train,quarter,2020-06-30 00:00:00+00:00,0.11409906595526698
tree,1w,train,quarter,2020-09-30 00:00:00+00:00,-0.049186076719524574
tree,1w,train,quarter,2020-12-31 00:00:00+00:00,-0.00956093420053783
tree,1w,train,quarter,2021-03-31 00:00:00+00:00,0.46703468052964503
tree,1w,train,quarter,2021-06-30 00:00:00+00:00,0.379086729692387
tree,1w,train,quarter,2021-09-30 00:00:00+00:00,0.204272937092143
tree,1w,train,quarter,2021-12-31 00:00:00+00:00,0.18917420185536749
tree,1w,train,quarter,2022-03-31 00:00:00+00:00,0.020306922139531558
tree,1w,train,quarter,2022-06-30 00:00:00+00:00,-0.009515047813625999
tree,1w,train,quarter,2022-09-30 00:00:00+00:00,0.021165041579475297
tree,1w,train,quarter,2022-12-31 00:00:00+00:00,0.0
tree,1w,train,quarter,2023-03-31 00:00:00+00:00,0.15032510155577916
tree,1w,train,quarter,2023-06-30 00:00:00+00:00,-0.004899365432431746
tree,1w,train,quarter,2023-09-30 00:00:00+00:00,-0.016006498550835024
tree,1w,train,quarter,2023-12-31 00:00:00+00:00,0.0
tree,1w,train,year,2020-12-31 00:00:00+00:00,0.04917299758400784
tree,1w,train,year,2021-12-31 00:00:00+00:00,1.8973593716454795
tree,1w,train,year,2022-12-31 00:00:00+00:00,0.03198801550151331
tree,1w,train,year,2023-12-31 00:00:00+00:00,0.12636677187968126
tree,1w,valid,month,2023-12-31 00:00:00+00:00,0.0
tree,1w,valid,month,2024-01-31 00:00:00+00:00,0.008027700811465976
tree,1w,valid,month,2024-02-29 00:00:00+00:00,-0.026738726602160034
tree,1w,valid,month,2024-03-31 00:00:00+00:00,0.09057137591619924
tree,1w,valid,month,2024-04-30 00:00:00+00:00,0.0
tree,1w,valid,month,2024-05-31 00:00:00+00:00,0.0
tree,1w,valid,month,2024-06-30 00:00:00+00:00,0.0
tree,1w,valid,month,2024-07-31 00:00:00+00:00,-0.07564688328678904
tree,1w,valid,month,2024-08-31 00:00:00+00:00,0.0
tree,1w,valid,month,2024-09-30 00:00:00+00:00,0.004407401320724702
tree,1w,valid,month,2024-10-31 00:00:00+00:00,0.0
tree,1w,valid,month,2024-11-30 00:00:00+00:00,0.0
tree,1w,valid,month,2024-12-31 00:00:00+00:00,0.0634128607850597
tree,1w,valid,month,2025-01-31 00:00:00+00:00,-0.08553369616182072
tree,1w,valid,month,2025-02-28 00:00:00+00:00,-0.04130198888027303
tree,1w,valid,month,2025-03-31 00:00:00+00:00,0.0
tree,1w,valid,quarter,2023-12-31 00:00:00+00:00,0.0
tree,1w,valid,quarter,2024-03-31 00:00:00+00:00,0.06993157508671866
tree,1w,valid,quarter,2024-06-30 00:00:00+00:00,0.0
tree,1w,valid,quarter,2024-09-30 00:00:00+00:00,-0.07157288813937124
tree,1w,valid,quarter,2024-12-31 00:00:00+00:00,0.0634128607850597
tree,1w,valid,quarter,2025-03-31 00:00:00+00:00,-0.12330297327432893
tree,1w,valid,year,2023-12-31 00:00:00+00:00,0.0
tree,1w,valid,year,2024-12-31 00:00:00+00:00,0.05634486821994966
tree,1w,valid,year,2025-12-31 00:00:00+00:00,-0.12330297327432893
tree,1w,test,month,2025-03-31 00:00:00+00:00,0.0
tree,1w,test,month,2025-04-30 00:00:00+00:00,0.02437680050019031
tree,1w,test,month,2025-05-31 00:00:00+00:00,0.0
tree,1w,test,month,2025-06-30 00:00:00+00:00,-0.06775794358100973
tree,1w,test,month,2025-07-31 00:00:00+00:00,-0.01613855973057665
tree,1w,test,month,2025-08-31 00:00:00+00:00,0.0
tree,1w,test,month,2025-09-30 00:00:00+00:00,-0.005404943136752993
tree,1w,test,month,2025-10-31 00:00:00+00:00,0.0
tree,1w,test,month,2025-11-30 00:00:00+00:00,0.0
tree,1w,test,month,2025-12-31 00:00:00+00:00,0.0
tree,1w,test,month,2026-01-31 00:00:00+00:00,0.0
tree,1w,test,month,2026-02-28 00:00:00+00:00,0.0
tree,1w,test,month,2026-03-31 00:00:00+00:00,0.0
tree,1w,test,month,2026-04-30 00:00:00+00:00,0.0
tree,1w,test,month,2026-05-31 00:00:00+00:00,0.0
tree,1w,test,month,2026-06-30 00:00:00+00:00,0.0
tree,1w,test,quarter,2025-03-31 00:00:00+00:00,0.0
tree,1w,test,quarter,2025-06-30 00:00:00+00:00,-0.045032864953798435
tree,1w,test,quarter,2025-09-30 00:00:00+00:00,-0.021456274869676828
tree,1w,test,quarter,2025-12-31 00:00:00+00:00,0.0
tree,1w,test,quarter,2026-03-31 00:00:00+00:00,0.0
tree,1w,test,quarter,2026-06-30 00:00:00+00:00,0.0
tree,1w,test,year,2025-12-31 00:00:00+00:00,-0.06552290229485758
tree,1w,test,year,2026-12-31 00:00:00+00:00,0.0
